priority,rid,year,venue,doi,title,current_decision,action
1,R00011,2020,Remote Sensing of Environment,10.1016/j.rse.2020.111946,DeepCropMapping: A multi-temporal deep learning approach with improved spatial generalizability for dynamic corn and soybean mapping,INCLUDE-A,retrieve full text; verify abstract values and complete extraction
1,R00014,2024,Information Processing in Agriculture,10.1016/j.inpa.2024.03.002,Innovative deep learning approach for cross-crop plant disease detection: A generalized method for identifying unhealthy leaves,INCLUDE-A,retrieve full text; verify abstract values and complete extraction
1,R00022,2022,Remote Sensing,10.3390/rs14061493,Spatial Transferability of Random Forest Models for Crop Type Classification Using Sentinel-1 and Sentinel-2,FIG,obtain the PDF and digitise the ID/OOD values shown only in figures (or tables not in the retrieved text)
1,R00049,2024,ISPRS Open Journal of Photogrammetry and Remote Sensing,10.1016/j.ophoto.2024.100064,Improving spatial transferability of deep learning models for small-field crop yield prediction,INCLUDE-A,retrieve full text; verify abstract values and complete extraction
1,R00061,2024,Remote Sensing,10.3390/rs16040683,"Corn Grain Yield Prediction Using UAV-Based High Spatiotemporal Resolution Imagery, Machine Learning, and Spatial Cross-Validation",FIG,obtain the PDF and digitise the ID/OOD values shown only in figures (or tables not in the retrieved text)
1,R00088,2024,ISPRS Journal of Photogrammetry and Remote Sensing,10.1016/j.isprsjprs.2024.05.020,Evaluating the spatial–temporal transferability of models for agricultural land cover mapping using Landsat archive,INCLUDE-A,retrieve full text; verify abstract values and complete extraction
1,R00095,2021,Remote Sensing of Environment,10.1016/j.rse.2021.112488,Two shifts for crop mapping: Leveraging aggregate crop statistics to improve satellite-based maps in new regions,FIG,obtain the PDF and digitise the ID/OOD values shown only in figures (or tables not in the retrieved text)
1,R00149,2022,Remote Sensing,10.3390/rs14184639,Unsupervised Domain Adaptation with Adversarial Self-Training for Crop Classification Using Remote Sensing Images,FIG,obtain the PDF and digitise the ID/OOD values shown only in figures (or tables not in the retrieved text)
1,R00157,2022,IEEE Geoscience and Remote Sensing Letters,10.1109/lgrs.2022.3211444,A Bayesian Domain Adversarial Neural Network for Corn Yield Prediction,FIG,obtain the PDF and digitise the ID/OOD values shown only in figures (or tables not in the retrieved text)
1,R00168,2021,IEEE Geoscience and Remote Sensing Letters,10.1109/lgrs.2021.3085139,"Contrasting YOLOv5, Transformer, and EfficientDet Detectors for Crop Circle Detection in Desert",FIG,obtain the PDF and digitise the ID/OOD values shown only in figures (or tables not in the retrieved text)
1,R00172,2021,Agricultural and Forest Meteorology,10.1016/j.agrformet.2020.108317,"Modelling wheat yield with antecedent information, satellite and climate data using machine learning methods in Mexico",INCLUDE-A,retrieve full text; verify abstract values and complete extraction
1,R00201,2023,Remote Sensing,10.3390/rs15164071,Mapping Irrigated Croplands from Sentinel-2 Images Using Deep Convolutional Neural Networks,FIG,obtain the PDF and digitise the ID/OOD values shown only in figures (or tables not in the retrieved text)
1,R00211,2023,IEEE Transactions on Geoscience and Remote Sensing,10.1109/tgrs.2023.3247343,Multisource Maximum Predictor Discrepancy for Unsupervised Domain Adaptation on Corn Yield Prediction,FIG,obtain the PDF and digitise the ID/OOD values shown only in figures (or tables not in the retrieved text)
1,R00274,2024,GIScience & Remote Sensing,10.1080/15481603.2024.2395700,A new transferable deep learning approach for crop mapping,FIG,obtain the PDF and digitise the ID/OOD values shown only in figures (or tables not in the retrieved text)
1,R00321,2024,Remote Sensing,10.3390/rs16234548,Machine Learning-Based Summer Crops Mapping Using Sentinel-1 and Sentinel-2 Images,FIG,obtain the PDF and digitise the ID/OOD values shown only in figures (or tables not in the retrieved text)
1,R00376,2025,Plants,10.3390/plants14213265,Cross-Crop Transferability of Machine Learning Models for Early Stem Rust Detection in Wheat and Barley Using Hyperspectral Imaging,FIG,obtain the PDF and digitise the ID/OOD values shown only in figures (or tables not in the retrieved text)
1,R00380,2025,International Journal of Digital Earth,10.1080/17538947.2025.2563211,Investigation of the spatio-temporal transferability of large-scale random forest crop classification models and potential influencing factors,FIG,obtain the PDF and digitise the ID/OOD values shown only in figures (or tables not in the retrieved text)
1,R00396,2025,Science of Remote Sensing,10.1016/j.srs.2025.100227,A novel fusion of Sentinel-1 and Sentinel-2 with climate data for crop phenology estimation using Machine Learning,FIG,obtain the PDF and digitise the ID/OOD values shown only in figures (or tables not in the retrieved text)
1,R00427,2023,Remote Sensing,10.3390/rs15174156,A Lightweight Winter Wheat Planting Area Extraction Model Based on Improved DeepLabv3+ and CBAM,FIG,obtain the PDF and digitise the ID/OOD values shown only in figures (or tables not in the retrieved text)
1,R00437,2023,IEEE Journal of Selected Topics in Applied Earth Observations and Remote Sensing,10.1109/jstars.2023.3316304,Artificial Intelligence Algorithms for Rapeseed Fields Mapping Using Sentinel-1 Time Series: Temporal Transfer Scenario and Ground Sampling Constraints,FIG,obtain the PDF and digitise the ID/OOD values shown only in figures (or tables not in the retrieved text)
1,R00439,2024,International Journal of Applied Earth Observation and Geoinformation,10.1016/j.jag.2024.103718,Interseasonal transfer learning for crop mapping using Sentinel-1 data,INCLUDE-A,retrieve full text; verify abstract values and complete extraction
1,R00487,2019,"The international archives of the photogrammetry, remote sensing and spatial information sciences/International archives of the photogrammetry, remote sensing and spatial information sciences",10.5194/isprs-archives-xlii-3-w6-585-2019,ASSESSING THE TRANSFERABILITY OF MACHINE LEARNING ALGORITHMS USING CLOUD COMPUTING AND EARTH OBSERVATION DATASETS FOR AGRICULTURAL LAND USE/COVER MAPPING,FIG,obtain the PDF and digitise the ID/OOD values shown only in figures (or tables not in the retrieved text)
1,R00492,2025,Remote Sensing,10.3390/rs17132190,On the Minimum Dataset Requirements for Fine-Tuning an Object Detector for Arable Crop Plant Counting: A Case Study on Maize Seedlings,FIG,obtain the PDF and digitise the ID/OOD values shown only in figures (or tables not in the retrieved text)
1,R00529,2023,Precision Agriculture,10.1007/s11119-022-09986-0,Detection of soil-borne wheat mosaic virus using hyperspectral imaging: from lab to field scans and from hyperspectral to multispectral data,INCLUDE-A,retrieve full text; verify abstract values and complete extraction
1,R00534,2025,IEEE Journal of Selected Topics in Applied Earth Observations and Remote Sensing,10.1109/jstars.2025.3604524,USTAnet: A Neural Network for Enhanced Resolution Generalization in Kilometer-Level Rice Yield Prediction,INCLUDE-A,retrieve full text; verify abstract values and complete extraction
1,R00570,2023,Remote Sensing,10.3390/rs15092443,Inter-Continental Transfer of Pre-Trained Deep Learning Rice Mapping Model and Its Generalization Ability,FIG,obtain the PDF and digitise the ID/OOD values shown only in figures (or tables not in the retrieved text)
1,R00574,2021,Remote Sensing,10.3390/rs13091769,A Scalable Machine Learning Pipeline for Paddy Rice Classification Using Multi-Temporal Sentinel Data,FIG,obtain the PDF and digitise the ID/OOD values shown only in figures (or tables not in the retrieved text)
1,R00581,2023,Journal of Integrative Agriculture,10.1016/j.jia.2023.05.032,A hybrid CNN-LSTM model for diagnosing rice nutrient levels at the rice panicle initiation stage,INCLUDE-A,retrieve full text; verify abstract values and complete extraction
1,R00582,2024,International Journal of Applied Earth Observation and Geoinformation,10.1016/j.jag.2024.103826,Mapping tobacco planting areas in smallholder farmlands using Phenological-Spatial-Temporal LSTM from time-series Sentinel-1 SAR images,INCLUDE-A,retrieve full text; verify abstract values and complete extraction
1,R00595,2022,International Journal of Digital Earth,10.1080/17538947.2022.2036832,Crop classification based on the spectrotemporal signature derived from vegetation indices and accumulated temperature,INCLUDE-A,retrieve full text; verify abstract values and complete extraction
1,R00605,2026,Scientific Reports,10.1038/s41598-026-44550-0,MaizeFormerX: a lightweight vision transformer with cross-scale attention for explainable maize leaf disease diagnosis,INCLUDE-A,retrieve full text; verify abstract values and complete extraction
1,R00643,2025,,10.22541/au.175100405.52153616/v1,Generalizability of machine learning models for plant traits using hyperspectral reflectance data: The case of maize,FIG,obtain the PDF and digitise the ID/OOD values shown only in figures (or tables not in the retrieved text)
1,R00747,2024,IEEE Journal of Selected Topics in Applied Earth Observations and Remote Sensing,10.1109/jstars.2024.3392448,GCFC: Graph Convolutional Fusion CNN Network for Cross-Domain Zero-Shot Extraction of Winter Wheat Map,INCLUDE-A,retrieve full text; verify abstract values and complete extraction
1,R00768,2024,Remote Sensing,10.3390/rs16244620,Field-Level Classification of Winter Catch Crops Using Sentinel-2 Time Series: Model Comparison and Transferability,FIG,obtain the PDF and digitise the ID/OOD values shown only in figures (or tables not in the retrieved text)
1,R00815,2024,Computers and Electronics in Agriculture,10.1016/j.compag.2024.108748,Monitoring of key Camellia Oleifera phenology features using field cameras and deep learning,INCLUDE-A,retrieve full text; verify abstract values and complete extraction
1,R00835,2023,Sensors,10.3390/s23157008,Crop Mapping Based on Sentinel-2 Images Using Semantic Segmentation Model of Attention Mechanism,FIG,obtain the PDF and digitise the ID/OOD values shown only in figures (or tables not in the retrieved text)
1,R00866,2025,Frontiers in Plant Science,10.3389/fpls.2025.1725017,Advanced hyperspectral image processing and machine learning approaches for early detection of wheat stem rust,FIG,obtain the PDF and digitise the ID/OOD values shown only in figures (or tables not in the retrieved text)
1,R00875,2022,Remote Sensing,10.3390/rs14163968,Exploring Transferable Techniques to Retrieve Crop Biophysical and Biochemical Variables Using Sentinel-2 Data,FIG,obtain the PDF and digitise the ID/OOD values shown only in figures (or tables not in the retrieved text)
1,R01048,2025,Ecotoxicology and Environmental Safety,10.1016/j.ecoenv.2025.118176,Assessing the ecotoxicological risk of nicosulfuron on maize using multi-source phenotype data and hyperspectral imaging,INCLUDE-A,retrieve full text; verify abstract values and complete extraction
1,R01166,2025,Smart Agricultural Technology,10.1016/j.atech.2025.101011,Enhancing rice phenology identification by synergistic learning canopy optical signals and plant height dynamics,INCLUDE-A,retrieve full text; verify abstract values and complete extraction
1,R01247,2026,Remote Sensing,10.3390/rs18020365,TABS-Net: A Temporal Spectral Attentive Block with Space–Time Fusion Network for Robust Cross-Year Crop Mapping,FIG,obtain the PDF and digitise the ID/OOD values shown only in figures (or tables not in the retrieved text)
1,R01298,2026,Remote Sensing,10.3390/rs18071065,Evaluating the Performance of AlphaEarth Foundation Embeddings for Irrigated Cropland Mapping Across Regions and Years,FIG,obtain the PDF and digitise the ID/OOD values shown only in figures (or tables not in the retrieved text)
1,R01309,2018,Remote Sensing of Environment,10.1016/j.rse.2018.06.017,Generalized space-time classifiers for monitoring sugarcane areas in Brazil,INCLUDE-A,retrieve full text; verify abstract values and complete extraction
1,R01316,2026,Smart Agricultural Technology,10.1016/j.atech.2026.101936,"Machine learning approaches for wheat yield prediction integrating biophysical modeling and remote sensing: Effects of sample size, dimensionality, and transferability",FIG,obtain the PDF and digitise the ID/OOD values shown only in figures (or tables not in the retrieved text)
1,R01331,2026,bioRxiv (Cold Spring Harbor Laboratory),10.64898/2026.06.03.729887,Aerial imagery and deep learning accurately estimate maize foliar disease severity,FIG,obtain the PDF and digitise the ID/OOD values shown only in figures (or tables not in the retrieved text)
1,R01481,2024,Remote Sensing,10.3390/rs16214081,Exploring the Use of High-Resolution Satellite Images to Estimate Corn Silage Yield Within Field,FIG,obtain the PDF and digitise the ID/OOD values shown only in figures (or tables not in the retrieved text)
1,R01498,2025,Computers and Electronics in Agriculture,10.1016/j.compag.2025.110865,Non-invasive diagnosis of nutrient deficiencies in winter wheat and winter rye using UAV-based RGB images,INCLUDE-A,retrieve full text; verify abstract values and complete extraction
1,R01611,2023,International Journal of Applied Earth Observation and Geoinformation,10.1016/j.jag.2023.103636,In-season forecasting of within-field grain yield from Sentinel-2 time series data,INCLUDE-A,retrieve full text; verify abstract values and complete extraction
1,R01663,2025,Agriculture,10.3390/agriculture15151638,Estimation of Potato Growth Parameters Under Limited Field Data Availability by Integrating Few-Shot Learning and Multi-Task Learning,FIG,obtain the PDF and digitise the ID/OOD values shown only in figures (or tables not in the retrieved text)
1,R01752,2026,Frontiers in Plant Science,10.3389/fpls.2025.1720819,Transfer learning for improving generalizability in predicting soybean maturity date using UAV imagery,FIG,obtain the PDF and digitise the ID/OOD values shown only in figures (or tables not in the retrieved text)
1,R01791,2026,Smart Agricultural Technology,10.1016/j.atech.2026.101845,Attention-based pretrained deep learning framework for nutrient deficiency diagnosis in oilseed rape using UAV multispectral imagery,INCLUDE-A,retrieve full text; verify abstract values and complete extraction
1,R01829,2026,Geodetski vestnik,10.15292/geodetski-vestnik.2026.02.268-288,Spatial Transfer Learning for Cross-Regional Crop Mapping,FIG,obtain the PDF and digitise the ID/OOD values shown only in figures (or tables not in the retrieved text)
1,R01843,2023,Computer Science and Technology,10.57237/j.cst.2023.04.006,Semi-supervised Pseudo Label Learning-based Wheat Head Detection,FIG,obtain the PDF and digitise the ID/OOD values shown only in figures (or tables not in the retrieved text)
1,R01867,2026,Science of Remote Sensing,10.1016/j.srs.2026.100364,Rule-based training sample generation using Sentinel-2 GCVI time series for winter wheat mapping,INCLUDE-A,retrieve full text; verify abstract values and complete extraction
1,R02043,2026,arXiv (Cornell University),10.48550/arxiv.2609.17138,"From Foundation Embeddings to Cropland Maps: Label Efficiency, Temporal Transferability and Independent Human Validation",FIG,obtain the PDF and digitise the ID/OOD values shown only in figures (or tables not in the retrieved text)
1,R02138,2020,System Analysis in Science and Education,10.37005/2071-9612-2020-2-59-69,Using deep domain adaptation for image-based plant disease detection,FIG,obtain the PDF and digitise the ID/OOD values shown only in figures (or tables not in the retrieved text)
1,R02151,2026,SSRN Electronic Journal,10.2139/ssrn.6335058,A High-Performance Hybrid Multi-Scale Vision Transformer for Robust In-Field Plant Disease Detection,INCLUDE-A,retrieve full text; verify abstract values and complete extraction
1,R02189,2026,IEEE Journal of Selected Topics in Signal Processing,10.1109/jstsp.2026.3695806,MoCE-ViT: Momentum-Contrastive Enhanced Vision Transformer for UAV-Based Crop Health Classification,INCLUDE-A,retrieve full text; verify abstract values and complete extraction
1,R02194,2026,Zenodo (CERN European Organization for Nuclear Research),10.5281/zenodo.21512986,AgroVision: Bridging Laboratory and Field Data for Enhanced Plant Disease Recognition,FIG,obtain the PDF and digitise the ID/OOD values shown only in figures (or tables not in the retrieved text)
1,R02215,2026,Smart Agricultural Technology,10.1016/j.atech.2026.102512,Toward generalizable crop-weed detection with vision-language models,INCLUDE-A,retrieve full text; verify abstract values and complete extraction
1,R02340,2026,Journal of Applied Science and Technology Trends,10.38094/jastt71614,Noise-Resilient Hybrid EfficientNet–Vision Transformer Framework with Adaptive Symmetric Cross-Entropy Loss for Robust Plant Disease Detection,INCLUDE-A,retrieve full text; verify abstract values and complete extraction
1,R02374,2026,Cogent Food & Agriculture,10.1080/23311932.2026.2712685,A robust and interpretable deep learning framework for crop health assessment using hybrid CNN feature stacking,INCLUDE-A,retrieve full text; verify abstract values and complete extraction
1,R02382,2026,Pesquisa Agropecuária Tropical,10.1590/1983-40632026v5684508,Machine learning for unmanned aerial vehicles-based soybean phenotyping: limits of cross-environment transfer and opportunities to reduce field measurements1,FIG,obtain the PDF and digitise the ID/OOD values shown only in figures (or tables not in the retrieved text)
1,R02442,2026,IEEE Journal of Selected Topics in Applied Earth Observations and Remote Sensing,10.1109/jstars.2026.3704675,Weak-to-Gold Label Training of Spatio-Temporal Deep Learning Models for Cross-Region Coffee and Forest Segmentation,FIG,obtain the PDF and digitise the ID/OOD values shown only in figures (or tables not in the retrieved text)
1,R02488,2026,Scientific Reports,10.1038/s41598-026-56162-9,A multi-scale supervised contrastive framework for cross-domain soybean disease classification using leaf and UAV imagery,INCLUDE-A,retrieve full text; verify abstract values and complete extraction
1,R02496,2026,Zenodo (CERN European Organization for Nuclear Research),10.5281/zenodo.20759768,MobileNetV2-Based Transfer Learning for Real- Time Plant Disease Detection: A Lightweight Deep Learning Approach Using the PlantVillage Dataset,INCLUDE-A,retrieve full text; verify abstract values and complete extraction
1,R02657,2026,DOAJ (DOAJ: Directory of Open Access Journals),10.12133/j.smartag.sa202508029,"Machine Learning Reveals the Driving Effects of Soil Nutrients on Maize Yield Formation: A Case Study of Yunnan, China",INCLUDE-A,retrieve full text; verify abstract values and complete extraction
1,R02707,2026,bit-Tech,10.32877/bt.v8i3.3753,EfficientNetB4–Vision Transformer Fusion for Chili Leaf Disease Classification Using Multi-Source Datasets,INCLUDE-A,retrieve full text; verify abstract values and complete extraction
1,R02818,2026,Applied Sciences,10.3390/app16073598,Spectral Phenological Typologies for Improving Cross-Dataset in Mediterranean Winter Cereals,INCLUDE-A,retrieve full text; verify abstract values and complete extraction
1,R02830,2026,Computers and Electronics in Agriculture,10.1016/j.compag.2026.112268,WMA-YieldNet: A weather-modulated attention network for cross-year winter wheat yield prediction using multi-stage hyperspectral data,INCLUDE-A,retrieve full text; verify abstract values and complete extraction
1,R02950,2026,Remote Sensing,10.3390/rs18183137,Interpretable Multi-Year Winter Wheat Mapping with Sentinel-1/2 Time Series: SHAP-Based Feature Selection and Bayesian-Optimized Machine Learning,INCLUDE-A,retrieve full text; verify abstract values and complete extraction
1,R03010,2026,Remote Sensing,10.3390/rs18070980,Interpretable Cotton Mapping Across Phenological Stages: Receptive-Field Enhancement and Cross-Domain Stability,INCLUDE-A,retrieve full text; verify abstract values and complete extraction
1,R03125,2025,DOAJ (DOAJ: Directory of Open Access Journals),10.12133/j.smartag.sa202508025,Construction and Evaluation of Lightweight and Interpretable Soybean Remote Sensing Identification Model,INCLUDE-A,retrieve full text; verify abstract values and complete extraction
1,R03177,2026,IEEE Transactions on AgriFood Electronics,10.1109/tafe.2026.3667568,DDAN-RGAL: A Dual-Domain Adaptive Network With Reality-Gap Aware Learning for Field-Deployable Plant Disease Detection,INCLUDE-A,retrieve full text; verify abstract values and complete extraction
1,R03417,2026,International Journal of Applied Earth Observation and Geoinformation,10.1016/j.jag.2026.105495,Fusing very high-resolution aerial imagery with Sentinel-1 and Sentinel-2 time series improves multi-year orchard type classification,INCLUDE-A,retrieve full text; verify abstract values and complete extraction
1,R03470,2026,DOAJ (DOAJ: Directory of Open Access Journals),10.12133/j.smartag.sa202601026,Estimation of Winter Wheat Chlorophyll Content Based on Hyperspectral Remote Sensing and Cross-Regional Transfer Learning,INCLUDE-A,retrieve full text; verify abstract values and complete extraction
1,R03478,2026,Forests,10.3390/f17091022,"Peach Orchard Identification Using Multi-Temporal Sentinel-2 NIR–SWIR Features: A Case Study of Ganyu District, Lianyungang, China",INCLUDE-A,retrieve full text; verify abstract values and complete extraction
1,R03493,2026,Plants,10.3390/plants15192998,Retrieval of Soybean SPAD at Different Vertical Canopy Scales Based on Fractional-Order Derivatives and Spectral Indices,INCLUDE-A,retrieve full text; verify abstract values and complete extraction
1,R03620,2026,Remote Sensing,10.3390/rs18172961,Geometry-Guided Semi-Supervised Multimodal Segmentation for UAV-Based Rice-Lodging Mapping,INCLUDE-A,retrieve full text; verify abstract values and complete extraction
1,R03649,2026,Journal of Integrative Agriculture,10.1016/j.jia.2026.05.005,Growth curve parameters of AGB estimated from multi-source remote sensing data enhance wheat yield prediction accuracy,INCLUDE-A,retrieve full text; verify abstract values and complete extraction
1,R03937,2026,The Plant Phenome Journal,10.1002/ppj2.70109,Determination of dry bean physiological maturity from UAS RGB time series using a stacking ensemble of color‐derived spectral features,INCLUDE-A,retrieve full text; verify abstract values and complete extraction
1,R04471,2025,Agronomy,10.3390/agronomy15061438,Silage Maize Identification Using a Temporal Difference-Based Model with Sentinel-2 Data: Insights from a Harvest-Based and Temporally Transferable Approach,INCLUDE-A,retrieve full text; verify abstract values and complete extraction
1,R04681,2023,ECRS 2023,10.48550/arxiv.2310.01825,Empirical Study of PEFT techniques for Winter Wheat Segmentation,FIG,obtain the PDF and digitise the ID/OOD values shown only in figures (or tables not in the retrieved text)
1,R04716,2025,2025 Fourth International Conference on Smart Technologies and Systems for Next Generation Computing (ICSTSN),10.1109/icstsn67075.2025.11397875,Domain-Adversarial Neural Networks Based Cross-Domain Paddy Disease Classification: A Deep Learning Approach with Entropy Minimization,INCLUDE-A,retrieve full text; verify abstract values and complete extraction
1,R04738,2024,2024 7th International Conference of Computer and Informatics Engineering (IC2IE),10.1109/ic2ie63342.2024.10747994,Enhancing Domain Generalization in Crop and Weed Segmentation via Entropy Minimization,INCLUDE-A,retrieve full text; verify abstract values and complete extraction
1,R04864,2026,2026 IEEE/CVF Winter Conference on Applications of Computer Vision Workshops (WACVW),10.1109/wacvw68408.2026.00094,Foundation Models for Phenotyping Segmentation of Wheat Stripe Rust Resistance from UAV Hyperspectral Images,INCLUDE-A,retrieve full text; verify abstract values and complete extraction
1,R04887,2026,Agriculture,10.3390/agriculture16070782,Beyond Vegetation Indices: Winter Solar Radiation and Soil Properties Drive Wheat Yield Prediction in the Arid Steppes of Kazakhstan Using Gradient Boosting,INCLUDE-A,retrieve full text; verify abstract values and complete extraction
1,R05129,2026,International Conference on Agro-Geoinformatics,10.1109/agro-geoinformatics70621.2026.11667495,DeepCotton Mapper: An Online Cotton Mapping Framework on Google Earth Engine Using Multi-Index Pseudo-Labels and Lightweight Deep Learning,INCLUDE-A,retrieve full text; verify abstract values and complete extraction
1,R05177,2026,Information Processing in Agriculture,10.1016/j.inpa.2026.08.007,Reproducible reliability benchmarking for crop–weed visual perception under dataset shift,INCLUDE-A,retrieve full text; verify abstract values and complete extraction
1,R05384,2025,,,Mitigating Domain Drift in Multi Species Segmentation with DINOv2: A Cross-Domain Evaluation in Herbicide Research Trials,INCLUDE-A,retrieve full text; verify abstract values and complete extraction
1,R05449,2025,Frontiers in Plant Science,10.3389/fpls.2025.1706973,VitiForge: a new procedural pipeline approach for grapevine disease identification under data scarcity,FIG,obtain the PDF and digitise the ID/OOD values shown only in figures (or tables not in the retrieved text)
1,R05741,2026,"2026 International Conference on Power, Electronics, Communications, Computing, and Intelligent Infrastructure (PECCII)",10.1109/peccii70991.2026.11661839,Temporal Robustness of Thermal-Based Capsicum Detection in Greenhouse Using Random and Time-Aware Data Partitioning,INCLUDE-A,retrieve full text; verify abstract values and complete extraction
1,R05746,2024,Agriculture,10.3390/agriculture14030476,Estimation of Peanut Southern Blight Severity in Hyperspectral Data Using the Synthetic Minority Oversampling Technique and Fractional-Order Differentiation,INCLUDE-A,retrieve full text; verify abstract values and complete extraction
1,R05809,2024,AgriEngineering,10.3390/agriengineering6020106,"Interoperability Analysis of Tomato Fruit Detection Models for Images Taken at Different Facilities, Cultivation Methods, and Times of the Day",INCLUDE-A,retrieve full text; verify abstract values and complete extraction
1,R05853,2026,2026 IEEE 6th International Conference on Smart Information Systems and Technologies (SIST),10.1109/sist61674.2026.11596121,Domain Adaptation Techniques for Plant Disease Classification: Bridging the Gap between Laboratory and Field Conditions,INCLUDE-A,retrieve full text; verify abstract values and complete extraction
1,R05957,2025,2025 7th International Conference on Applied Computational Intelligence in Information Systems (ACIIS),10.1109/aciis66255.2025.11402958,Class-Specific Cross Attention for Fine Grained Paddy Disease Classification,INCLUDE-A,retrieve full text; verify abstract values and complete extraction
1,R06109,2026,International Conference on Information Security and Cryptology,10.1109/icisc69558.2026.11681323,A Season-Aware Feature Extraction and Hybrid Deep Architecture for Multi-Season Bean Leaf Disease Detection,INCLUDE-A,retrieve full text; verify abstract values and complete extraction
1,R06278,2026,International Conference on Machine Vision,10.1117/12.3096309,Real-time feature recognition of cantaloupe flowers and buds in greenhouse based on deep learning for pollination robot,INCLUDE-A,retrieve full text; verify abstract values and complete extraction
1,R06289,2026,2026 International Conference on Trends in Quantum Computing and Emerging Business Technologies (TQCEBT),10.1109/tqcebt67648.2026.11681930,Bridging the Domain Gap: Advanced Data Augmentation and Domain Adaptation for Robust Plant Disease Detection in Field Conditions,INCLUDE-A,retrieve full text; verify abstract values and complete extraction
1,R06635,2026,"2026 International Conference on Electrical, Control and Information Technology (ECITech)",10.1109/ecitech69277.2026.11601587,Dynamic Perturbation Cross-Domain Segmentation Network for Rice False Smut Using UAV imagery,INCLUDE-A,retrieve full text; verify abstract values and complete extraction
1,R06920,2025,2025 IEEE International Conference on Computing (ICOCO),10.1109/icoco67189.2025.11334147,Vision Transformer with Explainable AI for Cross-Regional Rice Leaf Disease Detection: A Comparative Study with CNNs,INCLUDE-A,retrieve full text; verify abstract values and complete extraction
1,R07131,2026,Zenodo (CERN European Organization for Nuclear Research),10.5281/zenodo.21866610,Interaction of INT8 Post-Training Quantization and Lab-to-Field Domain Shift in Edge Crop-Disease Classification,INCLUDE-A,retrieve full text; verify abstract values and complete extraction
1,R07172,2026,ISPRS Journal of Photogrammetry and Remote Sensing,10.1016/j.isprsjprs.2026.08.029,SAF-CropNet: Spatially adaptive fusion of SAR and optical imagery for semantic segmentation in operational cropland mapping across regions,INCLUDE-A,retrieve full text; verify abstract values and complete extraction
1,R07372,2026,Smart Agricultural Technology,10.1016/j.atech.2026.102535,Continual learning model evaluation for hyperspectral-based tomato bacterial spot detection in greenhouse,INCLUDE-A,retrieve full text; verify abstract values and complete extraction
1,R07395,2026,International journal of intelligent engineering and systems,10.22266/ijies2026.0831.70,Efficient Maize Leaf Disease Classification via EfficientNetV2-S and Attention-augmented BiLSTM with Pareto-optimal Binary Aquila Optimizer Feature Selection and Kernel Extreme Learning Machine,INCLUDE-A,retrieve full text; verify abstract values and complete extraction
1,R07405,2026,Artificial Intelligence in Agriculture,10.1016/j.aiia.2026.07.011,Real-time onboard rice lodging direction regression on combine harvesters via physics-prior-guided vision mamba,INCLUDE-A,retrieve full text; verify abstract values and complete extraction
1,sentinel,,,,Ferentinos 2018: Deep learning models for plant disease detection and diagnosis (Computers and Electronics in Agriculture),not in search results,"sentinel missed by the search; locate, screen and extract (other methods)"
1,sentinel,,,,David et al. 2020/2021: Global Wheat Head Detection (GWHD) dataset papers,not in search results,"sentinel missed by the search; locate, screen and extract (other methods)"
1,sentinel,,,,Bosilj et al. 2020: Transfer learning between crop types for semantic segmentation of crops versus weeds,not in search results,"sentinel missed by the search; locate, screen and extract (other methods)"
2,R00001,2018,Computers and Electronics in Agriculture,10.1016/j.compag.2018.04.002,Deep convolutional neural networks for mobile capture device-based crop disease classification in the wild,EXCLUDE/E4,retrieve full text; abstract reports results but not paired ID/OOD values for one model
2,R00008,2019,Remote Sensing of Environment,10.1016/j.rse.2018.12.026,Crop type mapping without field-level labels: Random forest transfer and unsupervised clustering techniques,EXCLUDE/E4,retrieve full text; abstract reports results but not paired ID/OOD values for one model
2,R00010,2020,Remote Sensing of Environment,10.1016/j.rse.2020.111912,A generalized approach based on convolutional neural networks for large area cropland mapping at very high resolution,EXCLUDE/E4,retrieve full text; abstract reports results but not paired ID/OOD values for one model
2,R00026,2021,Remote Sensing of Environment,10.1016/j.rse.2021.112831,"Mapping of crop types and crop sequences with combined time series of Sentinel-1, Sentinel-2 and Landsat 8 data for Germany",EXCLUDE/E4,retrieve full text; abstract reports results but not paired ID/OOD values for one model
2,R00035,2022,ISPRS Journal of Photogrammetry and Remote Sensing,10.1016/j.isprsjprs.2022.12.005,In-season and dynamic crop mapping using 3D convolution neural networks and sentinel-2 time series,EXCLUDE/E4,retrieve full text; abstract reports results but not paired ID/OOD values for one model
2,R00038,2020,The Science of The Total Environment,10.1016/j.scitotenv.2020.138869,Transfer Learning for Crop classification with Cropland Data Layer data (CDL) as training samples,EXCLUDE/E4,retrieve full text; abstract reports results but not paired ID/OOD values for one model
2,R00080,2024,International Journal of Applied Earth Observation and Geoinformation,10.1016/j.jag.2024.104084,A refined edge-aware convolutional neural networks for agricultural parcel delineation,EXCLUDE/E4,retrieve full text; abstract reports results but not paired ID/OOD values for one model
2,R00102,2021,Horticulture Research,10.1038/s41438-021-00553-8,Easy domain adaptation method for filling the species gap in deep learning-based fruit detection,EXCLUDE/E4,retrieve full text; abstract reports results but not paired ID/OOD values for one model
2,R00104,2021,International Journal of Applied Earth Observation and Geoinformation,10.1016/j.jag.2021.102451,Transferable deep learning model based on the phenological matching principle for mapping crop extent,EXCLUDE/E4,retrieve full text; abstract reports results but not paired ID/OOD values for one model
2,R00106,2023,Field Crops Research,10.1016/j.fcr.2023.108824,Pixel-based yield mapping and prediction from Sentinel-2 using spectral indices and neural networks,EXCLUDE/E4,retrieve full text; abstract reports results but not paired ID/OOD values for one model
2,R00160,2024,Ecological Informatics,10.1016/j.ecoinf.2024.102546,Weed database development: An updated survey of public weed datasets and cross-season weed detection adaptation,EXCLUDE/E4,retrieve full text; abstract reports results but not paired ID/OOD values for one model
2,R00229,2023,Computers and Electronics in Agriculture,10.1016/j.compag.2023.107927,Training sample selection for robust multi-year within-season crop classification using machine learning,EXCLUDE/E4,retrieve full text; abstract reports results but not paired ID/OOD values for one model
2,R00254,2022,Science of Remote Sensing,10.1016/j.srs.2022.100059,Phenological normalization can improve in-season classification of maize and soybean: A case study in the central US Corn Belt,EXCLUDE/E4,retrieve full text; abstract reports results but not paired ID/OOD values for one model
2,R00315,2025,Computers and Electronics in Agriculture,10.1016/j.compag.2025.110058,Enhancing grain moisture prediction in multiple crop seasons using domain adaptation AI,EXCLUDE/E4,retrieve full text; abstract reports results but not paired ID/OOD values for one model
2,R00406,2022,Agricultural and Forest Meteorology,10.1016/j.agrformet.2022.109186,"Annual 30 m soybean yield mapping in Brazil using long-term satellite observations, climate data and machine learning",EXCLUDE/E4,retrieve full text; abstract reports results but not paired ID/OOD values for one model
2,R00445,2024,Journal of Hazardous Materials,10.1016/j.jhazmat.2024.134723,Early detection of nicosulfuron toxicity and physiological prediction in maize using multi-branch deep learning models and hyperspectral imaging,EXCLUDE/E4,retrieve full text; abstract reports results but not paired ID/OOD values for one model
2,R00548,2026,Agricultural Water Management,10.1016/j.agwat.2026.110254,Predictive drivers and transferability of multi-scale machine learning based crop yield prediction under drought across European and Asian climates,EXCLUDE/E4,retrieve full text; abstract reports results but not paired ID/OOD values for one model
2,R00590,2022,Plant Phenomics,10.34133/2022/9761674,"EasyDAM_V2: Efficient Data Labeling Method for Multishape, Cross-Species Fruit Detection",EXCLUDE/E4,retrieve full text; abstract reports results but not paired ID/OOD values for one model
2,R00604,2026,Scientific Reports,10.1038/s41598-026-45464-7,Advancing plant disease classification using an attention-based CNN for intra-dataset and cross- dataset training,EXCLUDE/E4,retrieve full text; abstract reports results but not paired ID/OOD values for one model
2,R00606,2023,International Journal of Digital Earth,10.1080/17538947.2023.2275657,Semantic segmentation for plastic-covered greenhouses and plastic-mulched farmlands from VHR imagery,EXCLUDE/E4,retrieve full text; abstract reports results but not paired ID/OOD values for one model
2,R00613,2026,Remote Sensing of Environment,10.1016/j.rse.2026.115287,Knowledge-guided graph machine learning improves corn yield mapping in the U.S. Midwest,EXCLUDE/E4,retrieve full text; abstract reports results but not paired ID/OOD values for one model
2,R00638,2024,ISPRS Journal of Photogrammetry and Remote Sensing,10.1016/j.isprsjprs.2024.10.015,A robust method for mapping soybean by phenological aligning of Sentinel-2 time series,EXCLUDE/E4,retrieve full text; abstract reports results but not paired ID/OOD values for one model
2,R00654,2023,Journal of Intelligent & Fuzzy Systems,10.3233/jifs-230561,Heterogeneous domain adaptation method for tomato leaf disease classification base on CycleGAN,EXCLUDE/E4,retrieve full text; abstract reports results but not paired ID/OOD values for one model
2,R00661,2025,IEEE Transactions on Geoscience and Remote Sensing,10.1109/tgrs.2025.3643447,A Radiative Transfer-Driven Deep Learning Framework for Accurate Estimation of Rice Growth Parameters Using Multisource UAV Data,EXCLUDE/E4,retrieve full text; abstract reports results but not paired ID/OOD values for one model
2,R00663,2025,IEEE Journal of Selected Topics in Applied Earth Observations and Remote Sensing,10.1109/jstars.2025.3532283,Comprehensive Analysis of a Parcel-Level Crop Mapping (PARCM) Framework From the Perspective of Spatial Heterogeneity and Spatiotemporal Transferability,EXCLUDE/E4,retrieve full text; abstract reports results but not paired ID/OOD values for one model
2,R00749,2023,Journal of Electronic Imaging,10.1117/1.jei.32.3.033014,Assessment of deep learning methods for classification of cereal crop growth stage pre and post canopy closure,EXCLUDE/E4,retrieve full text; abstract reports results but not paired ID/OOD values for one model
2,R00751,2025,Smart Agricultural Technology,10.1016/j.atech.2025.101284,Towards CNN-based classification of crop independent agricultural sub-classes,EXCLUDE/E4,retrieve full text; abstract reports results but not paired ID/OOD values for one model
2,R00755,2026,GIScience & Remote Sensing,10.1080/15481603.2026.2626004,How early and how general: a novel early-stage dynamic corn mapping method with spatiotemporal transferability,EXCLUDE/E4,retrieve full text; abstract reports results but not paired ID/OOD values for one model
2,R00844,2024,Plant Phenomics,10.34133/plantphenomics.0197,Characterization and Identification of NPK Stress in Rice Using Terrestrial Hyperspectral Images,EXCLUDE/E4,retrieve full text; abstract reports results but not paired ID/OOD values for one model
2,R00902,2024,Ecological Indicators,10.1016/j.ecolind.2024.112295,Predicting grain yield of maize using a new multispectral-based canopy volumetric vegetation index,EXCLUDE/E4,retrieve full text; abstract reports results but not paired ID/OOD values for one model
2,R00956,2025,IEEE Transactions on Geoscience and Remote Sensing,10.1109/tgrs.2025.3544434,Enhancing Winter Wheat Yield Estimation With a CNN-Transformer Hybrid Framework Utilizing Multiple Remotely Sensed Parameters,EXCLUDE/E4,retrieve full text; abstract reports results but not paired ID/OOD values for one model
2,R00961,2025,Plant Phenomics,10.1016/j.plaphe.2025.100001,Multi-granularity alignment for crop diseases detection,EXCLUDE/E4,retrieve full text; abstract reports results but not paired ID/OOD values for one model
2,R01093,2025,Smart Agricultural Technology,10.1016/j.atech.2025.101349,WTAD-YOLO: A lightweight tomato leaf disease detection model based on YOLO11,EXCLUDE/E4,retrieve full text; abstract reports results but not paired ID/OOD values for one model
2,R01112,2025,IEEE Access,10.1109/access.2025.3615739,A SAR-Driven Approach for Winter Catch Crop Classification in Germany,EXCLUDE/E4,retrieve full text; abstract reports results but not paired ID/OOD values for one model
2,R01113,2025,International Journal of Applied Earth Observation and Geoinformation,10.1016/j.jag.2025.104673,Synergistic use of multi-sensor satellite data for mapping crop types and land cover dynamics from 2021 to 2023 in Northeast Thailand,EXCLUDE/E4,retrieve full text; abstract reports results but not paired ID/OOD values for one model
2,R01151,2024,IEEE Geoscience and Remote Sensing Letters,10.1109/lgrs.2024.3382871,TasselLFANetV2: Exploring Vision Models Adaptation in Cross-Domain,EXCLUDE/E4,retrieve full text; abstract reports results but not paired ID/OOD values for one model
2,R01153,2025,Field Crops Research,10.1016/j.fcr.2025.110237,A scalable machine learning approach for predicting wheat growth stages with a large national dataset,EXCLUDE/E4,retrieve full text; abstract reports results but not paired ID/OOD values for one model
2,R01189,2025,Scientific Reports,10.1038/s41598-025-32568-9,A lightweight and generalizable deep learning framework for early detection of rice leaf diseases in complex field environments,EXCLUDE/E4,retrieve full text; abstract reports results but not paired ID/OOD values for one model
2,R01308,2025,Science of Remote Sensing,10.1016/j.srs.2024.100188,Large-scale mapping of plastic-mulched land from Sentinel-2 using an index-feature-spatial-attention fused deep learning model,EXCLUDE/E4,retrieve full text; abstract reports results but not paired ID/OOD values for one model
2,R01344,2025,Information Processing in Agriculture,10.1016/j.inpa.2025.11.005,ICIS: Intelligent and Label-Free crop identifying using Multi-Source time series and model transfer,EXCLUDE/E4,retrieve full text; abstract reports results but not paired ID/OOD values for one model
2,R01403,2026,IEEE Access,10.1109/access.2026.3672401,SlimTom-DETR: A Lightweight and Real-Time Tomato Detection Model for Plant Factories With Complex Lighting Conditions,EXCLUDE/E4,retrieve full text; abstract reports results but not paired ID/OOD values for one model
2,R01418,2025,IEEE Transactions on Geoscience and Remote Sensing,10.1109/tgrs.2025.3597921,A Sustainable Learning Framework: UAV-Based Oat Chlorophyll Monitoring Using Radiative Transfer Models and Deep Learning Techniques,EXCLUDE/E4,retrieve full text; abstract reports results but not paired ID/OOD values for one model
2,R01480,2026,Smart Agricultural Technology,10.1016/j.atech.2026.102215,A physics-guided deep learning framework for county-level maize yield estimation in arid irrigated regions,EXCLUDE/E4,retrieve full text; abstract reports results but not paired ID/OOD values for one model
2,R01483,2026,Franklin Open,10.1016/j.fraope.2026.100513,Transfer learning-based comparative study of cnn architectures for automated rice disease detection in Bangladesh,EXCLUDE/E4,retrieve full text; abstract reports results but not paired ID/OOD values for one model
2,R01544,2025,International Journal of Remote Sensing,10.1080/01431161.2025.2527988,Cross-temporal domain generalization approach combined with self-organizing-maps for classifying MODIS time series data,EXCLUDE/E4,retrieve full text; abstract reports results but not paired ID/OOD values for one model
2,R01545,2025,Computers and Electronics in Agriculture,10.1016/j.compag.2025.110658,Estimating sugarcane yield and its components using unoccupied aerial systems (UAS)-based high throughput phenotyping (HTP),EXCLUDE/E4,retrieve full text; abstract reports results but not paired ID/OOD values for one model
2,R01571,2025,Smart Agricultural Technology,10.1016/j.atech.2025.101481,Diagnosis of nitrogen nutrition in winter wheat across years based on multi-source remote sensing data from unmanned aerial vehicles,EXCLUDE/E4,retrieve full text; abstract reports results but not paired ID/OOD values for one model
2,R01637,2025,The Plant Phenome Journal,10.1002/ppj2.70050,Limitations of phenomic prediction for evaluating wheat stem sawfly resistance in wheat breeding programs,EXCLUDE/E4,retrieve full text; abstract reports results but not paired ID/OOD values for one model
2,R01741,2022,European Journal of Remote Sensing,10.1080/22797254.2022.2073916,Phenological piecewise modelling is more conducive than whole-season modelling to winter wheat yield estimation based on remote sensing data,EXCLUDE/E4,retrieve full text; abstract reports results but not paired ID/OOD values for one model
2,R01778,2025,Zenodo (CERN European Organization for Nuclear Research),10.5281/zenodo.18514672,Using Machine Learning For Cross-Crop Nitrogen Deficiency Detection In Crops,EXCLUDE/E4,retrieve full text; abstract reports results but not paired ID/OOD values for one model
2,R01780,2026,Remote Sensing Applications Society and Environment,10.1016/j.rsase.2026.101885,Transferability of spatial and temporal learning models for winter wheat mapping in data-scarce environments: A case study in Armenia,EXCLUDE/E4,retrieve full text; abstract reports results but not paired ID/OOD values for one model
2,R01838,2026,Smart Agricultural Technology,10.1016/j.atech.2026.101999,Multi-scale cotton yield prediction using machine learning and Sentinel-2 imagery,EXCLUDE/E4,retrieve full text; abstract reports results but not paired ID/OOD values for one model
2,R01847,2025,Computers and Electronics in Agriculture,10.1016/j.compag.2025.110632,SenNet: A dual-branch image semantic segmentation network for wheat senescence evaluation and high-yielding variety screening,EXCLUDE/E4,retrieve full text; abstract reports results but not paired ID/OOD values for one model
2,R01860,2023,Journal of Intelligent & Fuzzy Systems,10.3233/jifs-232104,Domain adaptive fruit detection method based on multiple alignments,EXCLUDE/E4,retrieve full text; abstract reports results but not paired ID/OOD values for one model
2,R01878,2026,International Journal of Remote Sensing,10.1080/01431161.2026.2649953,An open-set domain adaptation approach for cross-region crop mapping,EXCLUDE/E4,retrieve full text; abstract reports results but not paired ID/OOD values for one model
2,R01881,2026,Agricultural Water Management,10.1016/j.agwat.2026.110317,Cross-regional estimation of leaf chlorophyll and soil moisture content in drip-irrigated citrus orchards using UAV data and transfer learning,EXCLUDE/E4,retrieve full text; abstract reports results but not paired ID/OOD values for one model
2,R01882,2026,International Journal of Applied Earth Observation and Geoinformation,10.1016/j.jag.2026.105140,The yield strikes back: Enhancing the transferability of field scale wheat and barley yield models by leveraging Sentinel-1/2,EXCLUDE/E4,retrieve full text; abstract reports results but not paired ID/OOD values for one model
2,R01884,2026,GIScience & Remote Sensing,10.1080/15481603.2026.2671603,Improved maize mapping using multi-source data fusion coupled with height-spectral Gaussian mixture modeling,EXCLUDE/E4,retrieve full text; abstract reports results but not paired ID/OOD values for one model
2,R01903,2026,Open Collections,10.14288/1.0452866,Resource-Aware Citrus Crop Mapping from Sentinel-2 Time Series Using a Pixel-Set Encoder Convolutional Neural Network for Sustainable Agricultural Monitoring,EXCLUDE/E4,retrieve full text; abstract reports results but not paired ID/OOD values for one model
2,R01944,2026,The Plant Phenome Journal,10.1002/ppj2.70085,UAV‐based deep transfer learning to improve grain yield prediction in winter wheat across temporal and spatial variability,EXCLUDE/E4,retrieve full text; abstract reports results but not paired ID/OOD values for one model
2,R01997,2026,Scientific Reports,10.1038/s41598-026-55107-6,An uncertainty-aware evaluation framework based on hierarchical vision transformers for robust cross-domain plant leaf disease classification,EXCLUDE/E4,retrieve full text; abstract reports results but not paired ID/OOD values for one model
2,R02007,2026,Artificial Intelligence in Agriculture,10.1016/j.aiia.2026.03.011,Multimodal remote sensing combination for maize LAI estimation: Stacking model development and phenology-specific feature sensitivity analysis,EXCLUDE/E4,retrieve full text; abstract reports results but not paired ID/OOD values for one model
2,R02061,2026,Smart Agricultural Technology,10.1016/j.atech.2026.102154,Portable real-time crop health assessment for diseases and nutrient issues with lightweight neural networks and RGB captures,EXCLUDE/E4,retrieve full text; abstract reports results but not paired ID/OOD values for one model
2,R02166,2026,Scientific Reports,10.1038/s41598-026-59178-3,The smart scythe: AI-powered weed detection in agriculture,EXCLUDE/E4,retrieve full text; abstract reports results but not paired ID/OOD values for one model
2,R02182,2026,IEEE Journal of Selected Topics in Applied Earth Observations and Remote Sensing,10.1109/jstars.2026.3682277,A Phenology-Driven and Spatiotemporally Transferable Framework for Mapping Plastic-Mulched Farmland,EXCLUDE/E4,retrieve full text; abstract reports results but not paired ID/OOD values for one model
2,R02235,2026,IEEE Journal of Selected Topics in Applied Earth Observations and Remote Sensing,10.1109/jstars.2026.3702608,Multiseason Crop Type Mapping in Arid Agricultural Systems Using High-Resolution Planet Imagery,EXCLUDE/E4,retrieve full text; abstract reports results but not paired ID/OOD values for one model
2,R02254,2026,Smart Agricultural Technology,10.1016/j.atech.2026.102510,On generalization and distributional shift in water and iron plant stress classification using bioimpedance spectroscopy,EXCLUDE/E4,retrieve full text; abstract reports results but not paired ID/OOD values for one model
2,R02268,2026,Zenodo (CERN European Organization for Nuclear Research),10.5281/zenodo.22160934,Explainable Deep Learning for Multi-Crop Disease Classification with Grad-CAM-Based Visual Interpretation,EXCLUDE/E4,retrieve full text; abstract reports results but not paired ID/OOD values for one model
2,R02287,2026,IEEE Journal of Selected Topics in Applied Earth Observations and Remote Sensing,10.1109/jstars.2026.3704500,Impact of Interseasonal Climate Variation on Crop Classification With Deep Learning and Sentinel-1 Data in Denmark,EXCLUDE/E4,retrieve full text; abstract reports results but not paired ID/OOD values for one model
2,R02302,2026,Journal of Theoretical and Applied Information Technology,10.5281/zenodo.18259816,TIME-AWARE MACHINE LEARNING WITH MULTI-SOURCE DATA FOR FIELD-SCALE AGRICULTURAL DECISION SUPPORT,EXCLUDE/E4,retrieve full text; abstract reports results but not paired ID/OOD values for one model
2,R02322,2026,Scientific Reports,10.1038/s41598-025-34713-w,An attention enhanced CNN ensemble for interpretable and accurate cotton leaf disease classification,EXCLUDE/E4,retrieve full text; abstract reports results but not paired ID/OOD values for one model
2,R02348,2026,Precision Agriculture,10.1007/s11119-026-10428-4,"Phenology-adaptive machine learning for early mapping of field-scale corn crop yield using fusion of Sentinel-2 satellite spectral imagery, and weather-based accumulated heat units",EXCLUDE/E4,retrieve full text; abstract reports results but not paired ID/OOD values for one model
2,R02353,2026,Information Processing in Agriculture,10.1016/j.inpa.2026.08.002,PestBoost: a novel Bayesian augmented domain neural network for robust strawberry disease detection,EXCLUDE/E4,retrieve full text; abstract reports results but not paired ID/OOD values for one model
2,R02472,2026,Agronomy Journal,10.1002/agj2.70463,High‐resolution satellite imagery and machine learning for predicting yield and nitrogen uptake in potatoes,EXCLUDE/E4,retrieve full text; abstract reports results but not paired ID/OOD values for one model
2,R02479,2025,Smart Agricultural Technology,10.1016/j.atech.2025.101148,The research on enhancing LA estimation accuracy across domains for small sample data based on data augmentation and data transfer integration optimization system,EXCLUDE/E4,retrieve full text; abstract reports results but not paired ID/OOD values for one model
2,R02483,2026,Spectrochimica Acta Part A Molecular and Biomolecular Spectroscopy,10.1016/j.saa.2026.128695,Cross-batch calibration of sugarcane disease classification models based on visible and near-infrared spectroscopy using deep learning-based domain adaptation,EXCLUDE/E4,retrieve full text; abstract reports results but not paired ID/OOD values for one model
2,R02492,2026,Agronomy,10.3390/agronomy16161544,UAV-Based Multi-Label Weed Detection for Site-Specific Weed Management Using a Multi-Scale Convolutional Attention Network,EXCLUDE/E4,retrieve full text; abstract reports results but not paired ID/OOD values for one model
2,R02524,2026,Discover Sustainability,10.1007/s43621-026-03598-8,Integration of environmental variables with deep learning models for nitrogen content estimation in wheat leaves,EXCLUDE/E4,retrieve full text; abstract reports results but not paired ID/OOD values for one model
2,R02526,2026,Preprints.org,10.20944/preprints202608.0602.v1,Lightweight Deep Learning Models Deployment for Corn Growth Stage Classification Using PhenoCam Images,EXCLUDE/E4,retrieve full text; abstract reports results but not paired ID/OOD values for one model
2,R02552,2026,AI,10.3390/ai7080278,A Compact Deep Learning Framework for Potato Leaf Disease Classification Across Controlled/Uncontrolled Environments,EXCLUDE/E4,retrieve full text; abstract reports results but not paired ID/OOD values for one model
2,R02564,2026,Science of Remote Sensing,10.1016/j.srs.2026.100442,Crop multiclass classification for large-scale crop mapping using instance- and feature-domain integrated transfer learning,EXCLUDE/E4,retrieve full text; abstract reports results but not paired ID/OOD values for one model
2,R02665,2026,International Journal of Remote Sensing,10.1080/01431161.2026.2612904,Harvest date estimation over corn and sunflower fields using Sentinel-1 and RADARSAT constellation mission data and machine learning algorithms,EXCLUDE/E4,retrieve full text; abstract reports results but not paired ID/OOD values for one model
2,R02719,2026,Preprints.org,10.20944/preprints202601.1638.v1,Advancing Image Segmentation Techniques for Strawberry Detection in Vision-Based Agricultural Robotics,EXCLUDE/E4,retrieve full text; abstract reports results but not paired ID/OOD values for one model
2,R02790,2026,Smart Agricultural Technology,10.1016/j.atech.2026.101963,Phenotyping maize stay green traits via in situ leaf hyperspectral reflectance sensing,EXCLUDE/E4,retrieve full text; abstract reports results but not paired ID/OOD values for one model
2,R02906,2026,Soil and Tillage Research,10.1016/j.still.2026.107247,Improving crop residue cover estimation using spectral shape information from multispectral remote sensing,EXCLUDE/E4,retrieve full text; abstract reports results but not paired ID/OOD values for one model
2,R02923,2025,Artificial Intelligence in Agriculture,10.1016/j.aiia.2025.12.006,CTGNN: UAV-satellite cross-domain transfer learning for monitoring oat growth in China’s key production areas,EXCLUDE/E4,retrieve full text; abstract reports results but not paired ID/OOD values for one model
2,R02949,2025,Agricultural Water Management,10.1016/j.agwat.2025.109384,Benchmarking farm-level cotton water productivity using on-farm irrigation measurements and remotely sensed yields,EXCLUDE/E4,retrieve full text; abstract reports results but not paired ID/OOD values for one model
2,R02992,2025,Applied Sciences,10.3390/app15189947,Cotton Yield Prediction with Gaussian Distribution Sampling and Variational AutoEncoder,EXCLUDE/E4,retrieve full text; abstract reports results but not paired ID/OOD values for one model
2,R03009,2026,Smart Agricultural Technology,10.1016/j.atech.2026.101908,Temporal deep learning for satellite-based sugarcane monitoring and cycle age estimation,EXCLUDE/E4,retrieve full text; abstract reports results but not paired ID/OOD values for one model
2,R03071,2026,Remote Sensing Applications Society and Environment,10.1016/j.rsase.2026.102264,"Interpretable multi-sensor mapping of coffee production systems in Dak Lak, Vietnam: performance, spatial generalization, and uncertainty",EXCLUDE/E4,retrieve full text; abstract reports results but not paired ID/OOD values for one model
2,R03134,2026,Artificial Intelligence in Agriculture,10.1016/j.aiia.2026.06.005,FCMamba: A frequency-enhanced state space network for edge-based plant disease recognition,EXCLUDE/E4,retrieve full text; abstract reports results but not paired ID/OOD values for one model
2,R03156,2026,IEEE Journal of Selected Topics in Applied Earth Observations and Remote Sensing,10.1109/jstars.2026.3720556,Optimizing Leaf Nitrogen Estimation Using Hyperspectral Sensing and Machine Learning With Band Selection Techniques,EXCLUDE/E4,retrieve full text; abstract reports results but not paired ID/OOD values for one model
2,R03194,2026,Computers and Electronics in Agriculture,10.1016/j.compag.2026.112105,XylemVision: A Knowledge-Distilled deep learning framework for High-Throughput quantification of root anatomy in peanut,EXCLUDE/E4,retrieve full text; abstract reports results but not paired ID/OOD values for one model
2,R03393,2026,Remote Sensing,10.3390/rs18111828,A Phenology-Guided Multi-Source Framework for In-Season Rice Mapping in Cloud-Prone and Complex Agroecosystems,EXCLUDE/E4,retrieve full text; abstract reports results but not paired ID/OOD values for one model
2,R03410,2026,Smart Agricultural Technology,10.1016/j.atech.2026.102205,CEG-YOLO: A lightweight edge-optimized framework for in-field rice panicle counting,EXCLUDE/E4,retrieve full text; abstract reports results but not paired ID/OOD values for one model
2,R03455,2026,Scientific Reports,10.1038/s41598-026-62760-4,A hierarchical prototype-graph with optimal-transport matching for few-shot rice disease recognition,EXCLUDE/E4,retrieve full text; abstract reports results but not paired ID/OOD values for one model
2,R03462,2026,Smart Agricultural Technology,10.1016/j.atech.2026.102339,CTFL-Net: A Wavelet-Enhanced CNN-Transformer model for rice LAI estimation from UAV RGB imagery,EXCLUDE/E4,retrieve full text; abstract reports results but not paired ID/OOD values for one model
2,R03534,2026,AgriEngineering,10.3390/agriengineering8090392,Comparative Evaluation of UAV Multispectral and Measured Biophysical Feature Combinations for Winter Wheat Canopy Nitrogen Estimation,EXCLUDE/E4,retrieve full text; abstract reports results but not paired ID/OOD values for one model
2,R03664,2026,Plants,10.3390/plants15182811,Estimation of Wheat Grain Protein Content at Multiple Growth Stages Based on Space–Air–Ground Collaborative Observation Data,EXCLUDE/E4,retrieve full text; abstract reports results but not paired ID/OOD values for one model
2,R03747,2026,Agronomy,10.3390/agronomy16070763,Yield Prediction in Winter Oilseed Rape Based on Multi-Temporal NDVI and Modelling Approaches,EXCLUDE/E4,retrieve full text; abstract reports results but not paired ID/OOD values for one model
2,R03763,2026,IEEE Geoscience and Remote Sensing Letters,10.1109/lgrs.2026.3693043,Adversarial Domain Alignment Improves Root Biomass Prediction From SkySat Imagery,EXCLUDE/E4,retrieve full text; abstract reports results but not paired ID/OOD values for one model
2,R03770,2026,Journal of the Science of Food and Agriculture,10.1002/jsfa.71102,Cross‐regional and temporal generalizability of portable visible spectroscopy for olive maturity classification,EXCLUDE/E4,retrieve full text; abstract reports results but not paired ID/OOD values for one model
2,R03896,2026,Agriculture,10.3390/agriculture16020191,SPAD Retrieval of Jujube Canopy Using UAV-Based Multispectral and RGB Features with Genetic Algorithm–Optimized Ensemble Learning,EXCLUDE/E4,retrieve full text; abstract reports results but not paired ID/OOD values for one model
2,R03898,2026,ISPRS Journal of Photogrammetry and Remote Sensing,10.1016/j.isprsjprs.2026.07.022,Advancing hyperspectral nutrient modeling through transfer learning: Insights from foliar N–P–K estimation in cranberries,EXCLUDE/E4,retrieve full text; abstract reports results but not paired ID/OOD values for one model
2,R04092,2026,International Journal of Remote Sensing,10.1080/01431161.2026.2717437,Estimating SPAD of tea leaf using UAV multispectral remote sensing based on stacking ensemble learning,EXCLUDE/E4,retrieve full text; abstract reports results but not paired ID/OOD values for one model
2,R04377,2026,IEEE Transactions on Geoscience and Remote Sensing,10.1109/tgrs.2026.3715962,Mixture of Receptive Fields Fusion for Accurate Rice Panicle Segmentation and Yield Prediction in UAV-Based Remote Sensing,EXCLUDE/E4,retrieve full text; abstract reports results but not paired ID/OOD values for one model
2,R04398,2020,International Conference on Digital Image Computing: Techniques and Applications,10.1109/dicta51227.2020.9363407,Fruit Detection in the Wild: The Impact of Varying Conditions and Cultivar,EXCLUDE/E4,retrieve full text; abstract reports results but not paired ID/OOD values for one model
2,R04402,2025,IEEE Transactions on Geoscience and Remote Sensing,10.1109/tgrs.2025.3633252,MDANet: A Mamba-Driven Domain Adaptation Network for Cropland Change Detection,EXCLUDE/E4,retrieve full text; abstract reports results but not paired ID/OOD values for one model
2,R04464,2026,Remote Sensing,10.3390/rs18132149,A Stability-Driven Framework for Automated Operational Crop Mapping Using Optical and Radar Satellite Image Time Series,EXCLUDE/E4,retrieve full text; abstract reports results but not paired ID/OOD values for one model
2,R04467,2026,2026 IEEE International Conference on Signals and Systems (ICSigSys),10.1109/icsigsys71160.2026.11613921,Improving Generalization of Potato Leaf Disease Classification via Multi-Domain Training and Explainable EfficientNet,EXCLUDE/E4,retrieve full text; abstract reports results but not paired ID/OOD values for one model
2,R04494,2018,IEEE International Geoscience and Remote Sensing Symposium,10.1109/igarss.2018.8519554,Fully Convolutional Neural Networks for Large Scale Cropland Mapping with Historical Label Dataset,EXCLUDE/E4,retrieve full text; abstract reports results but not paired ID/OOD values for one model
2,R04498,2026,IEEE Access,10.1109/access.2026.3703440,"Multi-Temporal UAV Imagery Feature Fusion for Paddy Yield Prediction in Tropical Smallholder Farms: Integrating RGB Color, Texture, and NDVI Indicators Across Growth Stages",EXCLUDE/E4,retrieve full text; abstract reports results but not paired ID/OOD values for one model
2,R04658,2025,"2025 International Conference on Algorithms, Data Mining, and Information Technology (ADMIT)",10.1109/admit67050.2025.11336883,PLoRA: Low-Rank Attention Adaptation of Foundation Models for Improved Plant Disease Identification,EXCLUDE/E4,retrieve full text; abstract reports results but not paired ID/OOD values for one model
2,R04698,2026,Remote Sensing,10.3390/rs18152502,Validation Design Governs Reported Accuracy in Small UAV Hyperspectral Datasets: An Interpretable Feature-Optimization Case Study of Maize Canopy Nitrogen Concentration,EXCLUDE/E4,retrieve full text; abstract reports results but not paired ID/OOD values for one model
2,R04965,2025,Plant Methods,10.1186/s13007-025-01371-y,Pest detection in dynamic environments: an adaptive continual test-time domain adaptation strategy,EXCLUDE/E4,retrieve full text; abstract reports results but not paired ID/OOD values for one model
2,R04984,2026,IEEE Transactions on AgriFood Electronics,10.1109/tafe.2025.3650340,CCUDA-SS: Cross-Crop Unsupervised Domain Adaptation for Semantic Segmentation,EXCLUDE/E4,retrieve full text; abstract reports results but not paired ID/OOD values for one model
2,R05027,2024,IEEE International Geoscience and Remote Sensing Symposium,10.1109/igarss53475.2024.10640948,Multiyear Land use Classification with Sentinel-2 Time Series and Convolutional Neural Networks,EXCLUDE/E4,retrieve full text; abstract reports results but not paired ID/OOD values for one model
2,R05081,2026,The Plant Phenome Journal,10.1002/ppj2.70097,"Time course sensor‐based phenotyping can predict Ascochyta blight disease severity in
 Cicer
 species",EXCLUDE/E4,retrieve full text; abstract reports results but not paired ID/OOD values for one model
2,R05137,2026,Agronomy,10.3390/agronomy16121156,GG-YOLO: A Lightweight Dual-Path Attention Detector with Dynamic Sampling for Dense Wheat Spike Detection,EXCLUDE/E4,retrieve full text; abstract reports results but not paired ID/OOD values for one model
2,R05261,2025,2025 5th International Symposium on Computer Technology and Information Science (ISCTIS),10.1109/isctis65944.2025.11065512,Research on Precision Identification of Plant Diseases and Pests Based on Multimodal Deep Learning,EXCLUDE/E4,retrieve full text; abstract reports results but not paired ID/OOD values for one model
2,R05329,2026,International Conference on Image Processing and Deep Learning,10.1117/12.3115702,Enhancing field-based tea disease detection via generative diffusion priors with semantic consistency and task-specific YOLOv26 adaptation,EXCLUDE/E4,retrieve full text; abstract reports results but not paired ID/OOD values for one model
2,R05478,2026,IEEE Access,10.1109/access.2026.3723880,SBCL-Net: Discrepancy-Guided Semantic–Boundary Interaction for Robust Agricultural Parcel Delineation From Remote Sensing Imagery,EXCLUDE/E4,retrieve full text; abstract reports results but not paired ID/OOD values for one model
2,R05496,2026,J. Robotics Mechatronics,10.20965/jrm.2026.p0658,Ridge-Structure-Based Crop Classification for Small UGV and Derived Detection Framework,EXCLUDE/E4,retrieve full text; abstract reports results but not paired ID/OOD values for one model
2,R05512,2026,"2026 IEEE 2nd International Conference on Quantum Photonics, Artificial Intelligence & Networking (QPAIN)",10.1109/qpain69676.2026.11546289,Self-Supervised Learning for Label-Efficient Wheat Head Detection under Dense and Occluded Field Conditions,EXCLUDE/E4,retrieve full text; abstract reports results but not paired ID/OOD values for one model
2,R05522,2026,Artificial Intelligence and Emerging Technologies,10.53941/aiet.2026.100009,MOIR-Net: A Lightweight Crop Disease and Pest Recognition Network Based onMulti-Scale Reparameterization and Energy Attention,EXCLUDE/E4,retrieve full text; abstract reports results but not paired ID/OOD values for one model
2,R05550,2026,"2026 11th International Symposium on Advances in Electrical, Electronics and Computer Engineering (ISAEECE)",10.1109/isaeece70502.2026.11635317,AFCANet for Cross-Domain Plant Disease Recognition with DCT-Guided Adaptive Frequency-Channel Activation,EXCLUDE/E4,retrieve full text; abstract reports results but not paired ID/OOD values for one model
2,R05570,2025,IEEE International Geoscience and Remote Sensing Symposium,10.1109/igarss55030.2025.11242457,Towards Cross-Year Knowledge Transfer for Crop Classification: A Perspective from LLM-Assisted Active Learning,EXCLUDE/E4,retrieve full text; abstract reports results but not paired ID/OOD values for one model
2,R05585,2024,Geo-Spatial Information Science,10.1080/10095020.2024.2416897,Improving cross-regional model transfer performance in crop classification by crop time series correction,EXCLUDE/E4,retrieve full text; abstract reports results but not paired ID/OOD values for one model
2,R05606,2026,IEEE Transactions on Geoscience and Remote Sensing,10.1109/tgrs.2026.3661077,Estimating Potato Nitrogen Content Using Active Transfer Learning Based on UAV Hyperspectral Imagery,EXCLUDE/E4,retrieve full text; abstract reports results but not paired ID/OOD values for one model
2,R05681,2024,Remote Sensing,10.3390/rs16081464,Integrating Optical and SAR Time Series Images for Unsupervised Domain Adaptive Crop Mapping,EXCLUDE/E4,retrieve full text; abstract reports results but not paired ID/OOD values for one model
2,R05715,2019,IEEE International Geoscience and Remote Sensing Symposium,10.1109/igarss.2019.8897867,Cropland Mapping in Fragmented Agricultural Landscape Using Modified Pyramid Scene Parsing Network,EXCLUDE/E4,retrieve full text; abstract reports results but not paired ID/OOD values for one model
2,R05720,2020,Remote Sensing,10.3390/rs13010103,Rice-Field Mapping with Sentinel-1A SAR Time-Series Data,EXCLUDE/E4,retrieve full text; abstract reports results but not paired ID/OOD values for one model
2,R05785,2026,2026 IEEE International Conference on Interdisciplinary Approaches in Technology and Management for Social Innovation (IATMSI),10.1109/iatmsi68868.2026.11465993,FSVT-SL: Few-Shot Vision Transformer with Synthetic Lesion Augmentation for Robust Plant Disease Diagnosis Under Field Conditions,EXCLUDE/E4,retrieve full text; abstract reports results but not paired ID/OOD values for one model
2,R05825,2026,2026 9th International Conference on Computer Information Science and Application Technology (CISAT),10.1109/cisat71030.2026.11682169,GS-YOLO: Lightweight Weed Detection via a Shared Convolutional Detection Head,EXCLUDE/E4,retrieve full text; abstract reports results but not paired ID/OOD values for one model
2,R05843,2026,IEEE Internet of Things Journal,10.1109/jiot.2026.3719665,An Efficient and Robust Few-Shot Information Fusion for Paddy Disease Detection,EXCLUDE/E4,retrieve full text; abstract reports results but not paired ID/OOD values for one model
2,R05844,2017,Computers and Electronics in Agriculture,10.1016/j.compag.2017.04.013,"Automatic plant disease diagnosis using mobile capture devices, applied on a wheat use case",EXCLUDE/E4,retrieve full text; abstract reports results but not paired ID/OOD values for one model
2,R05888,2026,Smart Agricultural Technology,10.1016/j.atech.2026.102107,A UAV Wheat Fusarium Head Blight Detection Method Integrating EMD Histogram Matching and Adversarial Domain Adaptation,EXCLUDE/E4,retrieve full text; abstract reports results but not paired ID/OOD values for one model
2,R05928,2025,2025 5th International Conference on Mobile Networks and Wireless Communications (ICMNWC),10.1109/icmnwc66779.2025.11354355,AttentionFusionNet: Residual Attention CNN for Multi-Disease Leaf Recognition Across Diverse Environments,EXCLUDE/E4,retrieve full text; abstract reports results but not paired ID/OOD values for one model
2,R05971,2025,"IEEE International Conference on Systems, Man and Cybernetics",10.1109/smc58881.2025.11343588,CLIP-Guided Fusion of Image and Leaf Dictionary Features for Plant Disease Classification,EXCLUDE/E4,retrieve full text; abstract reports results but not paired ID/OOD values for one model
2,R06008,2026,International Conference on Computer Aided Design,10.1109/iccad69956.2026.11642968,Robust Hybrid Deep Learning Framework for Multi-Source Rice Leaf Disease Detection,EXCLUDE/E4,retrieve full text; abstract reports results but not paired ID/OOD values for one model
2,R06132,2020,Computers and Electronics in Agriculture,10.1016/j.compag.2020.105745,Unsupervised domain adaptation for in-field cotton boll status identification,EXCLUDE/E4,retrieve full text; abstract reports results but not paired ID/OOD values for one model
2,R06158,2026,Land,10.3390/land15060932,A Geo-AI Framework for Label-Efficient Agricultural Land-Cover Mapping with Climate-Aware Active Learning,EXCLUDE/E4,retrieve full text; abstract reports results but not paired ID/OOD values for one model
2,R06202,2025,"2025 5th International Conference on Emerging Research in Electronics, Computer Science and Technology (ICERECT)",10.1109/icerect65215.2025.11375892,Cross-Dataset Generalizable Paddy Leaf Disease Detection via ViT–CNN Fusion and Domain-Specific Preprocessing,EXCLUDE/E4,retrieve full text; abstract reports results but not paired ID/OOD values for one model
2,R06229,2026,International Conference on Information Security and Cryptology,10.1109/icisc69558.2026.11681580,Systematic Evaluation of Cross-Dataset Domain Shift and Shortcut Learning in Lightweight CNNs for Tomato Disease Classification,EXCLUDE/E4,retrieve full text; abstract reports results but not paired ID/OOD values for one model
2,R06241,2024,2024 5th International Conference for Emerging Technology (INCET),10.1109/incet61516.2024.10593106,Improved Potato Disease Classification: Synergy of CNN and SVM Models,EXCLUDE/E4,retrieve full text; abstract reports results but not paired ID/OOD values for one model
2,R06253,2024,Remote Sensing of Environment,10.1016/j.rse.2024.114385,A source-free unsupervised domain adaptation method for cross-regional and cross-time crop mapping from satellite image time series,EXCLUDE/E4,retrieve full text; abstract reports results but not paired ID/OOD values for one model
2,R06281,2025,Italian National Conference on Sensors,10.3390/s26010174,Deep Architectures Fail to Generalize: A Lightweight Alternative for Agricultural Domain Transfer in Hyperspectral Images,EXCLUDE/E4,retrieve full text; abstract reports results but not paired ID/OOD values for one model
2,R06313,2026,Defense + Security,10.1117/12.3094666,Fundamental vision–language models for crop-weed detection,EXCLUDE/E4,retrieve full text; abstract reports results but not paired ID/OOD values for one model
2,R06374,2026,Horticulturae,10.3390/horticulturae12040486,Environment-Guided Multimodal Pest Detection and Risk Assessment in Fruit and Vegetable Production Systems,EXCLUDE/E4,retrieve full text; abstract reports results but not paired ID/OOD values for one model
2,R06392,2024,GIScience &amp; Remote Sensing,10.1080/15481603.2024.2319939,Fine classification of crops based on an inductive transfer learning method with compact polarimetric SAR images,EXCLUDE/E4,retrieve full text; abstract reports results but not paired ID/OOD values for one model
2,R06451,2026,Isprs Journal of Photogrammetry and Remote Sensing,10.1016/j.isprsjprs.2026.06.019,"A source-free unsupervised domain adaptation framework for large-scale, in-season soybean mapping",EXCLUDE/E4,retrieve full text; abstract reports results but not paired ID/OOD values for one model
2,R06492,2025,"IEEE International Conference on Systems, Man and Cybernetics",10.1109/smc58881.2025.11343547,RMNA: ROI-Mixup and Neighborhood Alignment for Cross-Domain Plant Disease Classification,EXCLUDE/E4,retrieve full text; abstract reports results but not paired ID/OOD values for one model
2,R06533,2026,International Conference on Agro-Geoinformatics,10.1109/agro-geoinformatics70621.2026.11667499,Benchmarking Geospatial Foundation Models for Field-Scale Crop Green-Up Detection: Alphaearth vs. Prithvi-EO-2.0 with Sentinel-1 SAR Fusion,EXCLUDE/E4,retrieve full text; abstract reports results but not paired ID/OOD values for one model
2,R06540,2026,Plants,10.3390/plants15040623,Research on Lightweight Rose Disease Detection Based on Transferable Feature Representation,EXCLUDE/E4,retrieve full text; abstract reports results but not paired ID/OOD values for one model
2,R06595,2022,IEEE Geoscience and Remote Sensing Letters,10.1109/lgrs.2022.3213679,Orchard Areas Segmentation in Remote Sensing Images via Class Feature Aggregate Discriminator,EXCLUDE/E4,retrieve full text; abstract reports results but not paired ID/OOD values for one model
2,R06656,2026,2026 IEEE Guwahati Subsection Conference (GCON),10.1109/gcon69192.2026.11648276,MCB-SwinUNet: attention-gated skip fusion framework for multi-crop leaf lesion segmentation with cross-domain generalization and boundary accuracy,EXCLUDE/E4,retrieve full text; abstract reports results but not paired ID/OOD values for one model
2,R06728,2020,,10.1016/j.rse.2020.112048,Mapping crops within the growing season across the United States,EXCLUDE/E4,retrieve full text; abstract reports results but not paired ID/OOD values for one model
2,R06754,2024,Canadian journal of remote sensing,10.1080/07038992.2024.2367479,Enhanced Wheat Head Detection in Images Using Fourier Domain Adaptation and Random Guided Filter,EXCLUDE/E4,retrieve full text; abstract reports results but not paired ID/OOD values for one model
2,R06765,2026,Remote Sensing,10.3390/rs18183210,Cross-Year Crop and Land-Cover Classification with Limited Labels,EXCLUDE/E4,retrieve full text; abstract reports results but not paired ID/OOD values for one model
2,R06839,2023,2023 IEEE Conference on AgriFood Electronics (CAFE),10.1109/cafe58535.2023.10291910,Coffee Crop Detection from UAS Orthomaps with Convolutional Neural Networks,EXCLUDE/E4,retrieve full text; abstract reports results but not paired ID/OOD values for one model
2,R06875,2021,2021 IEEE/CVF Conference on Computer Vision and Pattern Recognition Workshops (CVPRW),10.1109/cvprw53098.2021.00329,Phenology Alignment Network: A Novel Framework for Cross-Regional Time Series Crop Classification,EXCLUDE/E4,retrieve full text; abstract reports results but not paired ID/OOD values for one model
2,R06898,2026,Applied Sciences,10.3390/app16073520,Improved Unsupervised Domain Generalization by Leaf-Bridge for Soybean Leaf Disease Identification,EXCLUDE/E4,retrieve full text; abstract reports results but not paired ID/OOD values for one model
2,R07004,2022,2022 5th International Conference on Pattern Recognition and Artificial Intelligence (PRAI),10.1109/prai55851.2022.9904111,Research on Automatic Extraction of Tobacco Plants Based on U2-Net of Convolutional Block Attention Module and UAV Visible Images,EXCLUDE/E4,retrieve full text; abstract reports results but not paired ID/OOD values for one model
2,R07006,2023,Plant Phenomics,10.34133/plantphenomics.0068,"Efficient Noninvasive FHB Estimation using RGB Images from a Novel Multiyear, Multirater Dataset",EXCLUDE/E4,retrieve full text; abstract reports results but not paired ID/OOD values for one model
2,R07062,2025,Results in Engineering,10.1016/j.rineng.2025.108833,From vineyard to vision: Multi-domain analysis and mitigation of grape cluster detection failures in complex viticultural environments,EXCLUDE/E4,retrieve full text; abstract reports results but not paired ID/OOD values for one model
2,R07081,2026,Smart Agricultural Technology,10.1016/j.atech.2026.102355,Cross-season candidate enrichment in potato breeding using a multi-temporal UAV-based 3D phenotyping framework,EXCLUDE/E4,retrieve full text; abstract reports results but not paired ID/OOD values for one model
2,R07087,2024,Earth System Science Data Discussions,10.5194/essd-2024-372,PMF-LP: the first 10 m plastic-mulched farmland distribution map (2019–2021) in the Loess Plateau of China generated using training sample generation and classifier transfer method,EXCLUDE/E4,retrieve full text; abstract reports results but not paired ID/OOD values for one model
2,R07127,2026,Journal of Integrative Agriculture,10.1016/j.jia.2026.04.010,Screening elite bacterial blight (BB) resistant wild rice germplasm for breeding: An AI-driven approach,EXCLUDE/E4,retrieve full text; abstract reports results but not paired ID/OOD values for one model
2,R07166,2026,Smart Agricultural Technology,10.1016/j.atech.2026.102531,From laboratory to field: Frozen foundation-model features toward robust plant disease recognition,EXCLUDE/E4,retrieve full text; abstract reports results but not paired ID/OOD values for one model
2,R07213,2026,Smart Agricultural Technology,10.1016/j.atech.2026.102513,Developing a generalized plant stand count model based on transfer learning,EXCLUDE/E4,retrieve full text; abstract reports results but not paired ID/OOD values for one model
2,R07231,2026,International Journal of Applied Earth Observation and Geoinformation,10.1016/j.jag.2026.105579,DATerra: Boundary and structure aware domain adaptation for cross-regional terraced parcel extraction,EXCLUDE/E4,retrieve full text; abstract reports results but not paired ID/OOD values for one model
2,R07255,2026,Artificial Intelligence in Agriculture,10.1016/j.aiia.2026.08.010,GeoSphere-DETR: RGB-D citrus fruit detection in cluttered orchards via geometry-gated fusion and geometry-aware confidence recalibration,EXCLUDE/E4,retrieve full text; abstract reports results but not paired ID/OOD values for one model
2,R07437,2026,Smart Agricultural Technology,10.1016/j.atech.2026.102560,Sugar beet localization and damage detection during harvesting,EXCLUDE/E4,retrieve full text; abstract reports results but not paired ID/OOD values for one model
3,R00005,2023,ISPRS Journal of Photogrammetry and Remote Sensing,10.1016/j.isprsjprs.2023.04.002,An unsupervised domain adaptation deep learning method for spatial and temporal transferable crop type mapping using Sentinel-2 imagery,EXCLUDE/E4,retrieve full text; abstract has no numeric cross-domain result (or no abstract)
3,R00020,2020,Computers and Electronics in Agriculture,10.1016/j.compag.2020.105766,Improved crop row detection with deep neural network for early-season maize stand count in UAV imagery,EXCLUDE/E4,retrieve full text; abstract has no numeric cross-domain result (or no abstract)
3,R00052,2023,Agricultural and Forest Meteorology,10.1016/j.agrformet.2023.109652,Improving generalisability and transferability of machine-learning-based maize yield prediction model through domain adaptation,EXCLUDE/E4,retrieve full text; abstract has no numeric cross-domain result (or no abstract)
3,R00086,2024,International Journal of Applied Earth Observation and Geoinformation,10.1016/j.jag.2024.103867,Temporally transferable crop mapping with temporal encoding and deep learning augmentations,EXCLUDE/E4,retrieve full text; abstract has no numeric cross-domain result (or no abstract)
3,R00103,2025,Expert Systems with Applications,10.1016/j.eswa.2025.126896,Advanced deep learning model for crop-specific and cross-crop pest identification,EXCLUDE/E4,retrieve full text; abstract has no numeric cross-domain result (or no abstract)
3,R00128,2015,Computers and Electronics in Agriculture,10.1016/j.compag.2015.02.015,Assessment of a Markov logic model of crop rotations for early crop mapping,EXCLUDE/E4,retrieve full text; abstract has no numeric cross-domain result (or no abstract)
3,R00129,2023,Computers and Electronics in Agriculture,10.1016/j.compag.2023.108114,From one field to another—Unsupervised domain adaptation for semantic segmentation in agricultural robotics,EXCLUDE/E4,retrieve full text; abstract has no numeric cross-domain result (or no abstract)
3,R00142,2021,ISPRS Journal of Photogrammetry and Remote Sensing,10.1016/j.isprsjprs.2021.02.011,Large-scale rice mapping under different years based on time-series Sentinel-1 images using deep semantic segmentation model,EXCLUDE/E4,retrieve full text; abstract has no numeric cross-domain result (or no abstract)
3,R00202,2020,Field Crops Research,10.1016/j.fcr.2020.107793,An automatic method based on daily in situ images and deep learning to date wheat heading stage,EXCLUDE/E4,retrieve full text; abstract has no numeric cross-domain result (or no abstract)
3,R00216,2022,Biosystems Engineering,10.1016/j.biosystemseng.2022.10.016,Deep adversarial domain adaptation for hyperspectral calibration model transfer among plant phenotyping systems,EXCLUDE/E4,retrieve full text; abstract has no numeric cross-domain result (or no abstract)
3,R00219,2024,Biosystems Engineering,10.1016/j.biosystemseng.2023.12.014,Assessing fusarium oxysporum disease severity in cotton using unmanned aerial system images and a hybrid domain adaptation deep learning time series model,EXCLUDE/E4,retrieve full text; abstract has no numeric cross-domain result (or no abstract)
3,R00235,2021,Remote Sensing of Environment,10.1016/j.rse.2021.112724,Transfer-learning-based approach for leaf chlorophyll content estimation of winter wheat from hyperspectral data,EXCLUDE/E4,retrieve full text; abstract has no numeric cross-domain result (or no abstract)
3,R00238,2025,Engineering Applications of Artificial Intelligence,10.1016/j.engappai.2025.111168,Domain generalization plant leaf disease recognition: Toward from laboratory to field,EXCLUDE/E4,retrieve full text; abstract has no numeric cross-domain result (or no abstract)
3,R00252,2023,Smart Agricultural Technology,10.1016/j.atech.2023.100188,A comparative study of Fourier transform and CycleGAN as domain adaptation techniques for weed segmentation,EXCLUDE/E4,retrieve full text; abstract has no numeric cross-domain result (or no abstract)
3,R00261,2025,Computers and Electronics in Agriculture,10.1016/j.compag.2025.110673,Enhancing weed detection using UAV imagery and deep learning with weather-driven domain adaptation,EXCLUDE/E4,retrieve full text; abstract has no numeric cross-domain result (or no abstract)
3,R00291,2023,SSRN Electronic Journal,10.2139/ssrn.4345158,Adaptive Deep Learning for Crop Weed Discrimination in Unseen Fields,EXCLUDE/E4,retrieve full text; abstract has no numeric cross-domain result (or no abstract)
3,R00306,2022,Computers and Electronics in Agriculture,10.1016/j.compag.2022.107473,A deep learning method for individual arable field (IAF) extraction with cross-domain adversarial capability,EXCLUDE/E4,retrieve full text; abstract has no numeric cross-domain result (or no abstract)
3,R00310,2024,Computers and Electronics in Agriculture,10.1016/j.compag.2024.109022,"Combining spectrum, thermal, and texture features using machine learning algorithms for wheat nitrogen nutrient index estimation and model transferability analysis",EXCLUDE/E4,retrieve full text; abstract has no numeric cross-domain result (or no abstract)
3,R00313,2025,Expert Systems with Applications,10.1016/j.eswa.2025.127324,Robust crop disease detection using multi-domain data augmentation and isolated test-time adaptation,EXCLUDE/E4,retrieve full text; abstract has no numeric cross-domain result (or no abstract)
3,R00328,2024,Smart Agricultural Technology,10.1016/j.atech.2024.100538,Field-based multispecies weed and crop detection using ground robots and advanced YOLO models: A data and model-centric approach,EXCLUDE/E4,retrieve full text; abstract has no numeric cross-domain result (or no abstract)
3,R00379,2023,Computers and Electronics in Agriculture,10.1016/j.compag.2023.107967,CLA: A self-supervised contrastive learning method for leaf disease identification with domain adaptation,EXCLUDE/E4,retrieve full text; abstract has no numeric cross-domain result (or no abstract)
3,R00415,2024,Remote Sensing of Environment,10.1016/j.rse.2024.114430,CROPUP: Historical products are all you need? An end-to-end cross-year crop map updating framework without the need for in situ samples,EXCLUDE/E4,retrieve full text; abstract has no numeric cross-domain result (or no abstract)
3,R00419,2017,ISPRS Journal of Photogrammetry and Remote Sensing,10.1016/j.isprsjprs.2017.07.003,Unsupervised domain adaptation for early detection of drought stress in hyperspectral images,EXCLUDE/E4,retrieve full text; abstract has no numeric cross-domain result (or no abstract)
3,R00442,2024,Journal of Agriculture and Food Research,10.1016/j.jafr.2024.101096,Critical evaluation of the effects of a cross-validation strategy and machine learning optimization on the prediction accuracy and transferability of a soybean yield prediction model using UAV-based remote sensing,EXCLUDE/E4,retrieve full text; abstract has no numeric cross-domain result (or no abstract)
3,R00451,2025,Expert Systems with Applications,10.1016/j.eswa.2025.127101,Enhancing domain adaptation for plant diseases detection through Masked Image Consistency in Multi-Granularity Alignment,EXCLUDE/E4,retrieve full text; abstract has no numeric cross-domain result (or no abstract)
3,R00458,2023,ISPRS Journal of Photogrammetry and Remote Sensing,10.1016/j.isprsjprs.2023.07.004,Automated in-season mapping of winter wheat in China with training data generation and model transfer,EXCLUDE/E4,retrieve full text; abstract has no numeric cross-domain result (or no abstract)
3,R00502,2024,SN Computer Science,10.1007/s42979-024-02816-2,An Offline Biotic Stress Recognition Tool for Rice Plants Through Domain Shift,EXCLUDE/E4,retrieve full text; abstract has no numeric cross-domain result (or no abstract)
3,R00558,2022,Computers and Electronics in Agriculture,10.1016/j.compag.2022.107480,Unsupervised domain adaptation using transformers for sugarcane rows and gaps detection,EXCLUDE/E4,retrieve full text; abstract has no numeric cross-domain result (or no abstract)
3,R00588,2025,Ecological Informatics,10.1016/j.ecoinf.2025.103579,Bridging the Lab-to-Field gap in plant disease diagnosis through unsupervised domain adaptation enhanced by background recomposition,EXCLUDE/E4,retrieve full text; abstract has no numeric cross-domain result (or no abstract)
3,R00620,2024,Computers and Electronics in Agriculture,10.1016/j.compag.2024.109536,Winter wheat mapping without ground labels via automated knowledge transfer across regions and years,EXCLUDE/E4,retrieve full text; abstract has no numeric cross-domain result (or no abstract)
3,R00623,2024,bioRxiv (Cold Spring Harbor Laboratory),10.1101/2024.10.07.617111,Cross-dataset evaluation of deep learning models for plant pest and disease diagnosis,EXCLUDE/E4,retrieve full text; abstract has no numeric cross-domain result (or no abstract)
3,R00647,2022,Scientific Reports,10.1038/s41598-022-08969-5,Surveying soil-borne disease development on wild rocket salad crop by proximal sensing based on high-resolution hyperspectral features,EXCLUDE/E4,retrieve full text; abstract has no numeric cross-domain result (or no abstract)
3,R00657,2023,National Remote Sensing Bulletin,10.11834/jrs.20221408,Spatial generalization ability analysis of deep learning crop classification models,EXCLUDE/E4,retrieve full text; abstract has no numeric cross-domain result (or no abstract)
3,R00671,2026,Biosystems Engineering,10.1016/j.biosystemseng.2026.104418,A temporally transferrable approach for quantifying crop residue cover: linking deep learning of UAV images with satellite-based spectral modelling,EXCLUDE/E4,retrieve full text; abstract has no numeric cross-domain result (or no abstract)
3,R00697,2023,Computers and Electronics in Agriculture,10.1016/j.compag.2023.107806,Improved domain adaptive rice disease image recognition based on a novel attention mechanism,EXCLUDE/E4,retrieve full text; abstract has no numeric cross-domain result (or no abstract)
3,R00712,2024,Computers and Electronics in Agriculture,10.1016/j.compag.2024.109341,Machine learning and fluorosensing for estimation of maize nitrogen status at early growth-stages,EXCLUDE/E4,retrieve full text; abstract has no numeric cross-domain result (or no abstract)
3,R00717,2024,Computers and Electronics in Agriculture,10.1016/j.compag.2024.109726,High-resolution UAV-based blueberry scorch virus mapping utilizing a deep vision transformer algorithm,EXCLUDE/E4,retrieve full text; abstract has no numeric cross-domain result (or no abstract)
3,R00764,2025,Science of Remote Sensing,10.1016/j.srs.2025.100256,Early-season delineation of agricultural fields using a fully convolutional multi-task network and satellite images,EXCLUDE/E4,retrieve full text; abstract has no numeric cross-domain result (or no abstract)
3,R00766,2024,Computers and Electronics in Agriculture,10.1016/j.compag.2024.109849,D4: Text-guided diffusion model-based domain adaptive data augmentation for vineyard shoot detection,EXCLUDE/E4,retrieve full text; abstract has no numeric cross-domain result (or no abstract)
3,R00905,2024,Computers and Electronics in Agriculture,10.1016/j.compag.2024.109211,Rehearsal-based class-incremental learning approaches for plant disease classification,EXCLUDE/E4,retrieve full text; abstract has no numeric cross-domain result (or no abstract)
3,R00906,2021,Computers and Electronics in Agriculture,10.1016/j.compag.2020.105978,Spatial domain bridge transfer : An automated paddy rice mapping method with no training data required and decreased image inputs for the large cloudy area,EXCLUDE/E4,retrieve full text; abstract has no numeric cross-domain result (or no abstract)
3,R00916,2020,Remote Sensing Letters,10.1080/2150704x.2020.1821120,Fully convolutional neural nets in-the-wild,EXCLUDE/E4,retrieve full text; abstract has no numeric cross-domain result (or no abstract)
3,R00918,2022,Journal of Applied Remote Sensing,10.1117/1.jrs.16.024519,Classification of remote sensing time series and similarity metrics for crop type verification,EXCLUDE/E4,retrieve full text; abstract has no numeric cross-domain result (or no abstract)
3,R00958,2025,ISPRS Journal of Photogrammetry and Remote Sensing,10.1016/j.isprsjprs.2025.04.004,TKSF-KAN: Transformer-enhanced oat yield modeling and transferability across major oat-producing regions in China using UAV multisource data,EXCLUDE/E4,retrieve full text; abstract has no numeric cross-domain result (or no abstract)
3,R00981,2024,Computers and Electronics in Agriculture,10.1016/j.compag.2024.109012,GACDNet:Mapping winter wheat by generative adversarial cross-domain networks with transformer integration for zero-sample extraction,EXCLUDE/E4,retrieve full text; abstract has no numeric cross-domain result (or no abstract)
3,R00988,2023,Plant Phenomics,10.34133/plantphenomics.0017,From Prototype to Inference: A Pipeline to Apply Deep Learning in Sorghum Panicle Detection,EXCLUDE/E4,retrieve full text; abstract has no numeric cross-domain result (or no abstract)
3,R00992,2024,Intelligent Systems with Applications,10.1016/j.iswa.2024.200468,Unsupervised domain adaptation with self-training for weed segmentation,EXCLUDE/E4,retrieve full text; abstract has no numeric cross-domain result (or no abstract)
3,R01007,2026,Computers and Electronics in Agriculture,10.1016/j.compag.2026.111558,Bridging laboratory and field hyperspectral analysis for early detection of potato late blight using Machine learning,EXCLUDE/E4,retrieve full text; abstract has no numeric cross-domain result (or no abstract)
3,R01040,2026,BMC Plant Biology,10.1186/s12870-026-08537-3,Multimodal deep learning improves cross-environment prediction of durum wheat yield components,EXCLUDE/E4,retrieve full text; abstract has no numeric cross-domain result (or no abstract)
3,R01066,2024,IEEE Transactions on Geoscience and Remote Sensing,10.1109/tgrs.2024.3442171,Bayesian Joint Adaptation Network for Crop Mapping in the Absence of Mapping Year Ground-Truth Samples,EXCLUDE/E4,retrieve full text; abstract has no numeric cross-domain result (or no abstract)
3,R01081,2021,IEEE Transactions on Geoscience and Remote Sensing,10.1109/tgrs.2021.3123117,A General Algorithm of Leaf Chlorophyll Content Estimation for a Wide Range of Plant Species,EXCLUDE/E4,retrieve full text; abstract has no numeric cross-domain result (or no abstract)
3,R01082,2025,Remote Sensing of Environment,10.1016/j.rse.2025.115051,Breaking the limitations of scenes and sensors variability: A novel unsupervised domain adaptive instance segmentation framework for agricultural field extraction,EXCLUDE/E4,retrieve full text; abstract has no numeric cross-domain result (or no abstract)
3,R01087,2026,Scientific Reports,10.1038/s41598-026-45684-x,PlantCLR: contrastive self-supervised pretraining for generalizable plant disease detection,EXCLUDE/E4,retrieve full text; abstract has no numeric cross-domain result (or no abstract)
3,R01170,2025,ISPRS Journal of Photogrammetry and Remote Sensing,10.1016/j.isprsjprs.2025.03.024,Self-attention and frequency-augmentation for unsupervised domain adaptation in satellite image-based time series classification,EXCLUDE/E4,retrieve full text; abstract has no numeric cross-domain result (or no abstract)
3,R01182,2025,IEEE Journal of Selected Topics in Applied Earth Observations and Remote Sensing,10.1109/jstars.2025.3573750,"A General Model for Large-Scale Paddy Rice Mapping by Combining Biological Characteristics, Deep Learning, and Multisource Remote Sensing Data",EXCLUDE/E4,retrieve full text; abstract has no numeric cross-domain result (or no abstract)
3,R01235,2024,Plant Phenomics,10.34133/plantphenomics.0268,Counting Canola: Toward Generalizable Aerial Plant Detection Models,EXCLUDE/E4,retrieve full text; abstract has no numeric cross-domain result (or no abstract)
3,R01249,2026,Applied Soft Computing,10.1016/j.asoc.2026.115515,A lightweight CNN supported by partially skip-connected CAE for plant disease identification across multiple agricultural environments,EXCLUDE/E4,retrieve full text; abstract has no numeric cross-domain result (or no abstract)
3,R01269,2024,Smart Agricultural Technology,10.1016/j.atech.2024.100581,Efficient physics-informed transfer learning to quantify biochemical traits of winter wheat from UAV multispectral imagery,EXCLUDE/E4,retrieve full text; abstract has no numeric cross-domain result (or no abstract)
3,R01284,2015,ISPRS Journal of Photogrammetry and Remote Sensing,10.1016/j.isprsjprs.2015.07.001,Decision fusion and non-parametric classifiers for land use mapping using multi-temporal RapidEye data,EXCLUDE/E4,retrieve full text; abstract has no numeric cross-domain result (or no abstract)
3,R01302,2024,The Plant Phenome Journal,10.1002/ppj2.70006,Manifold and spatiotemporal learning on multispectral unoccupied aerial system imagery for phenotype prediction,EXCLUDE/E4,retrieve full text; abstract has no numeric cross-domain result (or no abstract)
3,R01303,2025,Smart Agricultural Technology,10.1016/j.atech.2025.100877,Automated detection of downy mildew and powdery mildew symptoms for vineyard disease management,EXCLUDE/E4,retrieve full text; abstract has no numeric cross-domain result (or no abstract)
3,R01432,2026,ISPRS Open Journal of Photogrammetry and Remote Sensing,10.1016/j.ophoto.2026.100117,Benchmarking for practice: Few-shot time-series crop-type classification on the EuroCropsML dataset,EXCLUDE/E4,retrieve full text; abstract has no numeric cross-domain result (or no abstract)
3,R01504,2025,Franklin Open,10.1016/j.fraope.2025.100369,Weed image classification with generative AI using latent denoising diffusion probabilistic model and Wiener filtering approach,EXCLUDE/E4,retrieve full text; abstract has no numeric cross-domain result (or no abstract)
3,R01524,2026,Potato Research,10.1007/s11540-026-10063-6,Comparative Evaluation of Deep Features and Traditional Classifiers in the Detection of Potato Leaf Diseases,EXCLUDE/E4,retrieve full text; abstract has no numeric cross-domain result (or no abstract)
3,R01563,2026,Remote Sensing of Environment,10.1016/j.rse.2026.115336,Enhancing transferability of foliar trait retrieval models: A comparative analysis of transfer learning strategies and domain shift characterization,EXCLUDE/E4,retrieve full text; abstract has no numeric cross-domain result (or no abstract)
3,R01604,2026,Knowledge-Based Systems,10.1016/j.knosys.2026.115703,Incremental learning with dynamic memory replay for crop-disease classification across diverse environments,EXCLUDE/E4,retrieve full text; abstract has no numeric cross-domain result (or no abstract)
3,R01684,2025,Applied Engineering in Agriculture,10.13031/aea.16247,Development and Preliminary Evaluation of a YOLO-Based Fruit Counting and Maturity Evaluation Mobile Application for Blueberries,EXCLUDE/E4,retrieve full text; abstract has no numeric cross-domain result (or no abstract)
3,R01774,2025,SSRN Electronic Journal,10.2139/ssrn.5946343,Generalized cross-crop and cross-sensor plant nitrogen estimation with Wasserstein generative augmentation,EXCLUDE/E4,retrieve full text; abstract has no numeric cross-domain result (or no abstract)
3,R01792,2026,SSRN Electronic Journal,10.2139/ssrn.7360015,"Sparse Feature Selection, Not Deep Learning Capacity, Drives Spatial Transfer in Crop Classification",EXCLUDE/E4,retrieve full text; abstract has no numeric cross-domain result (or no abstract)
3,R01916,2026,INTERANTIONAL JOURNAL OF SCIENTIFIC RESEARCH IN ENGINEERING AND MANAGEMENT,10.55041/ijsrem66380,Performance Evaluation and Cross-Dataset Validation of Machine Learning Algorithms for Crop Disease Identification Using Rice and Maize Leaf Images,EXCLUDE/E4,retrieve full text; abstract has no numeric cross-domain result (or no abstract)
3,R01970,2024,IEEE Sensors Journal,10.1109/jsen.2024.3459618,Maize Tasseling Stage Automated Observation Method via Semantic Enhancement and Context Occlusion Learning,EXCLUDE/E4,retrieve full text; abstract has no numeric cross-domain result (or no abstract)
3,R01971,2024,Smart Agricultural Technology,10.1016/j.atech.2024.100513,Garlic yield monitoring using vegetation indices and texture features derived from UAV multispectral imagery,EXCLUDE/E4,retrieve full text; abstract has no numeric cross-domain result (or no abstract)
3,R02057,2026,Precision Agriculture,10.1007/s11119-026-10454-2,An agronomically informed framework for temporally transferable yield prediction,EXCLUDE/E4,retrieve full text; abstract has no numeric cross-domain result (or no abstract)
3,R02108,2025,,10.36227/techrxiv.174062971.11176782/v1,A Vision-Language Foundation Model for Leaf Disease Identification,EXCLUDE/E4,retrieve full text; abstract has no numeric cross-domain result (or no abstract)
3,R02113,2025,Cognitive Computation,10.1007/s12559-025-10488-0,Test-Time Adaptation of a Multi-Class Object Localization and Size Estimation Framework for Smart Agriculture Applications,EXCLUDE/E4,retrieve full text; abstract has no numeric cross-domain result (or no abstract)
3,R02175,2026,Field Crops Research,10.1016/j.fcr.2026.110730,Integrating a process-based crop model with machine learning for early-season summer maize yield prediction in the Huang-Huai-Hai Plain,EXCLUDE/E4,retrieve full text; abstract has no numeric cross-domain result (or no abstract)
3,R02226,2026,SSRN Electronic Journal,10.2139/ssrn.7153993,CNN-Based Crop Disease Detection: A Comparative Analysis of Architecture Performance Under Laboratory and Field Conditions,EXCLUDE/E4,retrieve full text; abstract has no numeric cross-domain result (or no abstract)
3,R02229,2026,Smart Agricultural Technology,10.1016/j.atech.2026.102350,Cover crop biomass estimation using UAV-based multispectral feature fusion and machine learning,EXCLUDE/E4,retrieve full text; abstract has no numeric cross-domain result (or no abstract)
3,R02236,2026,SSRN Electronic Journal,10.2139/ssrn.6539919,AgrI Challenge: Cross-Team Validation for Quantifying Domain Shift in Multi-Source Agricultural Vision,EXCLUDE/E4,retrieve full text; abstract has no numeric cross-domain result (or no abstract)
3,R02240,2026,Machine Vision and Applications,10.1007/s00138-026-01910-0,Abnormality detection and quantification in maize fields using selective unsupervised domain adaptation,EXCLUDE/E4,retrieve full text; abstract has no numeric cross-domain result (or no abstract)
3,R02248,2026,Zenodo (CERN European Organization for Nuclear Research),10.5281/zenodo.23008134,Disentangling Phenotypic Plasticity: A Causal Representation Learning Framework for Cross-Domain Agricultural Vision,EXCLUDE/E4,retrieve full text; abstract has no numeric cross-domain result (or no abstract)
3,R02257,2026,SSRN Electronic Journal,10.2139/ssrn.7267481,Temporal Generalization Evaluation of Deep Semantic Segmentation Models for UAV-Based Wheat Lodging Monitoring Under Transfer Learning,EXCLUDE/E4,retrieve full text; abstract has no numeric cross-domain result (or no abstract)
3,R02294,2026,Zenodo (CERN European Organization for Nuclear Research),10.5281/zenodo.21833836,Evaluating the Reliability of CNN-Based Tomato Disease Classification Under Real-World Conditions: An AI Safety Case Study,EXCLUDE/E4,retrieve full text; abstract has no numeric cross-domain result (or no abstract)
3,R02318,2025,SSRN Electronic Journal,10.2139/ssrn.5252482,A Cyclegan -Based Cross-Domain Tea Shoots Data Augmentation Method in Unstructured Agricultural Environments,EXCLUDE/E4,retrieve full text; abstract has no numeric cross-domain result (or no abstract)
3,R02354,2026,Engineering Applications of Artificial Intelligence,10.1016/j.engappai.2026.114771,A data-centric deep learning framework for Esca disease detection on visible grapevine leaf surfaces under cross-dataset field conditions,EXCLUDE/E4,retrieve full text; abstract has no numeric cross-domain result (or no abstract)
3,R02434,2026,Applied Mathematical Sciences,10.12988/ams.2026.919323,Cross-country generalization bias in agricultural production: do machine learning models learn the same way?,EXCLUDE/E4,retrieve full text; abstract has no numeric cross-domain result (or no abstract)
3,R02534,2026,Figshare,10.6084/m9.figshare.31385791.v1,Out-of-year parcel identification using adversarial domain adaptation and multi-temporal satellite imagery to enhance vineyard health monitoring,EXCLUDE/E4,retrieve full text; abstract has no numeric cross-domain result (or no abstract)
3,R02587,2026,Computers and Electronics in Agriculture,10.1016/j.compag.2026.111964,A layered domain adaptation method for wheat head detection via state–space hybridization and channel-guided cross-scale fusion,EXCLUDE/E4,retrieve full text; abstract has no numeric cross-domain result (or no abstract)
3,R02612,2026,The Plant Phenome Journal,10.1002/ppj2.70087,Assessing robustness and transferability of image‐based semantic segmentation models for major field crops,EXCLUDE/E4,retrieve full text; abstract has no numeric cross-domain result (or no abstract)
3,R02634,2026,SSRN Electronic Journal,10.2139/ssrn.6589940,Environmental Metadata Fusion Improves Within-Distribution Plant Disease Classification Under Image Degradation and Reveals Potential OOD Metadata Risks in Proxy Cross-Region Evaluation,EXCLUDE/E4,retrieve full text; abstract has no numeric cross-domain result (or no abstract)
3,R02688,2025,SSRN Electronic Journal,10.2139/ssrn.5242851,Classification Layers and Pooling Strategies for Generalization in Plant Disease Identification,EXCLUDE/E4,retrieve full text; abstract has no numeric cross-domain result (or no abstract)
3,R02791,2026,International Journal of Remote Sensing,10.1080/01431161.2026.2648095,Crop presence and growth-stage mapping in a tropical smallholder setting in Hawai‘i with PlanetScope time series,EXCLUDE/E4,retrieve full text; abstract has no numeric cross-domain result (or no abstract)
3,R02837,2026,Preprints.org,10.20944/preprints202609.1678.v1,AI-Based Crop Disease Detection from Leaf Images: A Focused Review and Robust Evaluation Framework,EXCLUDE/E4,retrieve full text; abstract has no numeric cross-domain result (or no abstract)
3,R02889,2026,Sensors,10.3390/s26103206,AD-DETR: A Real-Time Transformer with Multi-Scale Alignment and Spatial–Spectral Fusion for Crop Disease Detection,EXCLUDE/E4,retrieve full text; abstract has no numeric cross-domain result (or no abstract)
3,R02997,2025,Iran Journal of Computer Science,10.1007/s42044-025-00274-4,Plant leaf disease recognition using deep dynamic joint adaptation networks based on partially labeled data,EXCLUDE/E4,retrieve full text; abstract has no numeric cross-domain result (or no abstract)
3,R03005,2026,Geo-spatial Information Science,10.1080/10095020.2026.2624280,Deep transfer learning-based estimation of crop fractional vegetation cover at high spatiotemporal resolution using moderate-resolution satellite products,EXCLUDE/E4,retrieve full text; abstract has no numeric cross-domain result (or no abstract)
3,R03080,2026,International Journal of Applied Earth Observation and Geoinformation,10.1016/j.jag.2026.105548,PLGCA-SAM: Progressive local and global context-aware network incorporating SAM for remote sensing crop mapping,EXCLUDE/E4,retrieve full text; abstract has no numeric cross-domain result (or no abstract)
3,R03133,2026,Gesellschaft für Informatik (GI),10.18420/giljt2026_07,Self-supervised representation learning for robust weed detection,EXCLUDE/E4,retrieve full text; abstract has no numeric cross-domain result (or no abstract)
3,R03228,2025,SSRN Electronic Journal,10.2139/ssrn.5352243,From National to Global: Mapping Global Center-Pivot Irrigated Cropland with Knowledge Guided Data Augmentation,EXCLUDE/E4,retrieve full text; abstract has no numeric cross-domain result (or no abstract)
3,R03253,2026,Applied Sciences,10.3390/app16073177,CE-Fusion Botanic: A Lightweight Leaf Disease Detection Model via Adaptive Local–Global Information Fusion,EXCLUDE/E4,retrieve full text; abstract has no numeric cross-domain result (or no abstract)
3,R03277,2026,SSRN Electronic Journal,10.2139/ssrn.7345639,From barley to rapeseed: few-shot fine-tuning of semantic segmentation models for weed detection using UAV multispectral imagery,EXCLUDE/E4,retrieve full text; abstract has no numeric cross-domain result (or no abstract)
3,R03317,2025,Computers and Electronics in Agriculture,10.1016/j.compag.2025.111270,"Peanut yield and grade prediction in Georgia, USA: integrating management, climate, and remote sensing data with explainable AI",EXCLUDE/E4,retrieve full text; abstract has no numeric cross-domain result (or no abstract)
3,R03467,2026,SSRN Electronic Journal,10.2139/ssrn.6827633,Mitigating Cross-Dataset Feature Shifts via a Multi-Loss Self-Reconstruction Filter: A Correction-Detection Framework for UAV-Based Yuzu Detection,EXCLUDE/E4,retrieve full text; abstract has no numeric cross-domain result (or no abstract)
3,R03661,2026,Artificial Intelligence in Agriculture,10.1016/j.aiia.2026.04.012,Combining transfer learning and hyperspectral data to identify the severity of mild Fusarium head blight infection in wheat,EXCLUDE/E4,retrieve full text; abstract has no numeric cross-domain result (or no abstract)
3,R03738,2026,Agriculture,10.3390/agriculture16060664,Detection of Floricane Raspberry Shrubs from Unmanned Aerial Vehicle Imagery Using YOLO Models,EXCLUDE/E4,retrieve full text; abstract has no numeric cross-domain result (or no abstract)
3,R03749,2026,SSRN Electronic Journal,10.2139/ssrn.7372001,SPARC-CL: Feature Unlearning for Domain-Adaptive Leaf Disease Classification on Edge Devices,EXCLUDE/E4,retrieve full text; abstract has no numeric cross-domain result (or no abstract)
3,R03810,2026,IEEE Access,10.1109/access.2026.3734726,A Domain-Invariant and Edge-Efficient Framework for Leaf Disease Classification,EXCLUDE/E4,retrieve full text; abstract has no numeric cross-domain result (or no abstract)
3,R03828,2026,Journal of the Indian Society of Remote Sensing,10.1007/s12524-026-02567-y,Harmonic-Phenology-Topography Fusion for Sugarcane Classification Using MODIS NDVI Time Series: A Temporally Generalizable and Interpretable Framework,EXCLUDE/E4,retrieve full text; abstract has no numeric cross-domain result (or no abstract)
3,R04006,2026,DOAJ (DOAJ: Directory of Open Access Journals),10.12133/j.smartag.sa202510026,A Bi-LSTM Prediction Method for Apple First Flowering Date Based on Enhanced Time-Series Temperature Features,EXCLUDE/E4,retrieve full text; abstract has no numeric cross-domain result (or no abstract)
3,R04016,2026,International Journal of Agronomy,10.1155/ioa/1411368,Integrating Vegetation Indices and Texture Features From UAS Imagery to Improve Yield Prediction and Growth Analysis of Spinach ( Spinacia oleracea L.),EXCLUDE/E4,retrieve full text; abstract has no numeric cross-domain result (or no abstract)
3,R04347,2026,PFG – Journal of Photogrammetry Remote Sensing and Geoinformation Science,10.1007/s41064-026-00419-5,Unsupervised Domain Adaptation with Temporal Prompts for Robust Crop Classification in Satellite Imagery,EXCLUDE/E4,retrieve full text; abstract has no numeric cross-domain result (or no abstract)
3,R04369,2024,International Conference on Computing Communication and Networking Technologies,10.1109/icccnt61001.2024.10725369,Cross-Species Plant Disease Detection: Utilizing Neural Style Transfer on Mango and Apple Leaf Images,EXCLUDE/E4,retrieve full text; abstract has no numeric cross-domain result (or no abstract)
3,R04439,2026,2026 IEEE Mediterranean and Middle-East Geoscience and Remote Sensing Symposium (M2GARSS),10.1109/m2garss67833.2026.11582130,Integrating Spectral Attention and Multimodal Embeddings for Enhanced Winter Cereals Mapping,EXCLUDE/E4,retrieve full text; abstract has no numeric cross-domain result (or no abstract)
3,R04504,2025,2025 4th International Conference on Digital Transformation and Applications (ICDXA),10.1109/icdxa69105.2025.11329797,Evaluating Lightweight CNNs for Plant Disease Detection under Domain Shift: An Explainable Artificial Intelligence Perspective,EXCLUDE/E4,retrieve full text; abstract has no numeric cross-domain result (or no abstract)
3,R04510,2024,"2024 7th International Conference on Mechatronics, Robotics and Automation (ICMRA)",10.1109/icmra62519.2024.10809352,PDAOD: An Unsupervised Domain Adaptation Method for Orchard Apple,EXCLUDE/E4,retrieve full text; abstract has no numeric cross-domain result (or no abstract)
3,R04539,2026,Remote Sensing,10.3390/rs18172857,Cross-Domain Mixup for Parcel-Level Crop Mapping on a Multi-Year Sentinel-2 Dataset from Slovakia,EXCLUDE/E4,retrieve full text; abstract has no numeric cross-domain result (or no abstract)
3,R04662,2023,Industrial Conference on Data Mining,10.1109/icdm58522.2023.00031,"Using UAV-Based Multispectral Imagery, Data-Driven Models, and Spatial Cross-Validation for Corn Grain Yield Prediction",EXCLUDE/E4,retrieve full text; abstract has no numeric cross-domain result (or no abstract)
3,R04727,2024,Conference on Information Technology for Social Good,10.1145/3677525.3678696,Cross-Regional Transferability of AI Crop-Type Mapping: Insights and Challenges,EXCLUDE/E4,retrieve full text; abstract has no numeric cross-domain result (or no abstract)
3,R04734,2023,2023 IEEE International Workshop on Metrology for Agriculture and Forestry (MetroAgriFor),10.1109/metroagrifor58484.2023.10424071,On the automatic detection and monitoring of Leaves and Grapes using in-field optical cameras,EXCLUDE/E4,retrieve full text; abstract has no numeric cross-domain result (or no abstract)
3,R04791,2026,Smart Agricultural Technology,10.1016/j.atech.2026.102273,SOFS-Rice: Self-Organized Field-Session Discovery and Risk-Aware Domain Generalization for Robust Rice Disease Diagnosis across Benchmark and North-Indian Fields,EXCLUDE/E4,retrieve full text; abstract has no numeric cross-domain result (or no abstract)
3,R04910,2025,Plant Phenomics,10.1016/j.plaphe.2025.100024,PlantCaFo: An efficient few-shot plant disease recognition method based on foundation models,EXCLUDE/E4,retrieve full text; abstract has no numeric cross-domain result (or no abstract)
3,R04979,2026,International Conference on Independent Component Analysis and Signal Separation,10.1109/icass69550.2026.11547747,HADF: A Hybrid Adaptive Deep Framework for Robust and Mobile-Efficient Plant Disease Detection,EXCLUDE/E4,retrieve full text; abstract has no numeric cross-domain result (or no abstract)
3,R04986,2025,IEEE Journal of Selected Topics in Applied Earth Observations and Remote Sensing,10.1109/jstars.2024.3497653,In-Season Mapping of Sugarcane Planting Based on Sentinel-2 Imagery,EXCLUDE/E4,retrieve full text; abstract has no numeric cross-domain result (or no abstract)
3,R05023,2025,IEEE International Conference on Electro/Information Technology,10.1109/eit64391.2025.11103692,Exploring Feature Selection and Cross-Validation for Improved Crop Yield Prediction,EXCLUDE/E4,retrieve full text; abstract has no numeric cross-domain result (or no abstract)
3,R05083,2022,2022 IEEE Region 10 Symposium (TENSYMP),10.1109/tensymp54529.2022.9864468,Deep learning method for agriculture monitoring under adaptive environment using UAV-based aerial images,EXCLUDE/E4,retrieve full text; abstract has no numeric cross-domain result (or no abstract)
3,R05095,2025,2025 International Conference on Machine Intelligence for GeoAnalytics and Remote Sensing (MIGARS),10.1109/migars67156.2025.11232009,Time Series Mixup for Crop Segmentation in Domain Adaptation,EXCLUDE/E4,retrieve full text; abstract has no numeric cross-domain result (or no abstract)
3,R05099,2024,"Journal of Physics, Conference Series",10.1088/1742-6596/2711/1/012020,Leaf disease detection using deep Convolutional Neural Networks,EXCLUDE/E4,retrieve full text; abstract has no numeric cross-domain result (or no abstract)
3,R05155,2026,Computers and Electronics in Agriculture,10.1016/j.compag.2026.111450,MCDA: a novel domain adaptation with multiple classifiers for crop mapping,EXCLUDE/E4,retrieve full text; abstract has no numeric cross-domain result (or no abstract)
3,R05162,2025,"2025 Toronto, Ontario, Canada July 13-16, 2025",10.13031/aim.202500763,An End-to-End Deep Learning Framework for Multi-Scale Cross-Domain Weed Segmentation,EXCLUDE/E4,retrieve full text; abstract has no numeric cross-domain result (or no abstract)
3,R05235,2026,"International Conference on Electronics, Computer and Computation",10.1109/icecco67619.2026.11488762,Multi-Task Learning with CORAL-Based Feature Alignment for Cross-Domain Plant Disease Detection,EXCLUDE/E4,retrieve full text; abstract has no numeric cross-domain result (or no abstract)
3,R05244,2023,International Journal of Remote Sensing,10.1080/01431161.2023.2204199,Scale transfer learning of hyperspectral prediction model of heavy metal content in maize: From laboratory to satellite,EXCLUDE/E4,retrieve full text; abstract has no numeric cross-domain result (or no abstract)
3,R05251,2026,International Conference on Pattern Recognition Applications and Methods,10.5220/0014485200004067,Evaluating Generalizability of Convolutional Deep Learning Models for Plant Disease Classification,EXCLUDE/E4,retrieve full text; abstract has no numeric cross-domain result (or no abstract)
3,R05311,2026,IEEE Journal of Selected Topics in Applied Earth Observations and Remote Sensing,10.1109/jstars.2026.3671096,Dual-Level Domain Alignment and Boundary-Aware Optimization for Semisupervised Tree Crown Instance Segmentation in UAV Imagery,EXCLUDE/E4,retrieve full text; abstract has no numeric cross-domain result (or no abstract)
3,R05332,2018,Iberoamerican Congress on Pattern Recognition,10.1007/978-3-030-13469-3_9,A Comparative Study on Unsupervised Domain Adaptation for Coffee Crop Mapping,EXCLUDE/E4,retrieve full text; abstract has no numeric cross-domain result (or no abstract)
3,R05341,2022,"International Conference on Image, Vision and Computing",10.1109/icivc55077.2022.9886334,Cross-Domain Leaf Counting with Minimizing Feature Distances,EXCLUDE/E4,retrieve full text; abstract has no numeric cross-domain result (or no abstract)
3,R05344,2022,Remote Sensing,10.3390/rs14194915,Multibranch Unsupervised Domain Adaptation Network for Cross Multidomain Orchard Area Segmentation,EXCLUDE/E4,retrieve full text; abstract has no numeric cross-domain result (or no abstract)
3,R05388,2026,"2026 9th International Conference on Advanced Electronic Technology, Computers and Software Engineering (AETCSE)",10.1109/aetcse69203.2026.11504334,Research on a Lightweight Wheat Ear Detection Algorithm Based on GCB-YOLOv5nu,EXCLUDE/E4,retrieve full text; abstract has no numeric cross-domain result (or no abstract)
3,R05430,2024,2024 2nd International Conference on Artificial Intelligence and Machine Learning Applications Theme: Healthcare and Internet of Things (AIMLA),10.1109/aimla59606.2024.10531439,Cross-Dataset Generalization in -Based Plant Disease Recognition,EXCLUDE/E4,retrieve full text; abstract has no numeric cross-domain result (or no abstract)
3,R05438,2026,IEEE Access,10.1109/access.2026.3651737,Multimodal Graph-Based Domain Adaptation With Color and Texture Prompts for Plant Image Segmentation,EXCLUDE/E4,retrieve full text; abstract has no numeric cross-domain result (or no abstract)
3,R05517,2026,Computational nanotechnology,10.33693/2313-223x-2026-13-2-95-106,Domain adaptation in the space of ontology-grounded concepts for cross-domain classification of biological-object images,EXCLUDE/E4,retrieve full text; abstract has no numeric cross-domain result (or no abstract)
3,R05521,2021,International Conference on Digital Image Computing: Techniques and Applications,10.1109/dicta52665.2021.9647293,Domain Adaptation for Plant Organ Detection with Style Transfer,EXCLUDE/E4,retrieve full text; abstract has no numeric cross-domain result (or no abstract)
3,R05536,2025,IEEE International Geoscience and Remote Sensing Symposium,10.1109/igarss55030.2025.11242356,Improved Crop Disease Detection Across Years Via Adversarial Domain Adaptation Applied to Hyperspectral and Thermal Imagery,EXCLUDE/E4,retrieve full text; abstract has no numeric cross-domain result (or no abstract)
3,R05654,2025,Plant Phenomics,10.1016/j.plaphe.2025.100004,Dynamic maize true leaf area index retrieval with KGCNN and TL and integrated 3D radiative transfer modeling for crop phenotyping,EXCLUDE/E4,retrieve full text; abstract has no numeric cross-domain result (or no abstract)
3,R05675,2025,2025 IEEE International Conference on Advances in Data-Driven Analytics And Intelligent Systems (ADACIS),10.1109/adacis65663.2025.11436706,Manifestation-Aware Contrastive Learning for Cross-Domain Tomato Disease Classification with Limited Data,EXCLUDE/E4,retrieve full text; abstract has no numeric cross-domain result (or no abstract)
3,R05717,2024,IEEE International Geoscience and Remote Sensing Symposium,10.1109/igarss53475.2024.10641082,MVDC: A Multi-View Domain Confusion Strategy for Cross Domain Change Detection,EXCLUDE/E4,retrieve full text; abstract has no numeric cross-domain result (or no abstract)
3,R05727,2019,IEEE/OES Working Conference on Current Measurement Technology,10.1109/cmt.2019.8931403,Land cover intelligent mapping using transfer learning and semantic segmentation,EXCLUDE/E4,retrieve full text; abstract has no numeric cross-domain result (or no abstract)
3,R05740,2020,,,Quasi-Unsupervised Fruit Counting Using Domain Adaptation and Spatial Consistency,EXCLUDE/E4,retrieve full text; abstract has no numeric cross-domain result (or no abstract)
3,R05755,2025,Jurnal RESTI (Rekayasa Sistem dan Teknologi Informasi),10.29207/resti.v9i5.6857,Addressing Class Imbalance in Oil Palm Disease and Micronutrient Deficiency Detection Using Meta-Learned Transfer Metric Learning,EXCLUDE/E4,retrieve full text; abstract has no numeric cross-domain result (or no abstract)
3,R05772,2026,Data in Brief,10.1016/j.dib.2026.113168,A multi agro-climatic reference dataset for irrigated and non-irrigated fields: France and Kazakhstan,EXCLUDE/E4,retrieve full text; abstract has no numeric cross-domain result (or no abstract)
3,R05815,2025,Remote Sensing,10.3390/rs17223762,A Class-Aware Unsupervised Domain Adaptation Framework for Cross-Continental Crop Classification with Sentinel-2 Time Series,EXCLUDE/E4,retrieve full text; abstract has no numeric cross-domain result (or no abstract)
3,R05906,2019,2019 IEEE/CVF Conference on Computer Vision and Pattern Recognition Workshops (CVPRW),10.1109/cvprw.2019.00315,Leaf Counting Without Annotations Using Adversarial Unsupervised Domain Adaptation,EXCLUDE/E4,retrieve full text; abstract has no numeric cross-domain result (or no abstract)
3,R05910,2024,2024 IEEE/CVF Conference on Computer Vision and Pattern Recognition Workshops (CVPRW),10.1109/cvprw63382.2024.00255,Unsupervised Domain Adaptation for Weed Segmentation Using Greedy Pseudo-labelling,EXCLUDE/E4,retrieve full text; abstract has no numeric cross-domain result (or no abstract)
3,R05922,2026,Defense + Security,10.1117/12.3094909,Bridging the camera gap: evaluating AI-based cross-sensor domain shift in weed detection on the amiga robotic platform,EXCLUDE/E4,retrieve full text; abstract has no numeric cross-domain result (or no abstract)
3,R05939,2026,Agronomy,10.3390/agronomy16141370,Improving Out-of-Distribution Robustness for Wheat Head Detection: A Lightweight Modified YOLOv13 Approach,EXCLUDE/E4,retrieve full text; abstract has no numeric cross-domain result (or no abstract)
3,R05982,2022,International Symposium on Image and Signal Processing and Analysis,10.1109/ispa54004.2022.9786306,Transfer Learning for Plant Disease Detection on Complex Images,EXCLUDE/E4,retrieve full text; abstract has no numeric cross-domain result (or no abstract)
3,R06012,2026,2026 International Conference on Next Generation Electronics (NELEX),10.1109/nelex69209.2026.11590231,Lightweight Cross-Domain Soybean Disease Detection Using MobileNetV3 and Contrastive Feature Alignment on UAV and Leaf Imagery,EXCLUDE/E4,retrieve full text; abstract has no numeric cross-domain result (or no abstract)
3,R06057,2026,Pattern Recognition,10.1016/j.patcog.2026.113086,TG-fusion: A target-guided fusion framework for domain-adaptive counting,EXCLUDE/E4,retrieve full text; abstract has no numeric cross-domain result (or no abstract)
3,R06060,2026,2026 9th International Conference on Advanced Algorithms and Control Engineering (ICAACE),10.1109/icaace69793.2026.11508629,Res-GHA-Net: A Physiology-Aware Adaptive Transfer Framework with Residual Gated Attention for Cross-Greenhouse Tomato Growth Prediction,EXCLUDE/E4,retrieve full text; abstract has no numeric cross-domain result (or no abstract)
3,R06068,2024,ROBOT,10.1109/robot61475.2024.10797395,Multispectral Image Segmentation in Agriculture: Evaluating Deep Learning Models with Train-Test Split and Cross-Validation Strategies,EXCLUDE/E4,retrieve full text; abstract has no numeric cross-domain result (or no abstract)
3,R06125,2021,Signal Processing and Communications Applications Conference,10.1109/siu53274.2021.9477948,Weed and Crop Classification with Domain Adaptation for Precision Agriculture,EXCLUDE/E4,retrieve full text; abstract has no numeric cross-domain result (or no abstract)
3,R06128,2024,Conference on Information Technology for Social Good,10.1145/3677525.3678639,Domain-Adaptive TinyML Model for Efficient Pest and Disease Detection in Domestic Crops: A Practical Approach for Developing Countries,EXCLUDE/E4,retrieve full text; abstract has no numeric cross-domain result (or no abstract)
3,R06140,2024,2024 IEEE International Conference on Interdisciplinary Approaches in Technology and Management for Social Innovation (IATMSI),10.1109/iatmsi60426.2024.10503427,Mitigating Mustard Downy Mildew Disease: Early Detection and Prevention through a Hybrid CNN-SVM Model,EXCLUDE/E4,retrieve full text; abstract has no numeric cross-domain result (or no abstract)
3,R06188,2026,2026 28th International Conference on Digital Signal Processing and its Applications (DSPA),10.1109/dspa69176.2026.11476792,Staged Training for Robust Crop and Weed Detection Under Temporal Domain Shift Using YOLO26,EXCLUDE/E4,retrieve full text; abstract has no numeric cross-domain result (or no abstract)
3,R06210,2026,International Conference on Image Processing. Machine Learning and Pattern Recognition,10.1117/12.3122165,Prior-matched dual-branch network for unsupervised domain-adaptive plant disease classification,EXCLUDE/E4,retrieve full text; abstract has no numeric cross-domain result (or no abstract)
3,R06235,2025,2025 IEEE/CVF International Conference on Computer Vision Workshops (ICCVW),10.1109/iccvw69036.2025.00310,"Plantation Bench: A Multiscale, Multimodal Remote Sensing Benchmark for Plantation Mapping Under Distribution Shift",EXCLUDE/E4,retrieve full text; abstract has no numeric cross-domain result (or no abstract)
3,R06319,2021,Journal of Imaging,10.3390/jimaging7100198,Semi-Supervised Domain Adaptation for Holistic Counting under Label Gap,EXCLUDE/E4,retrieve full text; abstract has no numeric cross-domain result (or no abstract)
3,R06342,2020,IEEE/RJS International Conference on Intelligent RObots and Systems,10.1109/iros45743.2020.9341277,"Unsupervised Domain Adaptation for Transferring Plant Classification Systems to New Field Environments, Crops, and Robots",EXCLUDE/E4,retrieve full text; abstract has no numeric cross-domain result (or no abstract)
3,R06351,2024,Agriculture,10.3390/agriculture14091511,Gini Coefficient-Based Feature Learning for Unsupervised Cross-Domain Classification with Compact Polarimetric SAR Data,EXCLUDE/E4,retrieve full text; abstract has no numeric cross-domain result (or no abstract)
3,R06372,2025,International Journal of Applied Earth Observation and Geoinformation,10.1016/j.jag.2025.104379,CSTN: A cross-region crop mapping method integrating self-training and contrastive domain adaptation,EXCLUDE/E4,retrieve full text; abstract has no numeric cross-domain result (or no abstract)
3,R06443,2022,,,Multi-source Unsupervised Domain Adaptation on Corn Yield Prediction,EXCLUDE/E4,retrieve full text; abstract has no numeric cross-domain result (or no abstract)
3,R06448,2024,International Conference on Machine Learning and Applications,10.1109/icmla61862.2024.00246,Domain-Invariant Crop Type Mapping Using Transformer-Based Time-Frequency Feature Extraction and Adaptation for Unlabeled Target Regions,EXCLUDE/E4,retrieve full text; abstract has no numeric cross-domain result (or no abstract)
3,R06488,2026,"2026 5th International Symposium on Robotics, Artificial Intelligence and Information Engineering (RAIIE)",10.1109/raiie70320.2026.11566956,Class-Aware Contrastive Learning for Few-Shot Crop Disease Recognition,EXCLUDE/E4,retrieve full text; abstract has no numeric cross-domain result (or no abstract)
3,R06495,2025,International Symposium on Visual Computing,10.1007/978-3-032-14492-8_20,Abnormality Detection in Maize Fields Using Selective Domain Adaptation-Driven Data Augmentation,EXCLUDE/E4,retrieve full text; abstract has no numeric cross-domain result (or no abstract)
3,R06504,2026,Pattern Analysis and Applications,10.1007/s10044-026-01754-4,OrchardDA-YOLO: a semi-supervised domain adaptation object detection framework for orchard scenarios,EXCLUDE/E4,retrieve full text; abstract has no numeric cross-domain result (or no abstract)
3,R06526,2024,2024 IEEE 20th International Conference on Automation Science and Engineering (CASE),10.1109/case59546.2024.10711616,Tackling Environmental Variability: Few Shot Segmentation for Domain-Adaptive Weed Segmentation in Agricultural Robotics,EXCLUDE/E4,retrieve full text; abstract has no numeric cross-domain result (or no abstract)
3,R06709,2026,Electronics,10.3390/electronics15081762,PrivAgriVolt: Privacy-Preserving Shadow-Aware Vision for Crop Stress Diagnosis in Agrivoltaic Photovoltaic Systems,EXCLUDE/E4,retrieve full text; abstract has no numeric cross-domain result (or no abstract)
3,R06748,2025,Applied Sciences,10.3390/app15137056,Class-Balanced Random Patch Training to Address Class Imbalance in Tiling-Based Farmland Classification,EXCLUDE/E4,retrieve full text; abstract has no numeric cross-domain result (or no abstract)
3,R06778,2025,Scientific Reports,10.1038/s41598-025-26225-4,Bridging domain gaps in agricultural 3D point cloud classification using adversarial domain adaptation,EXCLUDE/E4,retrieve full text; abstract has no numeric cross-domain result (or no abstract)
3,R06790,2026,2026 IEEE International Conference on Emerging Computing and Intelligent Technologies (ICoECIT),10.1109/icoecit68303.2026.11497206,UAV-assisted MinMax Entropy and Artificial Intelligence-based Semi Supervised Domain Adaptation Approach for Rice Disease Detection,EXCLUDE/E4,retrieve full text; abstract has no numeric cross-domain result (or no abstract)
3,R06793,2025,International Journal of Applied Earth Observation and Geoinformation,10.1016/j.jag.2025.104795,CR-CLCD: A cross-regional cropland change detection framework with multi-view domain adaptation for high-resolution satellite imagery,EXCLUDE/E4,retrieve full text; abstract has no numeric cross-domain result (or no abstract)
3,R06823,2025,2025 IEEE/CVF International Conference on Computer Vision Workshops (ICCVW),10.1109/iccvw69036.2025.00736,AgMIC: Agricultural Masked Image Consistency for Cross-Domain Segmentation,EXCLUDE/E4,retrieve full text; abstract has no numeric cross-domain result (or no abstract)
3,R06894,2024,Biosystems Engineering,10.1016/j.biosystemseng.2024.10.005,An effective unsupervised domain adaptation for in-field potato disease recognition,EXCLUDE/E4,retrieve full text; abstract has no numeric cross-domain result (or no abstract)
3,R06897,2025,2025 IEEE/CVF Conference on Computer Vision and Pattern Recognition Workshops (CVPRW),10.1109/cvprw67362.2025.00211,Task-Informed Meta-Learning for Remote Sensing,EXCLUDE/E4,retrieve full text; abstract has no numeric cross-domain result (or no abstract)
3,R06899,2021,Iberoamerican Congress on Pattern Recognition,10.1007/978-3-030-93420-0_14,Low-Cost Domain Adaptation for Crop and Weed Segmentation,EXCLUDE/E4,retrieve full text; abstract has no numeric cross-domain result (or no abstract)
3,R06901,2025,International Conference on Artificial Intelligence and Soft Computing,10.1007/978-3-032-03708-4_1,An Autonomous Weeding Robot with Novel Unsupervised Domain Adaptation,EXCLUDE/E4,retrieve full text; abstract has no numeric cross-domain result (or no abstract)
3,R06925,2026,2026 International Conference on Machine Intelligence for GeoAnalytics and Remote Sensing (MIGARS),10.1109/migars72065.2026.11689206,Evaluating Temporal Deep Learning and Tree-Based Models for Rice Irrigation-Practice Classification,EXCLUDE/E4,retrieve full text; abstract has no numeric cross-domain result (or no abstract)
3,R06967,2025,Computers and Electronics in Agriculture,10.1016/j.compag.2025.110473,Unsupervised domain adaptation semantic segmentation method for wheat disease detection based on UAV multispectral images,EXCLUDE/E4,retrieve full text; abstract has no numeric cross-domain result (or no abstract)
3,R06982,2023,Acta Horticulturae,10.17660/actahortic.2023.1360.8,Deep learning-based open set domain adaptation for plant disease recognition across multiple greenhouse scenarios,EXCLUDE/E4,retrieve full text; abstract has no numeric cross-domain result (or no abstract)
3,R06991,2026,2026 IEEE/CVF Winter Conference on Applications of Computer Vision Workshops (WACVW),10.1109/wacvw68408.2026.00092,Bridging the Domain Gap in Agricultural Vision: Parameter-Efficient VLM Adaptation via Expert Descriptions,EXCLUDE/E4,retrieve full text; abstract has no numeric cross-domain result (or no abstract)
3,R07008,2025,Asia-Pacific Signal and Information Processing Association Annual Summit and Conference,10.1109/apsipaasc65261.2025.11249182,Pixel-Weighted Domain Adaptation for Agricultural Segmentation,EXCLUDE/E4,retrieve full text; abstract has no numeric cross-domain result (or no abstract)
3,R07032,2020,International Conference on Machine Vision,10.1117/12.2559514,Unsupervised domain adaptation for DNN-based automated harvesting,EXCLUDE/E4,retrieve full text; abstract has no numeric cross-domain result (or no abstract)
3,R07037,2023,Remote Sensing of Environment,10.1016/j.rse.2023.113496,Rapid early-season maize mapping without crop labels,EXCLUDE/E4,retrieve full text; abstract has no numeric cross-domain result (or no abstract)
3,R07040,2022,ISPRS Journal of Photogrammetry and Remote Sensing,10.1016/j.isprsjprs.2022.09.010,Cross-phenological-region crop mapping framework using Sentinel-2 time series Imagery: A new perspective for winter crops in China,EXCLUDE/E4,retrieve full text; abstract has no numeric cross-domain result (or no abstract)
3,R07069,2026,Computers and Electronics in Agriculture,10.1016/j.compag.2026.111862,"Generative diffusion models for agricultural AI: Plant image generation, indoor-to-outdoor translation, and expert preference alignment",EXCLUDE/E4,retrieve full text; abstract has no numeric cross-domain result (or no abstract)
3,R07070,2025,Journal of Remote Sensing,10.34133/remotesensing.0439,Unsupervised Cross-Regional and Cross-Year Adaptation by Climate Indicator Discrepancy for Crop Classification,EXCLUDE/E4,retrieve full text; abstract has no numeric cross-domain result (or no abstract)
3,R07116,2025,Computers and Electronics in Agriculture,10.1016/j.compag.2025.110081,A domain adaptive wheat scab detection method for UAV images,EXCLUDE/E4,retrieve full text; abstract has no numeric cross-domain result (or no abstract)
3,R07128,2024,Crop Protection,10.1016/j.cropro.2024.106690,Cross-dataset discriminant subspace learning algorithm for apple leaf diseases identification,EXCLUDE/E4,retrieve full text; abstract has no numeric cross-domain result (or no abstract)
3,R07133,2026,,10.13140/rg.2.2.29699.98086,Optimizing Lightweight YOLO for Precision Agriculture: Domain Adaptation and XAI for Crop and Weed Detection,EXCLUDE/E4,retrieve full text; abstract has no numeric cross-domain result (or no abstract)
3,R07151,2024,SSRN Electronic Journal,10.2139/ssrn.4851453,"A Robust, Rapid, and Automated Framework for Plastic-Mulched Farmland Distribution Mapping Based on Training Sample Generation and Classifier Transfer Across the Loess Plateau of China",EXCLUDE/E4,retrieve full text; abstract has no numeric cross-domain result (or no abstract)
3,R07165,2026,SSRN Electronic Journal,10.2139/ssrn.7434488,Disentangle Before You Align: A Method-Independent Evaluation of Domain Generalization for Cross-Crop Pest and Disease Recognition,EXCLUDE/E4,retrieve full text; abstract has no numeric cross-domain result (or no abstract)
3,R07170,2026,SSRN Electronic Journal,10.2139/ssrn.6835322,CD-APDM: Domain Adaptation with Long-Tail Handling for Real-Field Agricultural Pest and Disease Detection,EXCLUDE/E4,retrieve full text; abstract has no numeric cross-domain result (or no abstract)
3,R07175,2026,,10.13140/rg.2.2.19541.38889,Leveraging Temporal Distribution Shifts for Rice Disease Detection,EXCLUDE/E4,retrieve full text; abstract has no numeric cross-domain result (or no abstract)
3,R07184,2026,SSRN Electronic Journal,10.2139/ssrn.7228922,Auditing the Hidden Pitfalls of Foundation-Model-Assisted Annotation in Agricultural Vision: A Cross-Domain Stress Test on Bean Leaf Disease Detection,EXCLUDE/E4,retrieve full text; abstract has no numeric cross-domain result (or no abstract)
3,R07197,2025,Expert Systems with Applications,10.1016/j.eswa.2025.129550,HFE-Net: A lightweight cross-layer hybrid feature enhancement network for efficient Hemerocallis citrina leaf disease detection and generalization,EXCLUDE/E4,retrieve full text; abstract has no numeric cross-domain result (or no abstract)
3,R07201,2025,Computers and Electronics in Agriculture,10.1016/j.compag.2025.111195,Cross-phenological domain adaptation for early-stage peach detection,EXCLUDE/E4,retrieve full text; abstract has no numeric cross-domain result (or no abstract)
3,R07217,2026,Engineering Applications of Artificial Intelligence,10.1016/j.engappai.2026.115643,A framework for unsupervised cross-weather object detection of pears in complex environments,EXCLUDE/E4,retrieve full text; abstract has no numeric cross-domain result (or no abstract)
3,R07223,2026,International Journal of Applied Earth Observation and Geoinformation,10.1016/j.jag.2026.105357,Assessing the value of advanced Sentinel-1 SLC features for multimodal time-series crop mapping,EXCLUDE/E4,retrieve full text; abstract has no numeric cross-domain result (or no abstract)
3,R07251,2026,Computers and Electronics in Agriculture,10.1016/j.compag.2026.112429,MMTA-ACDD: Multi-teacher online adaptive learning and multimodal augmentation synergy for robust crop disease detection,EXCLUDE/E4,retrieve full text; abstract has no numeric cross-domain result (or no abstract)
3,R07285,2026,SSRN Electronic Journal,10.2139/ssrn.6685528,Evaluating Self-Supervised and Supervised Methods for Cross-Scene Generalization in Agricultural Hyperspectral Data,EXCLUDE/E4,retrieve full text; abstract has no numeric cross-domain result (or no abstract)
3,R07321,2026,Neurocomputing,10.1016/j.neucom.2026.134836,RS-prompt: Prompt-driven domain-incremental learning framework for remote sensing farmland segmentation,EXCLUDE/E4,retrieve full text; abstract has no numeric cross-domain result (or no abstract)
3,R07411,2026,Applied Fruit Science,10.1007/s10341-026-01810-7,Detection of Oranges on Trees Across Diverse Field Conditions Using YOLOV11 Models,EXCLUDE/E4,retrieve full text; abstract has no numeric cross-domain result (or no abstract)
3,R07524,2026,SSRN Electronic Journal,10.2139/ssrn.7467807,Physics-Guided Cross-Attention for Spatial Generalization in Satellite-Based Date Palm Stress Detection,EXCLUDE/E4,retrieve full text; abstract has no numeric cross-domain result (or no abstract)
