rid,task,dup_of,year,venue,doi,title,arxiv,pdf_url,oa_url,landing,openalex,s2id,cited_by,sources
R00001,D,,2018,Computers and Electronics in Agriculture,10.1016/j.compag.2018.04.002,Deep convolutional neural networks for mobile capture device-based crop disease classification in the wild,,,,https://doi.org/10.1016/j.compag.2018.04.002,W2799842361,5b1fa8135d6a27bb512019f5e279475b1b04b72b,574,OpenAlex+S2
R00004,W,,2018,IEEE Robotics and Automation Letters,10.1109/lra.2018.2846289,Fully Convolutional Networks With Sequential Information for Robust Crop and Weed Detection in Precision Farming,1806.03412,https://arxiv.org/pdf/1806.03412,https://arxiv.org/pdf/1806.03412,http://arxiv.org/abs/1806.03412,W2805267014,4abb3db338fb5ced964f92059ddebfeb2d21a532,284,OpenAlex+S2
R00005,M,,2023,ISPRS Journal of Photogrammetry and Remote Sensing,10.1016/j.isprsjprs.2023.04.002,An unsupervised domain adaptation deep learning method for spatial and temporal transferable crop type mapping using Sentinel-2 imagery,,,,https://doi.org/10.1016/j.isprsjprs.2023.04.002,W4365152888,6239f93d8b04417550798d3c1e8279772748a990,92,OpenAlex+S2
R00008,M,,2019,Remote Sensing of Environment,10.1016/j.rse.2018.12.026,Crop type mapping without field-level labels: Random forest transfer and unsupervised clustering techniques,,,,https://doi.org/10.1016/j.rse.2018.12.026,W2909728654,d39b37f983290e84b32f7525f1203ec2b486cc52,432,OpenAlex+S2
R00009,O,,2018,Plant Methods,10.1186/s13007-018-0273-z,The use of plant models in deep learning: an application to leaf counting in rosette plants,,https://plantmethods.biomedcentral.com/counter/pdf/10.1186/s13007-018-0273-z,https://plantmethods.biomedcentral.com/counter/pdf/10.1186/s13007-018-0273-z,https://doi.org/10.1186/s13007-018-0273-z,W2793323341,0dc2bb7ce5867bf03c9e6eeaf8248a09ea1b7380,268,OpenAlex+S2
R00010,M,,2020,Remote Sensing of Environment,10.1016/j.rse.2020.111912,A generalized approach based on convolutional neural networks for large area cropland mapping at very high resolution,,,,https://doi.org/10.1016/j.rse.2020.111912,W3033496625,954579f0cbd4b98d0b24db28939edd02002a3b22,167,OpenAlex+S2
R00011,M,,2020,Remote Sensing of Environment,10.1016/j.rse.2020.111946,DeepCropMapping: A multi-temporal deep learning approach with improved spatial generalizability for dynamic corn and soybean mapping,,,,https://doi.org/10.1016/j.rse.2020.111946,W3037002701,972bd288493631bd464c2efab2452b7f66a745e6,266,OpenAlex+S2
R00013,D,,2023,Plant Phenomics,10.34133/plantphenomics.0038,From Laboratory to Field: Unsupervised Domain Adaptation for Plant Disease Recognition in the Wild,,https://doi.org/10.34133/plantphenomics.0038,https://doi.org/10.34133/plantphenomics.0038,https://doi.org/10.34133/plantphenomics.0038,W4322740557,7d8479a3e15f5e03e6c96fd099e13078ee2a59d3,85,OpenAlex+S2
R00014,D,,2024,Information Processing in Agriculture,10.1016/j.inpa.2024.03.002,Innovative deep learning approach for cross-crop plant disease detection: A generalized method for identifying unhealthy leaves,,https://doi.org/10.1016/j.inpa.2024.03.002,https://doi.org/10.1016/j.inpa.2024.03.002,https://doi.org/10.1016/j.inpa.2024.03.002,W4392349432,c727ca7b19a55384ebe2b51bb737f4e386152c04,105,OpenAlex+S2
R00015,D,,2019,Frontiers in Plant Science,10.3389/fpls.2019.00272,A Mobile-Based Deep Learning Model for Cassava Disease Diagnosis,,https://www.frontiersin.org/articles/10.3389/fpls.2019.00272/pdf,https://www.frontiersin.org/articles/10.3389/fpls.2019.00272/pdf,https://doi.org/10.3389/fpls.2019.00272,W2923504698,2a565189a6960c110dc0d95ff389f6e833b680b9,265,OpenAlex+S2
R00017,Y,,2023,Frontiers in Plant Science,10.3389/fpls.2023.1128388,Using machine learning for crop yield prediction in the past or the future,,https://doi.org/10.3389/fpls.2023.1128388,https://doi.org/10.3389/fpls.2023.1128388,https://doi.org/10.3389/fpls.2023.1128388,W4361276701,06886969b8a5a68808ee0955b90e503f6f68b923,172,OpenAlex+S2
R00019,D,,2018,Remote Sensing,10.3390/rs10030395,Classifying Wheat Hyperspectral Pixels of Healthy Heads and Fusarium Head Blight Disease Using a Deep Neural Network in the Wild Field,,https://www.mdpi.com/2072-4292/10/3/395/pdf?version=1520320790,https://www.mdpi.com/2072-4292/10/3/395/pdf?version=1520320790,https://doi.org/10.3390/rs10030395,W2791303772,f57fac8810ae67cb0df9b42ff52d34b82799f4dc,192,OpenAlex+S2
R00020,O,,2020,Computers and Electronics in Agriculture,10.1016/j.compag.2020.105766,Improved crop row detection with deep neural network for early-season maize stand count in UAV imagery,,,,https://doi.org/10.1016/j.compag.2020.105766,W3084847787,80be19c3dcb0d261f9bf8742fe84ef2bb7647004,104,OpenAlex+S2
R00022,M,,2022,Remote Sensing,10.3390/rs14061493,Spatial Transferability of Random Forest Models for Crop Type Classification Using Sentinel-1 and Sentinel-2,,https://www.mdpi.com/2072-4292/14/6/1493/pdf?version=1648113820,https://www.mdpi.com/2072-4292/14/6/1493/pdf?version=1648113820,https://doi.org/10.3390/rs14061493,W4220942385,eda3134a6069289b68a816c6450c5f6001995cfb,67,OpenAlex+S2
R00026,M,,2021,Remote Sensing of Environment,10.1016/j.rse.2021.112831,"Mapping of crop types and crop sequences with combined time series of Sentinel-1, Sentinel-2 and Landsat 8 data for Germany",,https://www.sciencedirect.com/science/article/pii/S0034425721005514/pdf,https://www.sciencedirect.com/science/article/pii/S0034425721005514/pdf,https://doi.org/10.1016/j.rse.2021.112831,W4200503226,,400,OpenAlex
R00035,M,,2022,ISPRS Journal of Photogrammetry and Remote Sensing,10.1016/j.isprsjprs.2022.12.005,In-season and dynamic crop mapping using 3D convolution neural networks and sentinel-2 time series,,,https://doi.org/10.1016/j.isprsjprs.2022.12.005,https://doi.org/10.1016/j.isprsjprs.2022.12.005,W4311493446,,63,OpenAlex
R00037,W,,2019,Journal of Field Robotics,10.1002/rob.21901,Robust joint stem detection and crop‐weed classification using image sequences for plant‐specific treatment in precision farming,,https://onlinelibrary.wiley.com/doi/pdfdirect/10.1002/rob.21901,,https://doi.org/10.1002/rob.21901,W2967632598,20c711a665154b3caaa73524f5f1e39a58a12fbb,97,OpenAlex+S2
R00038,M,,2020,The Science of The Total Environment,10.1016/j.scitotenv.2020.138869,Transfer Learning for Crop classification with Cropland Data Layer data (CDL) as training samples,,https://www.sciencedirect.com/science/article/am/pii/S004896972032386X?via%3Dihub,https://www.sciencedirect.com/science/article/am/pii/S004896972032386X?via%3Dihub,https://doi.org/10.1016/j.scitotenv.2020.138869,W3018158283,6dcde6ee8d31aebe0525b64f8d547824a1c9effa,167,OpenAlex+S2
R00044,W,,2023,IEEE Robotics and Automation Letters,10.1109/lra.2023.3262417,Towards Domain Generalization in Crop and Weed Segmentation for Precision Farming Robots,,,,https://doi.org/10.1109/lra.2023.3262417,W4361029882,58903a38a763bcbb95f2d83e68561b0a140e4128,38,OpenAlex+S2
R00047,O,,2017,Plant Methods,10.1186/s13007-017-0224-0,TasselNet: counting maize tassels in the wild via local counts regression network,1707.02290,https://link.springer.com/content/pdf/10.1186/s13007-017-0224-0.pdf,https://link.springer.com/content/pdf/10.1186/s13007-017-0224-0.pdf,https://doi.org/10.1186/s13007-017-0224-0,W2734511492,33ef644ef5085237b4f529251d6c895d32d6052f,274,OpenAlex+S2
R00049,Y,,2024,ISPRS Open Journal of Photogrammetry and Remote Sensing,10.1016/j.ophoto.2024.100064,Improving spatial transferability of deep learning models for small-field crop yield prediction,,https://doi.org/10.1016/j.ophoto.2024.100064,https://doi.org/10.1016/j.ophoto.2024.100064,https://doi.org/10.1016/j.ophoto.2024.100064,W4395052254,7ba4b9ed8123dd4aa077b33db35eb867065b07f6,30,OpenAlex+S2
R00052,Y,,2023,Agricultural and Forest Meteorology,10.1016/j.agrformet.2023.109652,Improving generalisability and transferability of machine-learning-based maize yield prediction model through domain adaptation,,https://doi.org/10.2139/ssrn.4122021,https://doi.org/10.1016/j.agrformet.2023.109652,https://doi.org/10.1016/j.agrformet.2023.109652,W4385704163,f15a5ed03c1e438dd8cc2ab9862127e774ebcc17,69,OpenAlex+S2
R00056,Y,,2021,Computers and Electronics in Agriculture,10.1016/j.compag.2021.106314,An adaptive adversarial domain adaptation approach for corn yield prediction,,https://doi.org/10.1016/j.compag.2021.106314,https://doi.org/10.1016/j.compag.2021.106314,https://doi.org/10.1016/j.compag.2021.106314,W3180278384,bd40d44a67d648ef8b754c718fb0e2b000f771f2,78,OpenAlex+S2
R00057,W,,2023,Frontiers in Plant Science,10.3389/fpls.2023.1234616,Overcoming field variability: unsupervised domain adaptation for enhanced crop-weed recognition in diverse farmlands,,https://www.frontiersin.org/articles/10.3389/fpls.2023.1234616/pdf,https://www.frontiersin.org/articles/10.3389/fpls.2023.1234616/pdf,https://doi.org/10.3389/fpls.2023.1234616,W4385699411,8c9458402cf11e8ea6f89947b8f341b99c9972ff,30,OpenAlex+S2
R00061,Y,,2024,Remote Sensing,10.3390/rs16040683,"Corn Grain Yield Prediction Using UAV-Based High Spatiotemporal Resolution Imagery, Machine Learning, and Spatial Cross-Validation",,https://www.mdpi.com/2072-4292/16/4/683/pdf?version=1707923904,https://www.mdpi.com/2072-4292/16/4/683/pdf?version=1707923904,https://doi.org/10.3390/rs16040683,W4391809506,8322d16c8e89994195200afa517c5621a00847cb,69,OpenAlex+S2
R00063,M,,2023,Remote Sensing,10.3390/rs15133414,Crop Mapping without Labels: Investigating Temporal and Spatial Transferability of Crop Classification Models Using a 5-Year Sentinel-2 Series and Machine Learning,,https://www.mdpi.com/2072-4292/15/13/3414/pdf?version=1688602393,https://www.mdpi.com/2072-4292/15/13/3414/pdf?version=1688602393,https://doi.org/10.3390/rs15133414,W4383346254,5cc533fc0252aa5432e313a56a49b88c20b8ea20,26,OpenAlex+S2
R00065,D,,2025,Frontiers in Plant Science,10.3389/fpls.2025.1522985,Plant disease classification in the wild using vision transformers and mixture of experts,,https://www.frontiersin.org/journals/plant-science/articles/10.3389/fpls.2025.1522985/pdf,https://www.frontiersin.org/journals/plant-science/articles/10.3389/fpls.2025.1522985/pdf,https://doi.org/10.3389/fpls.2025.1522985,W4411394954,a748a2b25a00a2413b5c5b565ee1b8e1b659051b,43,OpenAlex+S2
R00073,M,,2023,ISPRS Journal of Photogrammetry and Remote Sensing,10.1016/j.isprsjprs.2023.03.007,Improvement in crop mapping from satellite image time series by effectively supervising deep neural networks,,,https://doi.org/10.1016/j.isprsjprs.2023.03.007,https://doi.org/10.1016/j.isprsjprs.2023.03.007,W4361199083,,48,OpenAlex
R00076,Y,,2023,Remote Sensing,10.3390/rs15184562,Improving the Transferability of Deep Learning Models for Crop Yield Prediction: A Partial Domain Adaptation Approach,,https://www.mdpi.com/2072-4292/15/18/4562/pdf?version=1694856673,https://www.mdpi.com/2072-4292/15/18/4562/pdf?version=1694856673,https://doi.org/10.3390/rs15184562,W4386838123,7883acee6a6f0c347c33ea4960235acb5495ddb7,34,OpenAlex+S2
R00080,M,,2024,International Journal of Applied Earth Observation and Geoinformation,10.1016/j.jag.2024.104084,A refined edge-aware convolutional neural networks for agricultural parcel delineation,,,https://doi.org/10.1016/j.jag.2024.104084,https://doi.org/10.1016/j.jag.2024.104084,W4401635918,,23,OpenAlex
R00082,M,,2024,Geocarto International,10.1080/10106049.2024.2387786,Cropping intensity mapping in Sentinel-2 and Landsat-8/9 remote sensing data using temporal transfer of a stacked ensemble machine learning model within google earth engine,,https://doi.org/10.1080/10106049.2024.2387786,https://doi.org/10.1080/10106049.2024.2387786,https://doi.org/10.1080/10106049.2024.2387786,W4401403608,d92e07a01f42c655a230fd9d8c5a63eb4702a53d,48,OpenAlex+S2
R00086,M,,2024,International Journal of Applied Earth Observation and Geoinformation,10.1016/j.jag.2024.103867,Temporally transferable crop mapping with temporal encoding and deep learning augmentations,,https://doi.org/10.1016/j.jag.2024.103867,https://doi.org/10.1016/j.jag.2024.103867,https://doi.org/10.1016/j.jag.2024.103867,W4395672396,7f58c885a05d3aca85d9f034748b629be706dc4a,13,OpenAlex+S2
R00088,M,,2024,ISPRS Journal of Photogrammetry and Remote Sensing,10.1016/j.isprsjprs.2024.05.020,Evaluating the spatial–temporal transferability of models for agricultural land cover mapping using Landsat archive,,,https://doi.org/10.1016/j.isprsjprs.2024.05.020,https://doi.org/10.1016/j.isprsjprs.2024.05.020,W4399204280,,29,OpenAlex
R00094,M,,2022,GIScience & Remote Sensing,10.1080/15481603.2022.2156123,Exploring the potential of multi-source unsupervised domain adaptation in crop mapping using Sentinel-2 images,,https://doi.org/10.1080/15481603.2022.2156123,https://doi.org/10.1080/15481603.2022.2156123,https://doi.org/10.1080/15481603.2022.2156123,W4313214158,c51691dbe540994ce33b8fd788b1daa02c3707ad,61,OpenAlex+S2
R00095,M,,2021,Remote Sensing of Environment,10.1016/j.rse.2021.112488,Two shifts for crop mapping: Leveraging aggregate crop statistics to improve satellite-based maps in new regions,2109.01246,https://arxiv.org/pdf/2109.01246,https://arxiv.org/pdf/2109.01246,http://arxiv.org/abs/2109.01246,W3169792691,f30c571a45a2cc5a3d85673d88f319916f82d7da,57,OpenAlex+S2
R00097,W,,2023,Expert Systems with Applications,10.1016/j.eswa.2023.122980,Cross-domain transfer learning for weed segmentation and mapping in precision farming using ground and UAV images,,,https://doi.org/10.1016/j.eswa.2023.122980,https://doi.org/10.1016/j.eswa.2023.122980,W4390146257,,68,OpenAlex
R00098,D,,2023,European Journal of Engineering and Technology Research,10.24018/ejeng.2023.8.2.2773,From Lab to Field: An Empirical Study on the Generalization of Convolutional Neural Networks towards Crop Disease Detection,,https://ej-eng.org/index.php/ejeng/article/download/2773/1379,https://ej-eng.org/index.php/ejeng/article/download/2773/1379,https://doi.org/10.24018/ejeng.2023.8.2.2773,W4361020075,35f2cb8e704a8b46f3541a3a15ea52dcace76c13,13,OpenAlex+S2
R00102,O,,2021,Horticulture Research,10.1038/s41438-021-00553-8,Easy domain adaptation method for filling the species gap in deep learning-based fruit detection,,https://doi.org/10.1038/s41438-021-00553-8,https://doi.org/10.1038/s41438-021-00553-8,https://doi.org/10.1038/s41438-021-00553-8,W3164024241,33ae04644bd2f3422c610c6b7d8fad2c71c143e5,46,OpenAlex+S2
R00103,D,,2025,Expert Systems with Applications,10.1016/j.eswa.2025.126896,Advanced deep learning model for crop-specific and cross-crop pest identification,,,,https://doi.org/10.1016/j.eswa.2025.126896,W4407897438,b45956093203f9dc32569160109dfe49ca99ac99,19,OpenAlex+S2
R00104,M,,2021,International Journal of Applied Earth Observation and Geoinformation,10.1016/j.jag.2021.102451,Transferable deep learning model based on the phenological matching principle for mapping crop extent,,,https://doi.org/10.1016/j.jag.2021.102451,https://doi.org/10.1016/j.jag.2021.102451,W3183668645,,62,OpenAlex
R00106,Y,,2023,Field Crops Research,10.1016/j.fcr.2023.108824,Pixel-based yield mapping and prediction from Sentinel-2 using spectral indices and neural networks,,,https://doi.org/10.1016/j.fcr.2023.108824,https://doi.org/10.1016/j.fcr.2023.108824,W4317500271,,78,OpenAlex
R00114,M,,2023,Agriculture,10.3390/agriculture13091672,Advancing Agricultural Crop Recognition: The Application of LSTM Networks and Spatial Generalization in Satellite Data Analysis,,https://www.mdpi.com/2077-0472/13/9/1672/pdf?version=1692869370,https://www.mdpi.com/2077-0472/13/9/1672/pdf?version=1692869370,https://doi.org/10.3390/agriculture13091672,W4386137727,d86474d4710a3e7b96f1a66495ee19663a66c624,23,OpenAlex+S2
R00119,D,,2024,Frontiers in Plant Science,10.3389/fpls.2024.1434222,From laboratory to field: cross-domain few-shot learning for crop disease identification in the field,,https://www.frontiersin.org/journals/plant-science/articles/10.3389/fpls.2024.1434222/pdf,https://www.frontiersin.org/journals/plant-science/articles/10.3389/fpls.2024.1434222/pdf,https://doi.org/10.3389/fpls.2024.1434222,W4405558966,01bb3fff5608d4e2f416bdfc1d42c674665b0f49,25,OpenAlex+S2
R00121,D,,2020,IEEE Transactions on Automation Science and Engineering,10.1109/tase.2020.3041499,LeafGAN: An Effective Data Augmentation Method for Practical Plant Disease Diagnosis,2002.10100,https://arxiv.org/pdf/2002.10100,,https://doi.org/10.1109/tase.2020.3041499,W3007906304,de1f150435dcd2da03abb8268e17f406f87c4417,248,OpenAlex+S2
R00122,D,,2020,Remote Sensing,10.3390/rs12172732,"Laboratory and UAV-Based Identification and Classification of Tomato Yellow Leaf Curl, Bacterial Spot, and Target Spot Diseases in Tomato Utilizing Hyperspectral Imaging and Machine Learning",,https://www.mdpi.com/2072-4292/12/17/2732/pdf?version=1598256212,https://www.mdpi.com/2072-4292/12/17/2732/pdf?version=1598256212,https://doi.org/10.3390/rs12172732,W3081084433,66784f79128f6a5c18d2962e626c33c6378bf03f,111,OpenAlex+S2
R00123,D,,2021,Frontiers in Plant Science,10.3389/fpls.2021.758027,Open Set Self and Across Domain Adaptation for Tomato Disease Recognition With Deep Learning Techniques,,https://www.frontiersin.org/articles/10.3389/fpls.2021.758027/pdf,https://www.frontiersin.org/articles/10.3389/fpls.2021.758027/pdf,https://doi.org/10.3389/fpls.2021.758027,W4200163605,9dcef6327e5ebd6e322b66fb8658ea934e652225,35,OpenAlex+S2
R00126,O,,2021,ISPRS Journal of Photogrammetry and Remote Sensing,10.1016/j.isprsjprs.2021.01.024,A CNN approach to simultaneously count plants and detect plantation-rows from UAV imagery,2012.15827,https://repositorio.udesc.br/handle/UDESC/3823,https://repositorio.udesc.br/handle/UDESC/3823,https://repositorio.udesc.br/handle/UDESC/3823,W3118257828,5d947ae3e7cf9119e94755b7845ff914947516e7,143,OpenAlex+S2
R00127,D,,2025,J — Multidisciplinary Scientific Journal,10.3390/j8010004,Plant Leaf Disease Detection Using Deep Learning: A Multi-Dataset Approach,,https://www.mdpi.com/2571-8800/8/1/4/pdf?version=1736928977,https://www.mdpi.com/2571-8800/8/1/4/pdf?version=1736928977,https://doi.org/10.3390/j8010004,W4406398994,110203cf0f2c211fd863a477596d141a6094a4ba,56,OpenAlex+S2
R00128,M,,2015,Computers and Electronics in Agriculture,10.1016/j.compag.2015.02.015,Assessment of a Markov logic model of crop rotations for early crop mapping,,https://www.sciencedirect.com/science/article/pii/S0168169915000575/pdf,https://www.sciencedirect.com/science/article/pii/S0168169915000575/pdf,https://doi.org/10.1016/j.compag.2015.02.015,W2074632501,c799da55033bd8d9eeee3de7c46c840557c86ce1,70,OpenAlex+S2
R00129,W,,2023,Computers and Electronics in Agriculture,10.1016/j.compag.2023.108114,From one field to another—Unsupervised domain adaptation for semantic segmentation in agricultural robotics,,,,https://doi.org/10.1016/j.compag.2023.108114,W4385773463,d14ada6ca50140e8cac0366d13f0de302aa32b68,38,OpenAlex+S2
R00131,M,,2022,IEEE Journal of Selected Topics in Applied Earth Observations and Remote Sensing,10.1109/jstars.2022.3164771,"A Sentinel-2 Multiyear, Multicountry Benchmark Dataset for Crop Classification and Segmentation With Deep Learning",2204.00951,https://ieeexplore.ieee.org/ielx7/4609443/9656571/09749916.pdf,https://ieeexplore.ieee.org/ielx7/4609443/9656571/09749916.pdf,https://doi.org/10.1109/jstars.2022.3164771,W4225728415,07897cf16fac3a4fb3064d6c8b26bbcee1dcd38d,57,OpenAlex+S2
R00132,D,,2025,IEEE Access,10.1109/access.2025.3547416,Optimized Vision Transformers for Superior Plant Disease Detection,,https://doi.org/10.1109/access.2025.3547416,https://doi.org/10.1109/access.2025.3547416,https://doi.org/10.1109/access.2025.3547416,W4408100268,9c8ded3eb25dd97fc2698a89013d25a965c752a9,32,OpenAlex+S2
R00142,M,,2021,ISPRS Journal of Photogrammetry and Remote Sensing,10.1016/j.isprsjprs.2021.02.011,Large-scale rice mapping under different years based on time-series Sentinel-1 images using deep semantic segmentation model,,,,https://doi.org/10.1016/j.isprsjprs.2021.02.011,W3135196696,dcf05ff790199ac519d545dc02b63dea1cb34ec7,120,OpenAlex+S2
R00148,D,,2024,Computers and Electronics in Agriculture,10.1016/j.compag.2024.109574,Advancing plant disease classification: A robust and generalized approach with transformer-fused convolution and Wasserstein domain adaptation,,https://doi.org/10.1016/j.compag.2024.109574,https://doi.org/10.1016/j.compag.2024.109574,https://doi.org/10.1016/j.compag.2024.109574,W4404579123,b91692c3103cba7706345159a69ba0026cbc9d8a,30,OpenAlex+S2
R00149,M,,2022,Remote Sensing,10.3390/rs14184639,Unsupervised Domain Adaptation with Adversarial Self-Training for Crop Classification Using Remote Sensing Images,,https://www.mdpi.com/2072-4292/14/18/4639/pdf?version=1663657835,https://www.mdpi.com/2072-4292/14/18/4639/pdf?version=1663657835,https://doi.org/10.3390/rs14184639,W4296363035,623e6e976e7beb856796fdf13458388cbc045e92,40,OpenAlex+S2
R00150,M,,2016,Scientific Reports,10.1038/srep36240,Rapid corn and soybean mapping in US Corn Belt and neighboring areas,,https://www.nature.com/articles/srep36240.pdf,https://www.nature.com/articles/srep36240.pdf,https://doi.org/10.1038/srep36240,W2548875948,fcb46a3f70ee09b5284d8524aeba0c2e89dc52b6,56,OpenAlex+S2
R00157,Y,,2022,IEEE Geoscience and Remote Sensing Letters,10.1109/lgrs.2022.3211444,A Bayesian Domain Adversarial Neural Network for Corn Yield Prediction,,,,https://doi.org/10.1109/lgrs.2022.3211444,W4312706253,fd9e25faa77e7f3b16dba275013b84c4d4d45dcf,21,OpenAlex+S2
R00159,M,,2023,IEEE Journal of Selected Topics in Applied Earth Observations and Remote Sensing,10.1109/jstars.2023.3237500,Towards Scalable Within-Season Crop Mapping With Phenology Normalization and Deep Learning,,https://ieeexplore.ieee.org/ielx7/4609443/9973430/10018297.pdf,https://ieeexplore.ieee.org/ielx7/4609443/9973430/10018297.pdf,https://doi.org/10.1109/jstars.2023.3237500,W4316660889,6191e96d5acdc346bdb2e67ba00db456a79e36f1,35,OpenAlex+S2
R00160,W,,2024,Ecological Informatics,10.1016/j.ecoinf.2024.102546,Weed database development: An updated survey of public weed datasets and cross-season weed detection adaptation,,,https://doi.org/10.1016/j.ecoinf.2024.102546,https://doi.org/10.1016/j.ecoinf.2024.102546,W4392301627,,34,OpenAlex
R00166,W,,2021,arXiv (Cornell University),10.48550/arxiv.2108.05789,Presenting an extensive lab- and field-image dataset of crops and weeds for computer vision tasks in agriculture,2108.05789,https://arxiv.org/pdf/2108.05789,https://arxiv.org/pdf/2108.05789,http://arxiv.org/abs/2108.05789,W3190594171,edbd0a574e7bcb60d939daa8f1dad8b2c13efda6,9,OpenAlex+S2
R00167,M,,2022,Remote Sensing,10.3390/rs14040997,Enhancing the Accuracy and Temporal Transferability of Irrigated Cropping Field Classification Using Optical Remote Sensing Imagery,,https://www.mdpi.com/2072-4292/14/4/997/pdf?version=1645175798,https://www.mdpi.com/2072-4292/14/4/997/pdf?version=1645175798,https://doi.org/10.3390/rs14040997,W4212967278,58bc69e7c6ee306dfbc71764ad36cadfb9f83ce0,18,OpenAlex+S2
R00168,M,,2021,IEEE Geoscience and Remote Sensing Letters,10.1109/lgrs.2021.3085139,"Contrasting YOLOv5, Transformer, and EfficientDet Detectors for Crop Circle Detection in Desert",,,,https://doi.org/10.1109/lgrs.2021.3085139,W3169323098,9b251e921e9060de55905d5cafd67148f1581622,117,OpenAlex+S2
R00172,Y,,2021,Agricultural and Forest Meteorology,10.1016/j.agrformet.2020.108317,"Modelling wheat yield with antecedent information, satellite and climate data using machine learning methods in Mexico",,https://doi.org/10.1016/j.agrformet.2020.108317,https://doi.org/10.1016/j.agrformet.2020.108317,https://doi.org/10.1016/j.agrformet.2020.108317,W3119013470,a16f095190cc8e85f78fc352437f96c6ac2b35a6,91,OpenAlex+S2
R00177,O,,2023,Remote Sensing,10.3390/rs15061700,Overcoming Domain Shift in Neural Networks for Accurate Plant Counting in Aerial Images,,https://www.mdpi.com/2072-4292/15/6/1700/pdf?version=1679457586,https://www.mdpi.com/2072-4292/15/6/1700/pdf?version=1679457586,https://doi.org/10.3390/rs15061700,W4353089848,b4040ba174325eff7338de95807befa8ce202b76,8,OpenAlex+S2
R00186,M,,2021,Remote Sensing,10.3390/rs13091740,Toward Large-Scale Mapping of Tree Crops with High-Resolution Satellite Imagery and Deep Learning Algorithms: A Case Study of Olive Orchards in Morocco,,https://www.mdpi.com/2072-4292/13/9/1740/pdf?version=1620281462,https://www.mdpi.com/2072-4292/13/9/1740/pdf?version=1620281462,https://doi.org/10.3390/rs13091740,W3158553145,318e44d44436696c0d92c2b5eb0b8396836ec2d2,33,OpenAlex+S2
R00192,P,,2024,The Plant Phenome Journal,10.1002/ppj2.20094,Toward improved image‐based root phenotyping: Handling temporal and cross‐site domain shifts in crop root segmentation models,,https://onlinelibrary.wiley.com/doi/pdfdirect/10.1002/ppj2.20094,https://onlinelibrary.wiley.com/doi/pdfdirect/10.1002/ppj2.20094,https://doi.org/10.1002/ppj2.20094,W4391400817,78a8b0ec86711b7b0b5d32a60b5ae9d7f26be2f3,14,OpenAlex+S2
R00200,M,,2019,Remote Sensing,10.3390/rs11141665,Evaluation and Comparison of Random Forest and A-LSTM Networks for Large-scale Winter Wheat Identification,,https://www.mdpi.com/2072-4292/11/14/1665/pdf?version=1562935403,https://www.mdpi.com/2072-4292/11/14/1665/pdf?version=1562935403,https://doi.org/10.3390/rs11141665,W2960863152,6451bc9b88f160d1791393abcf8a7b89a1ca0c56,58,OpenAlex+S2
R00201,M,,2023,Remote Sensing,10.3390/rs15164071,Mapping Irrigated Croplands from Sentinel-2 Images Using Deep Convolutional Neural Networks,,https://www.mdpi.com/2072-4292/15/16/4071/pdf?version=1692336548,https://www.mdpi.com/2072-4292/15/16/4071/pdf?version=1692336548,https://doi.org/10.3390/rs15164071,W4385949427,052643d62670c10b5a963687b079ac407fce61ba,13,OpenAlex+S2
R00202,P,,2020,Field Crops Research,10.1016/j.fcr.2020.107793,An automatic method based on daily in situ images and deep learning to date wheat heading stage,,https://www.sciencedirect.com/science/article/am/pii/S0378429019321604?via%3Dihub,https://www.sciencedirect.com/science/article/am/pii/S0378429019321604?via%3Dihub,https://doi.org/10.1016/j.fcr.2020.107793,W3016674070,3e2d099d6013e398c350aab66bc7262b7b0190b7,52,OpenAlex+S2
R00206,M,,2016,ISPRS Journal of Photogrammetry and Remote Sensing,10.1016/j.isprsjprs.2016.10.009,Characterizing major agricultural land change trends in the Western Corn Belt,,https://vtechworks.lib.vt.edu/bitstreams/007fd8dc-1aca-4a8c-8fd1-79cc5a55e47f/download,https://vtechworks.lib.vt.edu/bitstreams/007fd8dc-1aca-4a8c-8fd1-79cc5a55e47f/download,http://hdl.handle.net/10919/82006,W2550318172,138a117d9d22285c5eb992d5f00e8cba910221eb,30,OpenAlex+S2
R00211,Y,,2023,IEEE Transactions on Geoscience and Remote Sensing,10.1109/tgrs.2023.3247343,Multisource Maximum Predictor Discrepancy for Unsupervised Domain Adaptation on Corn Yield Prediction,,,,https://doi.org/10.1109/tgrs.2023.3247343,W4321488115,172bdbbd7da3a5bb4428f23ce19a0dcd69a30332,26,OpenAlex+S2
R00213,D,,2021,Sensors,10.3390/s21196540,A Deep-Learning-Based Approach for Wheat Yellow Rust Disease Recognition from Unmanned Aerial Vehicle Images,,https://doi.org/10.3390/s21196540,https://doi.org/10.3390/s21196540,https://doi.org/10.3390/s21196540,W3207126641,a96881d667998266b57b2dddd4992c9aec176576,92,OpenAlex+S2
R00216,P,,2022,Biosystems Engineering,10.1016/j.biosystemseng.2022.10.016,Deep adversarial domain adaptation for hyperspectral calibration model transfer among plant phenotyping systems,,https://doi.org/10.1016/j.biosystemseng.2022.10.016,https://doi.org/10.1016/j.biosystemseng.2022.10.016,https://doi.org/10.1016/j.biosystemseng.2022.10.016,W4308492640,4ce5b13c7ad3369d413daab06b3f61bcd8f94b35,18,OpenAlex+S2
R00219,D,,2024,Biosystems Engineering,10.1016/j.biosystemseng.2023.12.014,Assessing fusarium oxysporum disease severity in cotton using unmanned aerial system images and a hybrid domain adaptation deep learning time series model,,,,https://doi.org/10.1016/j.biosystemseng.2023.12.014,W4390479020,,37,OpenAlex
R00223,W,,2022,Frontiers in Plant Science,10.3389/fpls.2022.837726,Evaluating Cross-Applicability of Weed Detection Models Across Different Crops in Similar Production Environments,,https://www.frontiersin.org/articles/10.3389/fpls.2022.837726/pdf,https://www.frontiersin.org/articles/10.3389/fpls.2022.837726/pdf,https://doi.org/10.3389/fpls.2022.837726,W4286829489,5261bb5b1e8ae0d25201bc17297d50b805329ebe,28,OpenAlex+S2
R00224,D,,2022,Agronomy,10.3390/agronomy12102359,Evaluating Impacts between Laboratory and Field-Collected Datasets for Plant Disease Classification,,https://www.mdpi.com/2073-4395/12/10/2359/pdf?version=1664533755,https://www.mdpi.com/2073-4395/12/10/2359/pdf?version=1664533755,https://doi.org/10.3390/agronomy12102359,W4303579357,01ec0567056f6c456505e0037e44ca3e4653b491,27,OpenAlex+S2
R00227,P,,2022,Agronomy,10.3390/agronomy12112832,Rice Leaf Chlorophyll Content Estimation Using UAV-Based Spectral Images in Different Regions,,https://www.mdpi.com/2073-4395/12/11/2832/pdf?version=1668474924,https://www.mdpi.com/2073-4395/12/11/2832/pdf?version=1668474924,https://doi.org/10.3390/agronomy12112832,W4309003554,8b885eaa3d07c6cfaa9b37ccda3252da8abd462c,44,OpenAlex+S2
R00229,M,,2023,Computers and Electronics in Agriculture,10.1016/j.compag.2023.107927,Training sample selection for robust multi-year within-season crop classification using machine learning,,,https://doi.org/10.1016/j.compag.2023.107927,https://doi.org/10.1016/j.compag.2023.107927,W4378188396,,31,OpenAlex
R00235,P,,2021,Remote Sensing of Environment,10.1016/j.rse.2021.112724,Transfer-learning-based approach for leaf chlorophyll content estimation of winter wheat from hyperspectral data,,,,https://doi.org/10.1016/j.rse.2021.112724,W3205772352,61b16e2c7b6df48aa66f9d4229f48d58e265e6a9,234,OpenAlex+S2
R00238,D,,2025,Engineering Applications of Artificial Intelligence,10.1016/j.engappai.2025.111168,Domain generalization plant leaf disease recognition: Toward from laboratory to field,,,,https://doi.org/10.1016/j.engappai.2025.111168,W4410879512,955b599c57d65c412677922406505fe714072e13,9,OpenAlex+S2
R00242,D,,2019,Precision Agriculture,10.1007/s11119-019-09703-4,Detection of target spot and bacterial spot diseases in tomato using UAV-based and benchtop-based hyperspectral imaging techniques,,,,https://doi.org/10.1007/s11119-019-09703-4,W2991429304,42e32f03540bd246fc29b3e8a54a8fc9edea0d43,221,OpenAlex+S2
R00244,M,,2021,Remote Sensing,10.3390/rs13040775,Field Geometry and the Spatial and Temporal Generalization of Crop Classification Algorithms—A Randomized Approach to Compare Pixel Based and Convolution Based Methods,,https://www.mdpi.com/2072-4292/13/4/775/pdf?version=1614215015,https://www.mdpi.com/2072-4292/13/4/775/pdf?version=1614215015,https://doi.org/10.3390/rs13040775,W3131107308,dcc78a1d3d35f6d2ac50005a18eb79617caacd48,14,OpenAlex+S2
R00247,M,,2023,Remote Sensing,10.3390/rs15030674,Remote Sensing Crop Recognition by Coupling Phenological Features and Off-Center Bayesian Deep Learning,,https://www.mdpi.com/2072-4292/15/3/674/pdf?version=1674467420,https://www.mdpi.com/2072-4292/15/3/674/pdf?version=1674467420,https://doi.org/10.3390/rs15030674,W4317809520,a717adc9fba936173f76d3ec31618995d7e4e1e3,20,OpenAlex+S2
R00251,M,,2021,IEEE Journal of Selected Topics in Applied Earth Observations and Remote Sensing,10.1109/jstars.2021.3073965,TimeSen2Crop: A Million Labeled Samples Dataset of Sentinel 2 Image Time Series for Crop-Type Classification,,https://ieeexplore.ieee.org/ielx7/4609443/9314330/09408357.pdf,https://ieeexplore.ieee.org/ielx7/4609443/9314330/09408357.pdf,https://doi.org/10.1109/jstars.2021.3073965,W3152821670,b455eac7d266a3962572fc401da78bd9ea84c145,87,OpenAlex+S2
R00252,W,,2023,Smart Agricultural Technology,10.1016/j.atech.2023.100188,A comparative study of Fourier transform and CycleGAN as domain adaptation techniques for weed segmentation,,https://doi.org/10.1016/j.atech.2023.100188,https://doi.org/10.1016/j.atech.2023.100188,https://doi.org/10.1016/j.atech.2023.100188,W4318070570,9b2d254289d4cd717a1a929a04807e39c5e91236,24,OpenAlex+S2
R00253,D,,2025,IEEE Access,10.1109/access.2025.3595390,"Deployable Deep Learning for Cross-Domain Plant Leaf Disease Detection via Ensemble Learning, Knowledge Distillation, and Quantization",,https://doi.org/10.1109/access.2025.3595390,https://doi.org/10.1109/access.2025.3595390,https://doi.org/10.1109/access.2025.3595390,W4412939685,b0b4607a7bbe1567da53d795ef6b9d3d3d7d87c4,15,OpenAlex+S2
R00254,M,,2022,Science of Remote Sensing,10.1016/j.srs.2022.100059,Phenological normalization can improve in-season classification of maize and soybean: A case study in the central US Corn Belt,,,https://doi.org/10.1016/j.srs.2022.100059,https://doi.org/10.1016/j.srs.2022.100059,W4283016332,,23,OpenAlex
R00259,M,,2022,ISPRS Journal of Photogrammetry and Remote Sensing,10.1016/j.isprsjprs.2022.04.018,TimeMatch: Unsupervised cross-region adaptation by temporal shift estimation,2111.02682,https://www.sciencedirect.com/science/article/pii/S0924271622001216/pdf,https://www.sciencedirect.com/science/article/pii/S0924271622001216/pdf,https://doi.org/10.1016/j.isprsjprs.2022.04.018,W3207979377,39cb2252100108e136301d18ebce7af4e181a207,64,OpenAlex+S2
R00261,W,,2025,Computers and Electronics in Agriculture,10.1016/j.compag.2025.110673,Enhancing weed detection using UAV imagery and deep learning with weather-driven domain adaptation,,https://doi.org/10.1016/j.compag.2025.110673,https://doi.org/10.1016/j.compag.2025.110673,https://doi.org/10.1016/j.compag.2025.110673,W4411470479,925d1f830ba8a3fb96d61bdd709c36fafc91f7e6,13,OpenAlex+S2
R00272,Y,,2025,Eng—Advances in Engineering,10.3390/eng6100270,A Comparative Assessment of Regular and Spatial Cross-Validation in Subfield Machine Learning Prediction of Maize Yield from Sentinel-2 Phenology,,https://www.mdpi.com/2673-4117/6/10/270/pdf?version=1760007027,https://www.mdpi.com/2673-4117/6/10/270/pdf?version=1760007027,https://doi.org/10.3390/eng6100270,W4415008681,6c2103fb808d27b1fc875fcf29390588807a776b,16,OpenAlex+S2
R00273,D,,2020,IEEE Transactions on Industrial Informatics,10.1109/tii.2020.3009736,Nutrient Status Diagnosis of Infield Oilseed Rape via Deep Learning-Enabled Dynamic Model,,,,https://doi.org/10.1109/tii.2020.3009736,W3042493027,f00725da5b19b6373cfe583dc71d5198d649b0d5,74,OpenAlex+S2
R00274,M,,2024,GIScience & Remote Sensing,10.1080/15481603.2024.2395700,A new transferable deep learning approach for crop mapping,,https://doi.org/10.1080/15481603.2024.2395700,https://doi.org/10.1080/15481603.2024.2395700,https://doi.org/10.1080/15481603.2024.2395700,W4401966962,4d3615daf2c49e02f19f56f316a9f5dd6e90d29b,11,OpenAlex+S2
R00275,M,,2025,Remote Sensing,10.3390/rs17030474,Generalization Enhancement Strategies to Enable Cross-Year Cropland Mapping with Convolutional Neural Networks Trained Using Historical Samples,,https://arxiv.org/pdf/2408.06467,https://doi.org/10.3390/rs17030474,https://doi.org/10.3390/rs17030474,W4406996707,d1c2bf0dde9d74989b6921189cb17bb1810b15e6,5,OpenAlex+S2
R00277,M,,2022,Remote Sensing,10.3390/rs14246298,Unsupervised Adversarial Domain Adaptation for Agricultural Land Extraction of Remote Sensing Images,,https://www.mdpi.com/2072-4292/14/24/6298/pdf?version=1671325883,https://www.mdpi.com/2072-4292/14/24/6298/pdf?version=1671325883,https://doi.org/10.3390/rs14246298,W4311350556,b0301f2532ebb092ac7b5e8c64ce0d59daafbdbf,20,OpenAlex+S2
R00291,W,,2023,SSRN Electronic Journal,10.2139/ssrn.4345158,Adaptive Deep Learning for Crop Weed Discrimination in Unseen Fields,,,https://doi.org/10.2139/ssrn.4345158,https://doi.org/10.2139/ssrn.4345158,W4318769298,b0360892af4f2ad8171979397de4a6a3a6b6ea63,1,OpenAlex+S2
R00293,M,,2024,IEEE Access,10.1109/access.2024.3436620,Cross Domain Early Crop Mapping Using CropSTGAN,2401.07398,https://doi.org/10.1109/access.2024.3436620,https://doi.org/10.1109/access.2024.3436620,https://doi.org/10.1109/access.2024.3436620,W4401210366,4741998f029bfa44c408fb1e4084f0fa62e1e1c0,10,OpenAlex+S2
R00301,M,,2024,Remote Sensing,10.3390/rs16091493,"Transferability of Machine Learning Models for Crop Classification in Remote Sensing Imagery Using a New Test Methodology: A Study on Phenological, Temporal, and Spatial Influences",,https://www.mdpi.com/2072-4292/16/9/1493/pdf?version=1713885592,https://www.mdpi.com/2072-4292/16/9/1493/pdf?version=1713885592,https://doi.org/10.3390/rs16091493,W4395031633,aa04920be1d189cebdb47b8382e815af292793bb,29,OpenAlex+S2
R00306,M,,2022,Computers and Electronics in Agriculture,10.1016/j.compag.2022.107473,A deep learning method for individual arable field (IAF) extraction with cross-domain adversarial capability,,,,https://doi.org/10.1016/j.compag.2022.107473,W4309780166,,29,OpenAlex
R00310,P,,2024,Computers and Electronics in Agriculture,10.1016/j.compag.2024.109022,"Combining spectrum, thermal, and texture features using machine learning algorithms for wheat nitrogen nutrient index estimation and model transferability analysis",,,https://doi.org/10.1016/j.compag.2024.109022,https://doi.org/10.1016/j.compag.2024.109022,W4396844405,,48,OpenAlex
R00312,M,,2024,Remote Sensing of Environment,10.1016/j.rse.2024.114110,"Boosting crop classification by hierarchically fusing satellite, rotational, and contextual data",2305.12011,https://arxiv.org/pdf/2305.12011,https://doi.org/10.1016/j.rse.2024.114110,https://doi.org/10.1016/j.rse.2024.114110,W4392805897,c272a2c6a2e8ac5e978102061a239957de742ceb,47,OpenAlex+S2
R00313,D,,2025,Expert Systems with Applications,10.1016/j.eswa.2025.127324,Robust crop disease detection using multi-domain data augmentation and isolated test-time adaptation,,https://doi.org/10.1016/j.eswa.2025.127324,https://doi.org/10.1016/j.eswa.2025.127324,https://doi.org/10.1016/j.eswa.2025.127324,W4409250943,a37a2744a495f0bb52ecd72c8b5fc64b501a713c,11,OpenAlex+S2
R00315,P,,2025,Computers and Electronics in Agriculture,10.1016/j.compag.2025.110058,Enhancing grain moisture prediction in multiple crop seasons using domain adaptation AI,,https://doi.org/10.1016/j.compag.2025.110058,https://doi.org/10.1016/j.compag.2025.110058,https://doi.org/10.1016/j.compag.2025.110058,W4407269889,659a3b53a1141a9f5c222a31073ad1adfd837de0,14,OpenAlex+S2
R00321,M,,2024,Remote Sensing,10.3390/rs16234548,Machine Learning-Based Summer Crops Mapping Using Sentinel-1 and Sentinel-2 Images,,https://www.mdpi.com/2072-4292/16/23/4548/pdf?version=1733315115,https://www.mdpi.com/2072-4292/16/23/4548/pdf?version=1733315115,https://doi.org/10.3390/rs16234548,W4404993970,89c0e82bc0c8f3a7e72b3ee10cf36565c1904100,17,OpenAlex+S2
R00327,D,,2024,International Journal of experimental research and review,10.52756/ijerr.2024.v42.007,Cross-Domain Adaptation Techniques for Robust Plant Disease Detection: A DANN-CORAL Hybrid Approach,,https://doi.org/10.52756/ijerr.2024.v42.007,https://doi.org/10.52756/ijerr.2024.v42.007,https://doi.org/10.52756/ijerr.2024.v42.007,W4402110548,1014010a2a70e273a5953e76359f050cfbaeb2d2,6,OpenAlex+S2
R00328,W,,2024,Smart Agricultural Technology,10.1016/j.atech.2024.100538,Field-based multispecies weed and crop detection using ground robots and advanced YOLO models: A data and model-centric approach,,,https://doi.org/10.1016/j.atech.2024.100538,https://doi.org/10.1016/j.atech.2024.100538,W4401648186,,28,OpenAlex
R00336,D,,2024,Technologies,10.3390/technologies12070094,Transformer-Based Water Stress Estimation Using Leaf Wilting Computed from Leaf Images and Unsupervised Domain Adaptation for Tomato Crops,,https://www.mdpi.com/2227-7080/12/7/94/pdf?version=1721115886,https://www.mdpi.com/2227-7080/12/7/94/pdf?version=1721115886,https://doi.org/10.3390/technologies12070094,W4400123412,fc29b74fad84ab33a5ac881bbe0ffe74fc33038b,11,OpenAlex+S2
R00346,M,,2023,ISPRS Journal of Photogrammetry and Remote Sensing,10.1016/j.isprsjprs.2023.11.016,Spatio-temporal multi-level attention crop mapping method using time-series SAR imagery,,,https://doi.org/10.1016/j.isprsjprs.2023.11.016,https://doi.org/10.1016/j.isprsjprs.2023.11.016,W4388988031,,57,OpenAlex
R00353,Y,,2024,Remote Sensing,10.3390/rs16244804,Deep-Transfer-Learning Strategies for Crop Yield Prediction Using Climate Records and Satellite Image Time-Series Data,,https://www.mdpi.com/2072-4292/16/24/4804/pdf?version=1734953252,https://www.mdpi.com/2072-4292/16/24/4804/pdf?version=1734953252,https://doi.org/10.3390/rs16244804,W4405704332,35456334db4ed3cced3933cc0450478b9d904d96,43,OpenAlex+S2
R00374,P,,2015,International Journal of Remote Sensing,10.1080/01431161.2015.1084438,Comparison of different regression models and validation techniques for the assessment of wheat leaf area index from hyperspectral data,,,,https://doi.org/10.1080/01431161.2015.1084438,W1827322724,a9449adbedc8d14cce63acd9f3771aab7a3481d4,105,OpenAlex+S2
R00376,D,,2025,Plants,10.3390/plants14213265,Cross-Crop Transferability of Machine Learning Models for Early Stem Rust Detection in Wheat and Barley Using Hyperspectral Imaging,,https://www.mdpi.com/2223-7747/14/21/3265/pdf?version=1761492713,https://www.mdpi.com/2223-7747/14/21/3265/pdf?version=1761492713,https://doi.org/10.3390/plants14213265,W4415570192,580f50c3eb0e6c88015e340c3815296beac9232c,5,OpenAlex+S2
R00378,O,,2024,Algorithms,10.3390/a17060267,Semi-Self-Supervised Domain Adaptation: Developing Deep Learning Models with Limited Annotated Data for Wheat Head Segmentation,2405.07157,https://arxiv.org/pdf/2405.07157,https://doi.org/10.3390/a17060267,https://doi.org/10.3390/a17060267,W4399743014,e9293b612c30266f47cc6b0195fa8b8f475fee0c,10,OpenAlex+S2
R00379,D,,2023,Computers and Electronics in Agriculture,10.1016/j.compag.2023.107967,CLA: A self-supervised contrastive learning method for leaf disease identification with domain adaptation,,,,https://doi.org/10.1016/j.compag.2023.107967,W4380081188,,45,OpenAlex
R00380,M,,2025,International Journal of Digital Earth,10.1080/17538947.2025.2563211,Investigation of the spatio-temporal transferability of large-scale random forest crop classification models and potential influencing factors,,https://doi.org/10.1080/17538947.2025.2563211,https://doi.org/10.1080/17538947.2025.2563211,https://doi.org/10.1080/17538947.2025.2563211,W4414611298,af50d12fdbb07e06f21bb0aeb8aa394ca0ecaabd,3,OpenAlex+S2
R00382,D,,2025,Journal of Machine and Computing,10.53759/7669/jmc202505126,A Generalized Deep Learning Approach for Cross-Crop Plant Disease Detection Using the Plant Village Dataset,,https://anapub.co.ke/journals/jmc/jmc_pdf/2025/jmc_volume_5-issue_3/JMC202505126.pdf,https://anapub.co.ke/journals/jmc/jmc_pdf/2025/jmc_volume_5-issue_3/JMC202505126.pdf,https://doi.org/10.53759/7669/jmc202505126,W4411889388,6dea2efd370141f5049933f9799f3dddfb4c80bc,2,OpenAlex+S2
R00394,P,,2023,Computers and Electronics in Agriculture,10.1016/j.compag.2023.108356,Incremental learning for crop growth parameters estimation and nitrogen diagnosis from hyperspectral data,,,https://doi.org/10.1016/j.compag.2023.108356,https://doi.org/10.1016/j.compag.2023.108356,W4388508518,,37,OpenAlex
R00396,P,,2025,Science of Remote Sensing,10.1016/j.srs.2025.100227,A novel fusion of Sentinel-1 and Sentinel-2 with climate data for crop phenology estimation using Machine Learning,2409.00020,https://doi.org/10.1016/j.srs.2025.100227,https://doi.org/10.1016/j.srs.2025.100227,https://doi.org/10.1016/j.srs.2025.100227,W4409685770,1e1d44475afe4138e5f96ce83262c82b25ad783a,17,OpenAlex+S2
R00401,D,,2025,Agriculture,10.3390/agriculture15232494,Boosting Rice Disease Diagnosis: A Systematic Benchmark of Five Deep Convolutional Neural Network Models in Precision Agriculture,,https://www.mdpi.com/2077-0472/15/23/2494/pdf?version=1764665268,https://www.mdpi.com/2077-0472/15/23/2494/pdf?version=1764665268,https://doi.org/10.3390/agriculture15232494,W4416916493,14ccab6cdd24ea1eb62f1091a076a7307db1fd3d,3,OpenAlex+S2
R00406,Y,,2022,Agricultural and Forest Meteorology,10.1016/j.agrformet.2022.109186,"Annual 30 m soybean yield mapping in Brazil using long-term satellite observations, climate data and machine learning",,,https://doi.org/10.1016/j.agrformet.2022.109186,https://doi.org/10.1016/j.agrformet.2022.109186,W4297978097,,27,OpenAlex
R00415,M,,2024,Remote Sensing of Environment,10.1016/j.rse.2024.114430,CROPUP: Historical products are all you need? An end-to-end cross-year crop map updating framework without the need for in situ samples,,,,https://doi.org/10.1016/j.rse.2024.114430,W4402883456,,20,OpenAlex
R00419,D,,2017,ISPRS Journal of Photogrammetry and Remote Sensing,10.1016/j.isprsjprs.2017.07.003,Unsupervised domain adaptation for early detection of drought stress in hyperspectral images,,https://www.sciencedirect.com/science/article/pii/S092427161730271X/pdf,https://www.sciencedirect.com/science/article/pii/S092427161730271X/pdf,https://doi.org/10.1016/j.isprsjprs.2017.07.003,W2753393645,5cd2ec41ffed6a06aed2a4eea71818b985095dc6,32,OpenAlex+S2
R00422,D,,2025,Horticulturae,10.3390/horticulturae11111397,A Cross-Crop and Cross-Regional Generalized Deep Learning Framework for Intelligent Disease Detection and Economic Decision Support in Horticulture,,https://www.mdpi.com/2311-7524/11/11/1397/pdf?version=1763556624,https://www.mdpi.com/2311-7524/11/11/1397/pdf?version=1763556624,https://doi.org/10.3390/horticulturae11111397,W4416388754,5b13e327ac38ee389f9a84e9a00ed25b77c3017a,6,OpenAlex+S2
R00427,M,,2023,Remote Sensing,10.3390/rs15174156,A Lightweight Winter Wheat Planting Area Extraction Model Based on Improved DeepLabv3+ and CBAM,,https://www.mdpi.com/2072-4292/15/17/4156/pdf?version=1692871986,https://www.mdpi.com/2072-4292/15/17/4156/pdf?version=1692871986,https://doi.org/10.3390/rs15174156,W4386119776,f0eaac3791b004190076640bb1cca7f0b35cc47c,25,OpenAlex+S2
R00429,D,,2024,Pest Management Science,10.1002/ps.8317,Enhancing practicality of deep learning for crop disease identification under field conditions: insights from model evaluation and crop‐specific approaches,,,,https://doi.org/10.1002/ps.8317,W4400834210,659fa3ed212ef2b94f5e3ce746ebf098ae1c5a31,9,OpenAlex+S2
R00437,M,,2023,IEEE Journal of Selected Topics in Applied Earth Observations and Remote Sensing,10.1109/jstars.2023.3316304,Artificial Intelligence Algorithms for Rapeseed Fields Mapping Using Sentinel-1 Time Series: Temporal Transfer Scenario and Ground Sampling Constraints,,https://ieeexplore.ieee.org/ielx7/4609443/4609444/10254255.pdf,https://ieeexplore.ieee.org/ielx7/4609443/4609444/10254255.pdf,https://doi.org/10.1109/jstars.2023.3316304,W4386078424,,16,OpenAlex
R00439,M,,2024,International Journal of Applied Earth Observation and Geoinformation,10.1016/j.jag.2024.103718,Interseasonal transfer learning for crop mapping using Sentinel-1 data,,,https://doi.org/10.1016/j.jag.2024.103718,https://doi.org/10.1016/j.jag.2024.103718,W4391957452,,22,OpenAlex
R00442,Y,,2024,Journal of Agriculture and Food Research,10.1016/j.jafr.2024.101096,Critical evaluation of the effects of a cross-validation strategy and machine learning optimization on the prediction accuracy and transferability of a soybean yield prediction model using UAV-based remote sensing,,,https://doi.org/10.1016/j.jafr.2024.101096,https://doi.org/10.1016/j.jafr.2024.101096,W4392713658,,37,OpenAlex
R00445,D,,2024,Journal of Hazardous Materials,10.1016/j.jhazmat.2024.134723,Early detection of nicosulfuron toxicity and physiological prediction in maize using multi-branch deep learning models and hyperspectral imaging,,,,https://doi.org/10.1016/j.jhazmat.2024.134723,W4399071478,3bd09a6af0bf25ddd18464657acf14f0b8671102,28,OpenAlex+S2
R00451,D,,2025,Expert Systems with Applications,10.1016/j.eswa.2025.127101,Enhancing domain adaptation for plant diseases detection through Masked Image Consistency in Multi-Granularity Alignment,,,,https://doi.org/10.1016/j.eswa.2025.127101,W4408173582,bcb4527cffcd5804375b9bbd53f5979dc6226716,10,OpenAlex+S2
R00454,M,,2023,Remote Sensing,10.3390/rs15122980,"AgriSen-COG, a Multicountry, Multitemporal Large-Scale Sentinel-2 Benchmark Dataset for Crop Mapping Using Deep Learning",,https://www.mdpi.com/2072-4292/15/12/2980/pdf?version=1686299525,https://www.mdpi.com/2072-4292/15/12/2980/pdf?version=1686299525,https://doi.org/10.3390/rs15122980,W4380052818,de93de6470f0db948d4062d5a3fa5d4322c0b545,17,OpenAlex+S2
R00458,M,,2023,ISPRS Journal of Photogrammetry and Remote Sensing,10.1016/j.isprsjprs.2023.07.004,Automated in-season mapping of winter wheat in China with training data generation and model transfer,,,,https://doi.org/10.1016/j.isprsjprs.2023.07.004,W4383989019,,111,OpenAlex
R00471,O,,2024,PLoS ONE,10.1371/journal.pone.0307643,MAR-YOLOv9: A multi-dataset object detection method for agricultural fields based on YOLOv9,,https://doi.org/10.1371/journal.pone.0307643,https://doi.org/10.1371/journal.pone.0307643,https://doi.org/10.1371/journal.pone.0307643,W4403869290,efacecefe6848fcc713512a477b6e37d0c4c970f,37,OpenAlex+S2
R00475,D,,2026,Journal of Phytopathology,10.1111/jph.70264,"Enhancing Cross‐Crop Plant Disease Detection on Complex Field Images Through Dataset Merging, Transfer Learning and Ensemble Averaging of Convolutional Neural Networks",,,,https://doi.org/10.1111/jph.70264,W7134176833,af5f496da5bb965072ff4a6c15aced23cdd2a264,1,OpenAlex+S2
R00476,P,,2024,Agriculture,10.3390/agriculture14122240,"Segmentation and Proportion Extraction of Crop, Crop Residues, and Soil Using Digital Images and Deep Learning",,https://doi.org/10.3390/agriculture14122240,https://doi.org/10.3390/agriculture14122240,https://doi.org/10.3390/agriculture14122240,W4405193346,4bdc92995d0ec1f45e35816508e950619d5c9430,6,OpenAlex+S2
R00483,D,,2023,bioRxiv (Cold Spring Harbor Laboratory),10.1101/2023.09.20.558703,An RGB based deep neural network for high fidelity Fusarium head blight phenotyping in wheat,,https://www.biorxiv.org/content/biorxiv/early/2023/09/21/2023.09.20.558703.full.pdf,https://www.biorxiv.org/content/biorxiv/early/2023/09/21/2023.09.20.558703.full.pdf,https://doi.org/10.1101/2023.09.20.558703,W4386922036,532a5fc5f3ed16de6c99b991264629067bcafe20,4,OpenAlex+S2
R00484,M,,2022,Remote Sensing,10.3390/rs14184573,Rice Planting Area Identification Based on Multi-Temporal Sentinel-1 SAR Images and an Attention U-Net Model,,https://www.mdpi.com/2072-4292/14/18/4573/pdf?version=1663412123,https://www.mdpi.com/2072-4292/14/18/4573/pdf?version=1663412123,https://doi.org/10.3390/rs14184573,W4296006148,0e00b746b2fa812443d6abc6c443caedd51db7b5,22,OpenAlex+S2
R00487,M,,2019,"The international archives of the photogrammetry, remote sensing and spatial information sciences/International archives of the photogrammetry, remote sensing and spatial information sciences",10.5194/isprs-archives-xlii-3-w6-585-2019,ASSESSING THE TRANSFERABILITY OF MACHINE LEARNING ALGORITHMS USING CLOUD COMPUTING AND EARTH OBSERVATION DATASETS FOR AGRICULTURAL LAND USE/COVER MAPPING,,https://www.int-arch-photogramm-remote-sens-spatial-inf-sci.net/XLII-3-W6/585/2019/isprs-archives-XLII-3-W6-585-2019.pdf,https://www.int-arch-photogramm-remote-sens-spatial-inf-sci.net/XLII-3-W6/585/2019/isprs-archives-XLII-3-W6-585-2019.pdf,https://doi.org/10.5194/isprs-archives-xlii-3-w6-585-2019,W2966511067,dd0e7671e04c7ab44a9a5e19a7319a846c7ccbcb,14,OpenAlex+S2
R00491,O,,2022,Frontiers in Plant Science,10.3389/fpls.2022.731816,Background-Aware Domain Adaptation for Plant Counting,,https://www.frontiersin.org/articles/10.3389/fpls.2022.731816/pdf,https://www.frontiersin.org/articles/10.3389/fpls.2022.731816/pdf,https://doi.org/10.3389/fpls.2022.731816,W4210745523,9bea0bc6aadb3be924645d35b7534c2caf2ccd50,5,OpenAlex+S2
R00492,O,,2025,Remote Sensing,10.3390/rs17132190,On the Minimum Dataset Requirements for Fine-Tuning an Object Detector for Arable Crop Plant Counting: A Case Study on Maize Seedlings,,https://doi.org/10.3390/rs17132190,https://doi.org/10.3390/rs17132190,https://doi.org/10.3390/rs17132190,W4411701188,50adcd9ba71f73b2a89c49d895b0a168426a6bfd,6,OpenAlex+S2
R00502,D,,2024,SN Computer Science,10.1007/s42979-024-02816-2,An Offline Biotic Stress Recognition Tool for Rice Plants Through Domain Shift,,,,https://doi.org/10.1007/s42979-024-02816-2,W4395036466,eb7db8ab6e9983ef0faa7254963ebbdb12c53cdd,4,OpenAlex+S2
R00504,D,,2022,Frontiers in Plant Science,10.3389/fpls.2022.1037774,Evaluation of rice bacterial blight severity from lab to field with hyperspectral imaging technique,,https://doi.org/10.3389/fpls.2022.1037774,https://doi.org/10.3389/fpls.2022.1037774,https://doi.org/10.3389/fpls.2022.1037774,W4306842248,cbf3738f5068f097555f241d0311e4632238aae4,14,OpenAlex+S2
R00508,D,,2024,Agronomy,10.3390/agronomy14081729,PMLPNet: Classifying Multi-Class Pests in Wild Environment via a Novel Convolutional Neural Network,,https://doi.org/10.3390/agronomy14081729,https://doi.org/10.3390/agronomy14081729,https://doi.org/10.3390/agronomy14081729,W4401354629,ff0adf690f780e7e07fa31dc24579316f6d59b22,3,OpenAlex+S2
R00514,Y,,2025,European Journal of Agronomy,10.1016/j.eja.2024.127498,Predicting spatial and temporal variability in soybean yield using deep learning and open source data,,,https://doi.org/10.1016/j.eja.2024.127498,https://doi.org/10.1016/j.eja.2024.127498,W4406586325,,13,OpenAlex
R00521,P,,2017,Remote Sensing,10.3390/rs9090951,Estimating Rice Leaf Nitrogen Concentration: Influence of Regression Algorithms Based on Passive and Active Leaf Reflectance,,https://www.mdpi.com/2072-4292/9/9/951/pdf?version=1505380362,https://www.mdpi.com/2072-4292/9/9/951/pdf?version=1505380362,https://doi.org/10.3390/rs9090951,W2754531448,4b8e4a628e5b8ccb6cfd9cc1bf2a616750291dbd,68,OpenAlex+S2
R00529,D,,2023,Precision Agriculture,10.1007/s11119-022-09986-0,Detection of soil-borne wheat mosaic virus using hyperspectral imaging: from lab to field scans and from hyperspectral to multispectral data,,https://link.springer.com/content/pdf/10.1007/s11119-022-09986-0.pdf,https://link.springer.com/content/pdf/10.1007/s11119-022-09986-0.pdf,https://doi.org/10.1007/s11119-022-09986-0,W4316465086,0a5b571a4bb0a6ffb1fbc7cccf519186db64e9ea,21,OpenAlex+S2
R00534,Y,,2025,IEEE Journal of Selected Topics in Applied Earth Observations and Remote Sensing,10.1109/jstars.2025.3604524,USTAnet: A Neural Network for Enhanced Resolution Generalization in Kilometer-Level Rice Yield Prediction,,https://doi.org/10.1109/jstars.2025.3604524,https://doi.org/10.1109/jstars.2025.3604524,https://doi.org/10.1109/jstars.2025.3604524,W4413887035,5e4bc6d5baf38d22ec71d3baf5bcc84c102d2ca5,4,OpenAlex+S2
R00548,Y,,2026,Agricultural Water Management,10.1016/j.agwat.2026.110254,Predictive drivers and transferability of multi-scale machine learning based crop yield prediction under drought across European and Asian climates,,,https://doi.org/10.1016/j.agwat.2026.110254,https://doi.org/10.1016/j.agwat.2026.110254,W7131620096,,9,OpenAlex
R00558,O,,2022,Computers and Electronics in Agriculture,10.1016/j.compag.2022.107480,Unsupervised domain adaptation using transformers for sugarcane rows and gaps detection,,,https://www.sciencedirect.com/science/article/pii/S0168169922007888/pdf,https://www.sciencedirect.com/science/article/pii/S0168169922007888/pdf,W4309101696,,21,OpenAlex
R00570,M,,2023,Remote Sensing,10.3390/rs15092443,Inter-Continental Transfer of Pre-Trained Deep Learning Rice Mapping Model and Its Generalization Ability,,https://www.mdpi.com/2072-4292/15/9/2443/pdf?version=1683364760,https://www.mdpi.com/2072-4292/15/9/2443/pdf?version=1683364760,https://doi.org/10.3390/rs15092443,W4381846087,e5feb4654f1f586b92acb7aea2c1549c261dae4e,15,OpenAlex+S2
R00574,M,,2021,Remote Sensing,10.3390/rs13091769,A Scalable Machine Learning Pipeline for Paddy Rice Classification Using Multi-Temporal Sentinel Data,,https://www.mdpi.com/2072-4292/13/9/1769/pdf?version=1620359322,https://www.mdpi.com/2072-4292/13/9/1769/pdf?version=1620359322,https://doi.org/10.3390/rs13091769,W3157589186,1e7ccd597bf73b443628cb00aba163c68ecdd45c,18,OpenAlex+S2
R00581,D,,2023,Journal of Integrative Agriculture,10.1016/j.jia.2023.05.032,A hybrid CNN-LSTM model for diagnosing rice nutrient levels at the rice panicle initiation stage,,,https://doi.org/10.1016/j.jia.2023.05.032,https://doi.org/10.1016/j.jia.2023.05.032,W4377115878,,45,OpenAlex
R00582,M,,2024,International Journal of Applied Earth Observation and Geoinformation,10.1016/j.jag.2024.103826,Mapping tobacco planting areas in smallholder farmlands using Phenological-Spatial-Temporal LSTM from time-series Sentinel-1 SAR images,,,https://doi.org/10.1016/j.jag.2024.103826,https://doi.org/10.1016/j.jag.2024.103826,W4394789233,,14,OpenAlex
R00588,D,,2025,Ecological Informatics,10.1016/j.ecoinf.2025.103579,Bridging the Lab-to-Field gap in plant disease diagnosis through unsupervised domain adaptation enhanced by background recomposition,,https://doi.org/10.1016/j.ecoinf.2025.103579,https://doi.org/10.1016/j.ecoinf.2025.103579,https://doi.org/10.1016/j.ecoinf.2025.103579,W7117153624,7b372254e539d64a3f5b5b05295362c074a26a0b,2,OpenAlex+S2
R00590,O,,2022,Plant Phenomics,10.34133/2022/9761674,"EasyDAM_V2: Efficient Data Labeling Method for Multishape, Cross-Species Fruit Detection",,https://doi.org/10.34133/2022/9761674,https://doi.org/10.34133/2022/9761674,https://doi.org/10.34133/2022/9761674,W4295881921,f8b357cb50a72024037685f21a6620cbaec036bd,12,OpenAlex+S2
R00595,M,,2022,International Journal of Digital Earth,10.1080/17538947.2022.2036832,Crop classification based on the spectrotemporal signature derived from vegetation indices and accumulated temperature,,https://doi.org/10.1080/17538947.2022.2036832,https://doi.org/10.1080/17538947.2022.2036832,https://doi.org/10.1080/17538947.2022.2036832,W4220708107,8bfca13591d705cc6c72534b5b2208ffddd90e11,25,OpenAlex+S2
R00604,D,,2026,Scientific Reports,10.1038/s41598-026-45464-7,Advancing plant disease classification using an attention-based CNN for intra-dataset and cross- dataset training,,https://www.nature.com/articles/s41598-026-45464-7.pdf,https://www.nature.com/articles/s41598-026-45464-7.pdf,https://doi.org/10.1038/s41598-026-45464-7,W7141120248,c3b3d6c21e9fa8fd1b871b8a78cbbcf42b895deb,6,OpenAlex+S2
R00605,D,,2026,Scientific Reports,10.1038/s41598-026-44550-0,MaizeFormerX: a lightweight vision transformer with cross-scale attention for explainable maize leaf disease diagnosis,,https://doi.org/10.1038/s41598-026-44550-0,https://doi.org/10.1038/s41598-026-44550-0,https://doi.org/10.1038/s41598-026-44550-0,W7140694513,1124616802db3d31ab736178cf702657361de753,8,OpenAlex+S2
R00606,M,,2023,International Journal of Digital Earth,10.1080/17538947.2023.2275657,Semantic segmentation for plastic-covered greenhouses and plastic-mulched farmlands from VHR imagery,,https://www.tandfonline.com/doi/pdf/10.1080/17538947.2023.2275657?needAccess=true,https://www.tandfonline.com/doi/pdf/10.1080/17538947.2023.2275657?needAccess=true,https://doi.org/10.1080/17538947.2023.2275657,W4388420812,78b921ded25a1ef834042da7180e87784fd5cbc9,27,OpenAlex+S2
R00609,D,,2024,Computers and Electronics in Agriculture,10.1016/j.compag.2024.109021,Investigation to answer three key questions concerning plant pest identification and development of a practical identification framework,2407.18000,https://arxiv.org/pdf/2407.18000,https://arxiv.org/pdf/2407.18000,http://arxiv.org/abs/2407.18000,W4398193417,05a476d2901a055bb94285d6f6570926cc3366ac,16,OpenAlex+S2
R00613,Y,,2026,Remote Sensing of Environment,10.1016/j.rse.2026.115287,Knowledge-guided graph machine learning improves corn yield mapping in the U.S. Midwest,,,https://doi.org/10.1016/j.rse.2026.115287,https://doi.org/10.1016/j.rse.2026.115287,W7127608319,,7,OpenAlex
R00620,M,,2024,Computers and Electronics in Agriculture,10.1016/j.compag.2024.109536,Winter wheat mapping without ground labels via automated knowledge transfer across regions and years,,,,https://doi.org/10.1016/j.compag.2024.109536,W4403482823,,10,OpenAlex
R00623,D,,2024,bioRxiv (Cold Spring Harbor Laboratory),10.1101/2024.10.07.617111,Cross-dataset evaluation of deep learning models for plant pest and disease diagnosis,,https://doi.org/10.1101/2024.10.07.617111,https://doi.org/10.1101/2024.10.07.617111,https://doi.org/10.1101/2024.10.07.617111,W4403329198,a488ceab5df5c404dba1c5e76116dd4997e06c8b,2,OpenAlex+S2
R00635,M,,2023,ISPRS Journal of Photogrammetry and Remote Sensing,10.1016/j.isprsjprs.2023.05.003,Detecting abandoned citrus crops using Sentinel-2 time series. A case study in the Comunitat Valenciana region (Spain),,https://ars.els-cdn.com/content/image/1-s2.0-S0924271623001181-ga1_lrg.jpg,https://ars.els-cdn.com/content/image/1-s2.0-S0924271623001181-ga1_lrg.jpg,https://doi.org/10.1016/j.isprsjprs.2023.05.003,W4378070488,,16,OpenAlex
R00636,D,,2024,Applied Sciences,10.3390/app14093727,Fourier Domain Adaptation for the Identification of Grape Leaf Diseases,,https://doi.org/10.3390/app14093727,https://doi.org/10.3390/app14093727,https://doi.org/10.3390/app14093727,W4396495268,9f09ad7f1035e88e6579f413a2c4cbdd3ac19e92,12,OpenAlex+S2
R00638,M,,2024,ISPRS Journal of Photogrammetry and Remote Sensing,10.1016/j.isprsjprs.2024.10.015,A robust method for mapping soybean by phenological aligning of Sentinel-2 time series,,,https://doi.org/10.1016/j.isprsjprs.2024.10.015,https://doi.org/10.1016/j.isprsjprs.2024.10.015,W4403479809,,33,OpenAlex
R00643,P,,2025,,10.22541/au.175100405.52153616/v1,Generalizability of machine learning models for plant traits using hyperspectral reflectance data: The case of maize,,https://www.authorea.com/doi/pdf/10.22541/au.175100405.52153616/v1,https://www.authorea.com/doi/pdf/10.22541/au.175100405.52153616/v1,https://doi.org/10.22541/au.175100405.52153616/v1,W4411706920,6479e2ae87f09dfa8668f9127d988cd0189e0e4e,3,OpenAlex+S2
R00647,D,,2022,Scientific Reports,10.1038/s41598-022-08969-5,Surveying soil-borne disease development on wild rocket salad crop by proximal sensing based on high-resolution hyperspectral features,,https://www.nature.com/articles/s41598-022-08969-5.pdf,https://www.nature.com/articles/s41598-022-08969-5.pdf,https://doi.org/10.1038/s41598-022-08969-5,W4220983416,f063f19cbe91bfc0ebd2e6d741f37b49130cfc5a,11,OpenAlex+S2
R00654,D,,2023,Journal of Intelligent & Fuzzy Systems,10.3233/jifs-230561,Heterogeneous domain adaptation method for tomato leaf disease classification base on CycleGAN,,,,https://doi.org/10.3233/jifs-230561,W4386768843,d5a25b76672600e3853b46b040728bb6be95e6f7,6,OpenAlex+S2
R00657,M,,2023,National Remote Sensing Bulletin,10.11834/jrs.20221408,Spatial generalization ability analysis of deep learning crop classification models,,https://www.ygxb.ac.cn/rc-pub/front/front-article/download/30515399/lowqualitypdf/æ·±åº¦å­¦ä¹ ä½ç©åç±»æ¨¡åç©ºé´æ³åè½ååæ.pdf,https://www.ygxb.ac.cn/rc-pub/front/front-article/download/30515399/lowqualitypdf/æ·±åº¦å­¦ä¹ ä½ç©åç±»æ¨¡åç©ºé´æ³åè½ååæ.pdf,http://dx.doi.org/10.11834/jrs.20221408,W4391331843,83dcf0c1912cde9838c22adecb5470e7854cba1a,1,OpenAlex+S2
R00661,P,,2025,IEEE Transactions on Geoscience and Remote Sensing,10.1109/tgrs.2025.3643447,A Radiative Transfer-Driven Deep Learning Framework for Accurate Estimation of Rice Growth Parameters Using Multisource UAV Data,,,,https://doi.org/10.1109/tgrs.2025.3643447,W7114889654,045a23c4fafde2c146827c7b39f9ddede8eb5021,12,OpenAlex+S2
R00663,M,,2025,IEEE Journal of Selected Topics in Applied Earth Observations and Remote Sensing,10.1109/jstars.2025.3532283,Comprehensive Analysis of a Parcel-Level Crop Mapping (PARCM) Framework From the Perspective of Spatial Heterogeneity and Spatiotemporal Transferability,,https://doi.org/10.1109/jstars.2025.3532283,https://doi.org/10.1109/jstars.2025.3532283,https://doi.org/10.1109/jstars.2025.3532283,W4406857915,dbc628532addbd6e18cef2e207c661895f1f0c77,4,OpenAlex+S2
R00665,O,,2026,PLoS ONE,10.1371/journal.pone.0342854,MSRRT-DETR: A high-precision apple detection method with strong cross-domain generalization capability in complex orchard scenes,,https://journals.plos.org/plosone/article/file?id=10.1371/journal.pone.0342854&type=printable,https://journals.plos.org/plosone/article/file?id=10.1371/journal.pone.0342854&type=printable,https://doi.org/10.1371/journal.pone.0342854,W7135174179,0588e247ba127e4c0c5110257ba6e9ea7ffa76b2,2,OpenAlex+S2
R00666,M,,2024,Remote Sensing,10.3390/rs16214071,A Multi-Scale Feature Fusion Deep Learning Network for the Extraction of Cropland Based on Landsat Data,,https://www.mdpi.com/2072-4292/16/21/4071/pdf?version=1730383097,https://www.mdpi.com/2072-4292/16/21/4071/pdf?version=1730383097,https://doi.org/10.3390/rs16214071,W4403940939,4146c4913b288f82fa3548ca956a030d5119f5e9,7,OpenAlex+S2
R00671,P,,2026,Biosystems Engineering,10.1016/j.biosystemseng.2026.104418,A temporally transferrable approach for quantifying crop residue cover: linking deep learning of UAV images with satellite-based spectral modelling,,,,https://doi.org/10.1016/j.biosystemseng.2026.104418,W7128914560,7b583800f6b6288ce70bbf6496c7a7a9876b762b,1,OpenAlex+S2
R00675,O,,2022,Revista Brasileira de Ciências Agrárias - Brazilian Journal of Agricultural Sciences,10.5039/agraria.v17i2a1353,Detection and counting of plants via deep learning using images collected by RPA,,http://www.agraria.pro.br/ojs32/index.php/RBCA/article/download/v17i2a1353/1448,http://www.agraria.pro.br/ojs32/index.php/RBCA/article/download/v17i2a1353/1448,https://doi.org/10.5039/agraria.v17i2a1353,W4283217596,4a0501f0814c9ee10ba9ce96f7c0199541d0505e,6,OpenAlex+S2
R00692,M,,2023,Remote Sensing,10.3390/rs15040875,Multi-Year Crop Type Mapping Using Sentinel-2 Imagery and Deep Semantic Segmentation Algorithm in the Hetao Irrigation District in China,,https://www.mdpi.com/2072-4292/15/4/875/pdf?version=1675500222,https://www.mdpi.com/2072-4292/15/4/875/pdf?version=1675500222,https://doi.org/10.3390/rs15040875,W4319298623,e93afd6943ec8e8d1ac5ac5bafbe865509505760,24,OpenAlex+S2
R00697,D,,2023,Computers and Electronics in Agriculture,10.1016/j.compag.2023.107806,Improved domain adaptive rice disease image recognition based on a novel attention mechanism,,,,https://doi.org/10.1016/j.compag.2023.107806,W4362510628,,43,OpenAlex
R00709,M,,2023,Remote Sensing,10.3390/rs15041112,"Limited-Samples-Based Crop Classification Using a Time-Weighted Dynamic Time Warping Method, Sentinel-1 Imagery, and Google Earth Engine",,https://www.mdpi.com/2072-4292/15/4/1112/pdf?version=1676881405,https://www.mdpi.com/2072-4292/15/4/1112/pdf?version=1676881405,https://doi.org/10.3390/rs15041112,W4321376170,43a90285acf5bc37c9d7fe4efd6a5af974a5c562,23,OpenAlex+S2
R00712,P,,2024,Computers and Electronics in Agriculture,10.1016/j.compag.2024.109341,Machine learning and fluorosensing for estimation of maize nitrogen status at early growth-stages,,,https://doi.org/10.1016/j.compag.2024.109341,https://doi.org/10.1016/j.compag.2024.109341,W4401648738,,6,OpenAlex
R00717,D,,2024,Computers and Electronics in Agriculture,10.1016/j.compag.2024.109726,High-resolution UAV-based blueberry scorch virus mapping utilizing a deep vision transformer algorithm,,,https://doi.org/10.1016/j.compag.2024.109726,https://doi.org/10.1016/j.compag.2024.109726,W4405006328,,11,OpenAlex
R00725,O,,2025,ISPRS Journal of Photogrammetry and Remote Sensing,10.1016/j.isprsjprs.2025.11.017,"TasselNetV4: A vision foundation model for cross-scene, cross-scale, and cross-species plant counting",2509.20857,https://arxiv.org/pdf/2509.20857,,https://doi.org/10.1016/j.isprsjprs.2025.11.017,W4416729698,343ee33283afebc08aa4da8a51365b6fa970d4c6,5,OpenAlex+S2
R00745,Y,,2025,Science of Remote Sensing,10.1016/j.srs.2025.100344,"High-resolution maize yield mapping across Africa using earth observation and machine learning, deep learning, and foundation model",,https://www.researchsquare.com/article/rs-6935279/latest.pdf,https://doi.org/10.1016/j.srs.2025.100344,https://doi.org/10.1016/j.srs.2025.100344,W4416956868,,3,OpenAlex
R00747,M,,2024,IEEE Journal of Selected Topics in Applied Earth Observations and Remote Sensing,10.1109/jstars.2024.3392448,GCFC: Graph Convolutional Fusion CNN Network for Cross-Domain Zero-Shot Extraction of Winter Wheat Map,,https://ieeexplore.ieee.org/ielx7/4609443/4609444/10506557.pdf,https://ieeexplore.ieee.org/ielx7/4609443/4609444/10506557.pdf,https://doi.org/10.1109/jstars.2024.3392448,W4395017720,03f41c57b4cabad66f4b98d6826af6705b80bd26,3,OpenAlex+S2
R00749,P,,2023,Journal of Electronic Imaging,10.1117/1.jei.32.3.033014,Assessment of deep learning methods for classification of cereal crop growth stage pre and post canopy closure,,https://www.spiedigitallibrary.org/journals/journal-of-electronic-imaging/volume-32/issue-3/033014/Assessment-of-deep-learning-methods-for-classification-of-cereal-crop/10.1117/1.JEI.32.3.033014.pdf,https://www.spiedigitallibrary.org/journals/journal-of-electronic-imaging/volume-32/issue-3/033014/Assessment-of-deep-learning-methods-for-classification-of-cereal-crop/10.1117/1.JEI.32.3.033014.pdf,https://doi.org/10.1117/1.jei.32.3.033014,W4378802556,7563432ff9610d163e709f0f836237676628397b,3,OpenAlex+S2
R00751,M,,2025,Smart Agricultural Technology,10.1016/j.atech.2025.101284,Towards CNN-based classification of crop independent agricultural sub-classes,,,https://doi.org/10.1016/j.atech.2025.101284,https://doi.org/10.1016/j.atech.2025.101284,W4413216338,,2,OpenAlex
R00755,M,,2026,GIScience & Remote Sensing,10.1080/15481603.2026.2626004,How early and how general: a novel early-stage dynamic corn mapping method with spatiotemporal transferability,,,https://doi.org/10.1080/15481603.2026.2626004,https://doi.org/10.1080/15481603.2026.2626004,W7128043442,,3,OpenAlex
R00764,M,,2025,Science of Remote Sensing,10.1016/j.srs.2025.100256,Early-season delineation of agricultural fields using a fully convolutional multi-task network and satellite images,,,https://doi.org/10.1016/j.srs.2025.100256,https://doi.org/10.1016/j.srs.2025.100256,W4412437552,,6,OpenAlex
R00766,O,,2024,Computers and Electronics in Agriculture,10.1016/j.compag.2024.109849,D4: Text-guided diffusion model-based domain adaptive data augmentation for vineyard shoot detection,,,https://doi.org/10.1016/j.compag.2024.109849,https://doi.org/10.1016/j.compag.2024.109849,W4405857175,,15,OpenAlex
R00768,M,,2024,Remote Sensing,10.3390/rs16244620,Field-Level Classification of Winter Catch Crops Using Sentinel-2 Time Series: Model Comparison and Transferability,,https://www.mdpi.com/2072-4292/16/24/4620/pdf?version=1733823330,https://www.mdpi.com/2072-4292/16/24/4620/pdf?version=1733823330,https://doi.org/10.3390/rs16244620,W4405208316,9d643ee0111ec27766904a065cd4e7918b14b3bb,10,OpenAlex+S2
R00777,W,,2025,Frontiers in Robotics and AI,10.3389/frobt.2025.1548143,Unsupervised semantic label generation in agricultural fields,,https://doi.org/10.3389/frobt.2025.1548143,https://doi.org/10.3389/frobt.2025.1548143,https://doi.org/10.3389/frobt.2025.1548143,W4407934552,95d6d73b7a7c277acfeda3a173231c5275ea37fb,5,OpenAlex+S2
R00781,M,,2024,Remote Sensing,10.3390/rs16030549,Determining Effective Temporal Windows for Rapeseed Detection Using Sentinel-1 Time Series and Machine Learning Algorithms,,https://www.mdpi.com/2072-4292/16/3/549/pdf?version=1706701780,https://www.mdpi.com/2072-4292/16/3/549/pdf?version=1706701780,https://doi.org/10.3390/rs16030549,W4391385329,a05f82e5f81152ae251e17ec93cb35994ccaee18,12,OpenAlex+S2
R00792,M,,2020,arXiv (Cornell University),10.48550/arxiv.2009.10189,Resilient In-Season Crop Type Classification in Multispectral Satellite Observations using Growth Stage Normalization,2009.10189,https://arxiv.org/pdf/2009.10189,https://arxiv.org/pdf/2009.10189,http://arxiv.org/abs/2009.10189,W3089132609,c9ff97a8e07448af9a6e318486c8bdbf44143740,8,OpenAlex+S2
R00805,D,,2025,Electronics,10.3390/electronics14173410,A Unified Self-Supervised Framework for Plant Disease Detection on Laboratory and In-Field Images,,https://www.mdpi.com/2079-9292/14/17/3410/pdf?version=1756291429,https://www.mdpi.com/2079-9292/14/17/3410/pdf?version=1756291429,https://doi.org/10.3390/electronics14173410,W4413796203,462968790b5f4e44fd082b5562fdab4217f8c8e2,15,OpenAlex+S2
R00807,Y,,2025,Remote Sensing,10.3390/rs17244054,Deep Transfer Learning for UAV-Based Cross-Crop Yield Prediction in Root Crops,,https://www.mdpi.com/2072-4292/17/24/4054/pdf?version=1765985127,https://www.mdpi.com/2072-4292/17/24/4054/pdf?version=1765985127,https://doi.org/10.3390/rs17244054,W4417436201,23de2d28704c03b44bdecd2e4da4e566b5a31624,1,OpenAlex+S2
R00813,D,,2026,Agriculture,10.3390/agriculture16070716,Domain-Specific Self-Supervised Pretraining for Low-Resource Multi-Crop Plant Disease Recognition,,https://www.mdpi.com/2077-0472/16/7/716/pdf?version=1774344426,https://www.mdpi.com/2077-0472/16/7/716/pdf?version=1774344426,https://doi.org/10.3390/agriculture16070716,W7151527007,f71c758b4f055aa463781a2da7c0a7b56c57389c,2,OpenAlex+S2
R00815,O,,2024,Computers and Electronics in Agriculture,10.1016/j.compag.2024.108748,Monitoring of key Camellia Oleifera phenology features using field cameras and deep learning,,,https://doi.org/10.1016/j.compag.2024.108748,https://doi.org/10.1016/j.compag.2024.108748,W4392263577,,21,OpenAlex
R00823,D,,2026,Electronics,10.3390/electronics15081553,Unseen-Crop Plant Disease Classification via Disentangled Representation Learning,,https://www.mdpi.com/2079-9292/15/8/1553/pdf?version=1775642309,https://www.mdpi.com/2079-9292/15/8/1553/pdf?version=1775642309,https://doi.org/10.3390/electronics15081553,W7151962284,529290e0d7f63be64697d115d602d0cca3daf8b7,2,OpenAlex+S2
R00826,M,,2022,arXiv (Cornell University),10.48550/arxiv.2204.07030,Activation Regression for Continuous Domain Generalization with Applications to Crop Classification,2204.07030,https://arxiv.org/pdf/2204.07030,https://arxiv.org/pdf/2204.07030,http://arxiv.org/abs/2204.07030,W4224097956,975490b739c1d8640e6566ea7683d4507f45a22c,1,OpenAlex+S2
R00827,M,,2024,"ISPRS annals of the photogrammetry, remote sensing and spatial information sciences",10.5194/isprs-annals-x-1-2024-241-2024,Cross Domain Early Crop Mapping with Label Spaces Discrepancies using MultiCropGAN,,https://doi.org/10.5194/isprs-annals-x-1-2024-241-2024,https://doi.org/10.5194/isprs-annals-x-1-2024-241-2024,https://doi.org/10.5194/isprs-annals-x-1-2024-241-2024,W4396764479,02cbcc9fa2c66b768766a051c02aecf5b0443427,2,OpenAlex+S2
R00835,M,,2023,Sensors,10.3390/s23157008,Crop Mapping Based on Sentinel-2 Images Using Semantic Segmentation Model of Attention Mechanism,,https://www.mdpi.com/1424-8220/23/15/7008/pdf?version=1691411884,https://www.mdpi.com/1424-8220/23/15/7008/pdf?version=1691411884,https://doi.org/10.3390/s23157008,W4385665524,a151a3fba2e23a0788febdde9f8839550106a27f,8,OpenAlex+S2
R00844,D,,2024,Plant Phenomics,10.34133/plantphenomics.0197,Characterization and Identification of NPK Stress in Rice Using Terrestrial Hyperspectral Images,,https://doi.org/10.34133/plantphenomics.0197,https://doi.org/10.34133/plantphenomics.0197,https://doi.org/10.34133/plantphenomics.0197,W4399121593,36a0420a1746599f9df3964d1639d5ff15b26935,21,OpenAlex+S2
R00866,D,,2025,Frontiers in Plant Science,10.3389/fpls.2025.1725017,Advanced hyperspectral image processing and machine learning approaches for early detection of wheat stem rust,,,https://doi.org/10.3389/fpls.2025.1725017,https://doi.org/10.3389/fpls.2025.1725017,W4417449166,465dfce0184ec9094fb82a236fbdc800651af6e7,7,OpenAlex+S2
R00868,W,,2025,Precision Agriculture,10.1007/s11119-024-10208-y,Joint plant-spraypoint detector with ConvNeXt modules and HistMatch normalization,,https://link.springer.com/content/pdf/10.1007/s11119-024-10208-y.pdf,https://link.springer.com/content/pdf/10.1007/s11119-024-10208-y.pdf,https://doi.org/10.1007/s11119-024-10208-y,W4406731271,a59da4c1dc32771018c67f057c9057a5b1ddfd92,6,OpenAlex+S2
R00871,W,,2021,Sensors,10.3390/s21206705,Weed Classification Using Explainable Multi-Resolution Slot Attention,,https://www.mdpi.com/1424-8220/21/20/6705/pdf?version=1634261245,https://www.mdpi.com/1424-8220/21/20/6705/pdf?version=1634261245,https://doi.org/10.3390/s21206705,W3206030020,b63b47dee300793cd8522cc77b3286bd6e358c37,11,OpenAlex+S2
R00874,Y,,2026,Sustainability,10.3390/su18052466,A Multi-Temporal Agricultural Remote Sensing Framework for Sustainable Crop Yield Estimation with Economic Impact,,https://www.mdpi.com/2071-1050/18/5/2466/pdf?version=1772547983,https://www.mdpi.com/2071-1050/18/5/2466/pdf?version=1772547983,https://doi.org/10.3390/su18052466,W7133310184,090d80747d8a06f1ba524f6f49e2f687a74dca62,2,OpenAlex+S2
R00875,P,,2022,Remote Sensing,10.3390/rs14163968,Exploring Transferable Techniques to Retrieve Crop Biophysical and Biochemical Variables Using Sentinel-2 Data,,https://www.mdpi.com/2072-4292/14/16/3968/pdf?version=1660709713,https://www.mdpi.com/2072-4292/14/16/3968/pdf?version=1660709713,https://doi.org/10.3390/rs14163968,W4291915081,f7b60f469117707cffa1c1dd3167024e373548e4,11,OpenAlex+S2
R00885,M,,2023,Remote Sensing,10.3390/rs15112731,Evaluating the Capability of Sentinel-1 Data in the Classification of Canola and Wheat at Different Growth Stages and in Different Years,,https://www.mdpi.com/2072-4292/15/11/2731/pdf?version=1685424762,https://www.mdpi.com/2072-4292/15/11/2731/pdf?version=1685424762,https://doi.org/10.3390/rs15112731,W4378229369,6511d073d392f3b054cdb859e964aa25b4f9418c,6,OpenAlex+S2
R00902,Y,,2024,Ecological Indicators,10.1016/j.ecolind.2024.112295,Predicting grain yield of maize using a new multispectral-based canopy volumetric vegetation index,,,https://doi.org/10.1016/j.ecolind.2024.112295,https://doi.org/10.1016/j.ecolind.2024.112295,W4400145518,,23,OpenAlex
R00905,D,,2024,Computers and Electronics in Agriculture,10.1016/j.compag.2024.109211,Rehearsal-based class-incremental learning approaches for plant disease classification,,,https://doi.org/10.1016/j.compag.2024.109211,https://doi.org/10.1016/j.compag.2024.109211,W4400233528,,11,OpenAlex
R00906,M,,2021,Computers and Electronics in Agriculture,10.1016/j.compag.2020.105978,Spatial domain bridge transfer : An automated paddy rice mapping method with no training data required and decreased image inputs for the large cloudy area,,,,https://doi.org/10.1016/j.compag.2020.105978,W3125359252,,49,OpenAlex
R00916,M,,2020,Remote Sensing Letters,10.1080/2150704x.2020.1821120,Fully convolutional neural nets in-the-wild,,http://dspace.lib.cranfield.ac.uk/handle/1826/15908,http://dspace.lib.cranfield.ac.uk/handle/1826/15908,http://dspace.lib.cranfield.ac.uk/handle/1826/15908,W3094186782,cbca8c9cc2229512c5ee6128d7a87b964563639f,4,OpenAlex+S2
R00918,M,,2022,Journal of Applied Remote Sensing,10.1117/1.jrs.16.024519,Classification of remote sensing time series and similarity metrics for crop type verification,,,,https://doi.org/10.1117/1.jrs.16.024519,W4281609574,,9,OpenAlex
R00952,M,,2023,Remote Sensing Applications Society and Environment,10.1016/j.rsase.2023.101057,Using machine learning to generate an open-access cropland map from satellite images time series in the Indian Himalayan region,2203.14673,https://arxiv.org/pdf/2203.14673,https://infoscience.epfl.ch/handle/20.500.14299/204220,https://infoscience.epfl.ch/handle/20.500.14299/204220,W4386989462,95e7076c25b3e6ef4cb02609788b37ee106c65ca,4,OpenAlex+S2
R00956,Y,,2025,IEEE Transactions on Geoscience and Remote Sensing,10.1109/tgrs.2025.3544434,Enhancing Winter Wheat Yield Estimation With a CNN-Transformer Hybrid Framework Utilizing Multiple Remotely Sensed Parameters,,,https://figshare.com/articles/journal_contribution/Enhancing_Winter_Wheat_Yield_Estimation_With_a_CNN-Transformer_Hybrid_Framework_Utilizing_Multiple_Remotely_Sensed_Parameters/28471709,https://figshare.com/articles/journal_contribution/Enhancing_Winter_Wheat_Yield_Estimation_With_a_CNN-Transformer_Hybrid_Framework_Utilizing_Multiple_Remotely_Sensed_Parameters/28471709,W4407831465,9cd6bfe3247dc9a49146f9f6bc7f140be326d837,27,OpenAlex+S2
R00958,Y,,2025,ISPRS Journal of Photogrammetry and Remote Sensing,10.1016/j.isprsjprs.2025.04.004,TKSF-KAN: Transformer-enhanced oat yield modeling and transferability across major oat-producing regions in China using UAV multisource data,,,,https://doi.org/10.1016/j.isprsjprs.2025.04.004,W4409383126,,15,OpenAlex
R00961,D,,2025,Plant Phenomics,10.1016/j.plaphe.2025.100001,Multi-granularity alignment for crop diseases detection,,https://doi.org/10.1016/j.plaphe.2025.100001,https://doi.org/10.1016/j.plaphe.2025.100001,https://doi.org/10.1016/j.plaphe.2025.100001,W4407902481,d18271aef12a91a64d34b968b93b65005d3f94ce,4,OpenAlex+S2
R00966,P,,2025,Remote Sensing,10.3390/rs17233924,Physics-Driven Machine-Learning Retrieval and Uncertainty Quantification of Crop Leaf Area Index,,https://doi.org/10.3390/rs17233924,https://doi.org/10.3390/rs17233924,https://doi.org/10.3390/rs17233924,W4416995613,8b05befee046d32ab9fc2178b3693d4e04874f02,2,OpenAlex+S2
R00981,M,,2024,Computers and Electronics in Agriculture,10.1016/j.compag.2024.109012,GACDNet:Mapping winter wheat by generative adversarial cross-domain networks with transformer integration for zero-sample extraction,,,,https://doi.org/10.1016/j.compag.2024.109012,W4396785546,,5,OpenAlex
R00988,O,,2023,Plant Phenomics,10.34133/plantphenomics.0017,From Prototype to Inference: A Pipeline to Apply Deep Learning in Sorghum Panicle Detection,,https://spj.science.org/doi/pdf/10.34133/plantphenomics.0017?download=true,https://spj.science.org/doi/pdf/10.34133/plantphenomics.0017?download=true,https://doi.org/10.34133/plantphenomics.0017,W4317749160,6da6faf76b5969e0d86c943982e8861fc6f57fe4,9,OpenAlex+S2
R00992,W,,2024,Intelligent Systems with Applications,10.1016/j.iswa.2024.200468,Unsupervised domain adaptation with self-training for weed segmentation,,https://doi.org/10.1016/j.iswa.2024.200468,https://doi.org/10.1016/j.iswa.2024.200468,https://doi.org/10.1016/j.iswa.2024.200468,W4405751318,82eb96ae32f4267ebeaf567290fc3ee0867aa728,1,OpenAlex+S2
R00993,Y,,2022,Drones,10.3390/drones6120423,"Transferability of Models for Predicting Rice Grain Yield from Unmanned Aerial Vehicle (UAV) Multispectral Imagery across Years, Cultivars and Sensors",,https://www.mdpi.com/2504-446X/6/12/423/pdf?version=1671607446,https://www.mdpi.com/2504-446X/6/12/423/pdf?version=1671607446,https://doi.org/10.3390/drones6120423,W4313408696,88b92c09084da04b4573d1152b59c3fbc41e4a2b,24,OpenAlex+S2
R00994,P,,2025,Agronomy,10.3390/agronomy15040789,Construction and Evaluation of a Cross-Regional and Cross-Year Monitoring Model for Millet Canopy Phenotype Based on UAV Multispectral Remote Sensing,,https://doi.org/10.3390/agronomy15040789,https://doi.org/10.3390/agronomy15040789,https://doi.org/10.3390/agronomy15040789,W4408831136,607b653e50af471cb470c1eedf10ecc2b4efcd84,7,OpenAlex+S2
R01000,M,,2022,Remote Sensing,10.3390/rs14215605,A Spatial–Temporal Depth-Wise Residual Network for Crop Sub-Pixel Mapping from MODIS Images,,https://www.mdpi.com/2072-4292/14/21/5605/pdf?version=1667793004,https://www.mdpi.com/2072-4292/14/21/5605/pdf?version=1667793004,https://doi.org/10.3390/rs14215605,W4308548056,4aa8b2628819a38d21936da236a7ac60389c272e,5,OpenAlex+S2
R01007,D,,2026,Computers and Electronics in Agriculture,10.1016/j.compag.2026.111558,Bridging laboratory and field hyperspectral analysis for early detection of potato late blight using Machine learning,,,,https://doi.org/10.1016/j.compag.2026.111558,W7129042322,99707ff430ab870bedfa231446b29b8c61604664,1,OpenAlex+S2
R01014,D,,2023,Frontiers in Computing and Intelligent Systems,10.54097/fcis.v3i2.7187,Tea Leaf Disease Classification using Domain Adaptation Method,,https://drpress.org/ojs/index.php/fcis/article/download/7187/6986,https://drpress.org/ojs/index.php/fcis/article/download/7187/6986,https://doi.org/10.54097/fcis.v3i2.7187,W4366778718,843ea0adc821420d99149fdcd9b5aa1fd8b79332,5,OpenAlex+S2
R01019,Y,,2026,Journal of Agriculture and Food Research,10.1016/j.jafr.2026.102662,Analyzing meteorological effects on crop yield and yield prediction through machine learning with different data partitioning approaches: A case study from Czech Republic,,https://doi.org/10.1016/j.jafr.2026.102662,https://doi.org/10.1016/j.jafr.2026.102662,https://doi.org/10.1016/j.jafr.2026.102662,W7120119192,2bbcf72441206c817dbe6c0a9fa323db91fd5cca,1,OpenAlex+S2
R01040,Y,,2026,BMC Plant Biology,10.1186/s12870-026-08537-3,Multimodal deep learning improves cross-environment prediction of durum wheat yield components,,,https://doi.org/10.1186/s12870-026-08537-3,https://doi.org/10.1186/s12870-026-08537-3,W7139044151,9eae82a73a68159e672f27bfbc790b5f4460a294,4,OpenAlex+S2
R01048,D,,2025,Ecotoxicology and Environmental Safety,10.1016/j.ecoenv.2025.118176,Assessing the ecotoxicological risk of nicosulfuron on maize using multi-source phenotype data and hyperspectral imaging,,https://doi.org/10.1016/j.ecoenv.2025.118176,https://doi.org/10.1016/j.ecoenv.2025.118176,https://doi.org/10.1016/j.ecoenv.2025.118176,W4409325698,3a5b4d66459617f8872e79ab6e64729e73f47b6d,3,OpenAlex+S2
R01052,O,,2021,Agriculture,10.3390/agriculture11050431,Cherry Tree Crown Extraction from Natural Orchard Images with Complex Backgrounds,,https://www.mdpi.com/2077-0472/11/5/431/pdf?version=1620717453,https://www.mdpi.com/2077-0472/11/5/431/pdf?version=1620717453,https://doi.org/10.3390/agriculture11050431,W3161078956,74eed6bf176deabad4944a3ab59ac1616c377866,19,OpenAlex+S2
R01060,Y,,2026,Remote Sensing,10.3390/rs18101575,Rice Yield Estimation Based on Machine Learning Applied to UAV Remote Sensing Data,,https://doi.org/10.3390/rs18101575,https://doi.org/10.3390/rs18101575,https://doi.org/10.3390/rs18101575,W7161153432,858f871b5a7f3cf49b6b0a832bde8dd2302ba886,3,OpenAlex+S2
R01062,O,,2025,Horticulturae,10.3390/horticulturae11111380,A Computer Vision Model for Accurate Detection of Fresh Jujube Fruits and General Small Targets in Complex Agricultural Environments,,https://doi.org/10.3390/horticulturae11111380,https://doi.org/10.3390/horticulturae11111380,https://doi.org/10.3390/horticulturae11111380,W4416344409,9d5af246bcf90493dbc6ec93a7ee1ee86b87d0d0,3,OpenAlex+S2
R01066,M,,2024,IEEE Transactions on Geoscience and Remote Sensing,10.1109/tgrs.2024.3442171,Bayesian Joint Adaptation Network for Crop Mapping in the Absence of Mapping Year Ground-Truth Samples,,,,https://doi.org/10.1109/tgrs.2024.3442171,W4401507829,9408aaeb02eef44b66efacb49e5419c8e21d938a,5,OpenAlex+S2
R01081,P,,2021,IEEE Transactions on Geoscience and Remote Sensing,10.1109/tgrs.2021.3123117,A General Algorithm of Leaf Chlorophyll Content Estimation for a Wide Range of Plant Species,,,,https://doi.org/10.1109/tgrs.2021.3123117,W3208686395,ff0561aa455c689ba2837e92723593e6e6399abc,10,OpenAlex+S2
R01082,M,,2025,Remote Sensing of Environment,10.1016/j.rse.2025.115051,Breaking the limitations of scenes and sensors variability: A novel unsupervised domain adaptive instance segmentation framework for agricultural field extraction,,https://doi.org/10.1016/j.rse.2025.115051,https://doi.org/10.1016/j.rse.2025.115051,https://doi.org/10.1016/j.rse.2025.115051,W4414679726,d284e5cea0372494a80b9fcc261620bfb8f32340,7,OpenAlex+S2
R01087,D,,2026,Scientific Reports,10.1038/s41598-026-45684-x,PlantCLR: contrastive self-supervised pretraining for generalizable plant disease detection,,https://doi.org/10.1038/s41598-026-45684-x,https://doi.org/10.1038/s41598-026-45684-x,https://doi.org/10.1038/s41598-026-45684-x,W7143813837,330c058e557caf9c8e4016c20b1ecc116956152b,5,OpenAlex+S2
R01093,D,,2025,Smart Agricultural Technology,10.1016/j.atech.2025.101349,WTAD-YOLO: A lightweight tomato leaf disease detection model based on YOLO11,,,https://doi.org/10.1016/j.atech.2025.101349,https://doi.org/10.1016/j.atech.2025.101349,W4413814711,,22,OpenAlex
R01108,M,,2022,arXiv (Cornell University),10.48550/arxiv.2211.04755,Towards Global Crop Maps with Transfer Learning,2211.04755,https://arxiv.org/pdf/2211.04755,https://arxiv.org/pdf/2211.04755,http://arxiv.org/abs/2211.04755,W4308831684,066af5e4671accbcd7ea57b0d5e29d3f6b074100,3,OpenAlex+S2
R01112,M,,2025,IEEE Access,10.1109/access.2025.3615739,A SAR-Driven Approach for Winter Catch Crop Classification in Germany,,https://doi.org/10.1109/access.2025.3615739,https://doi.org/10.1109/access.2025.3615739,https://doi.org/10.1109/access.2025.3615739,W4414603470,e9c8893e0502fa743362692824954ae498e1f026,3,OpenAlex+S2
R01113,M,,2025,International Journal of Applied Earth Observation and Geoinformation,10.1016/j.jag.2025.104673,Synergistic use of multi-sensor satellite data for mapping crop types and land cover dynamics from 2021 to 2023 in Northeast Thailand,,,https://doi.org/10.1016/j.jag.2025.104673,https://doi.org/10.1016/j.jag.2025.104673,W4411308749,,6,OpenAlex
R01116,D,,2026,Plants,10.3390/plants15081206,A Lightweight Plant Disease Detection Model for Long-Tailed Agricultural Scenarios,,https://www.mdpi.com/2223-7747/15/8/1206/pdf?version=1776246373,https://www.mdpi.com/2223-7747/15/8/1206/pdf?version=1776246373,https://doi.org/10.3390/plants15081206,W7154490797,3608b29c9017f0bf6e2b6a325bbadb6e46f28b23,1,OpenAlex+S2
R01133,Y,,2025,Remote Sensing,10.3390/rs17101717,Advancing Corn Yield Mapping in Kenya Through Transfer Learning,,https://www.mdpi.com/2072-4292/17/10/1717/pdf?version=1747220524,https://www.mdpi.com/2072-4292/17/10/1717/pdf?version=1747220524,https://doi.org/10.3390/rs17101717,W4410369105,23e15b4efc31a66bb2317eff9b1856e6e5eae7ac,6,OpenAlex+S2
R01136,D,,2021,Drones,10.3390/drones5020034,UAV-Based Classification of Cercospora Leaf Spot Using RGB Images,,https://www.mdpi.com/2504-446X/5/2/34/pdf,https://www.mdpi.com/2504-446X/5/2/34/pdf,https://doi.org/10.3390/drones5020034,W3159565241,8280369ac945fb264c15bd4c87d219015549fcac,66,OpenAlex+S2
R01141,Y,,2025,,10.5194/essd-2025-83,CY-Bench: A comprehensive benchmark dataset for sub-national crop yield forecasting,,https://doi.org/10.5194/essd-18-3997-2026,https://doi.org/10.5194/essd-2025-83,https://doi.org/10.5194/essd-2025-83,W4408364771,e76cea7c4efbd6672fa5edc7bfc1c8c8fc1ae687,4,OpenAlex+S2
R01151,O,,2024,IEEE Geoscience and Remote Sensing Letters,10.1109/lgrs.2024.3382871,TasselLFANetV2: Exploring Vision Models Adaptation in Cross-Domain,,,,https://doi.org/10.1109/lgrs.2024.3382871,W4393252812,99200ab459c1317db41fd617e89d82439f48b3c0,4,OpenAlex+S2
R01153,P,,2025,Field Crops Research,10.1016/j.fcr.2025.110237,A scalable machine learning approach for predicting wheat growth stages with a large national dataset,,,https://doi.org/10.1016/j.fcr.2025.110237,https://doi.org/10.1016/j.fcr.2025.110237,W4416437690,,2,OpenAlex
R01166,P,,2025,Smart Agricultural Technology,10.1016/j.atech.2025.101011,Enhancing rice phenology identification by synergistic learning canopy optical signals and plant height dynamics,,,https://doi.org/10.1016/j.atech.2025.101011,https://doi.org/10.1016/j.atech.2025.101011,W4410596062,,3,OpenAlex
R01170,M,,2025,ISPRS Journal of Photogrammetry and Remote Sensing,10.1016/j.isprsjprs.2025.03.024,Self-attention and frequency-augmentation for unsupervised domain adaptation in satellite image-based time series classification,,,https://doi.org/10.1016/j.isprsjprs.2025.03.024,https://doi.org/10.1016/j.isprsjprs.2025.03.024,W4409314291,,7,OpenAlex
R01177,M,,2025,Remote Sensing,10.3390/rs17061033,Paddy Rice Mapping in Hainan Island Using Time-Series Sentinel-1 SAR Data and Deep Learning,,https://doi.org/10.3390/rs17061033,https://doi.org/10.3390/rs17061033,https://doi.org/10.3390/rs17061033,W4408533672,72a9f2ccb6e267ab13e5d1b5d11e2e01ece12d00,4,OpenAlex+S2
R01182,M,,2025,IEEE Journal of Selected Topics in Applied Earth Observations and Remote Sensing,10.1109/jstars.2025.3573750,"A General Model for Large-Scale Paddy Rice Mapping by Combining Biological Characteristics, Deep Learning, and Multisource Remote Sensing Data",,https://doi.org/10.1109/jstars.2025.3573750,https://doi.org/10.1109/jstars.2025.3573750,https://doi.org/10.1109/jstars.2025.3573750,W4411203518,618b975b37eb1d505ac6980c5547cd0353e09a70,3,OpenAlex+S2
R01189,D,,2025,Scientific Reports,10.1038/s41598-025-32568-9,A lightweight and generalizable deep learning framework for early detection of rice leaf diseases in complex field environments,,https://doi.org/10.1038/s41598-025-32568-9,https://doi.org/10.1038/s41598-025-32568-9,https://doi.org/10.1038/s41598-025-32568-9,W7116776189,7f890146ff9f9a6c80b57a8c52888b177474de8c,2,OpenAlex+S2
R01202,P,,2022,Frontiers in Plant Science,10.3389/fpls.2022.1009835,Wheat lodging extraction using Improved_Unet network,,https://www.frontiersin.org/articles/10.3389/fpls.2022.1009835/pdf,https://www.frontiersin.org/articles/10.3389/fpls.2022.1009835/pdf,https://doi.org/10.3389/fpls.2022.1009835,W4298137862,d525ed1d5eb6fa833cc6c40f9156db11ed906bae,16,OpenAlex+S2
R01209,D,,2026,Frontiers in Plant Science,10.3389/fpls.2026.1826962,Quantifying the reliability gap in cross-domain plant disease classification: benchmarking the limited efficacy of standard mitigation techniques under controlled-to-field shift,,https://www.frontiersin.org/journals/plant-science/articles/10.3389/fpls.2026.1826962/pdf,https://www.frontiersin.org/journals/plant-science/articles/10.3389/fpls.2026.1826962/pdf,https://doi.org/10.3389/fpls.2026.1826962,W7162086445,0eeec0e8da3b534e6b71e61d0ea03207e4eb7a8c,2,OpenAlex+S2
R01234,P,,2025,"The international archives of the photogrammetry, remote sensing and spatial information sciences/International archives of the photogrammetry, remote sensing and spatial information sciences",10.5194/isprs-archives-xlviii-m-8-2025-7-2025,Aerial Insights: Advancing Nitrogen Estimation in Field Crops using Multispectral Imaging,,https://doi.org/10.5194/isprs-archives-xlviii-m-8-2025-7-2025,https://doi.org/10.5194/isprs-archives-xlviii-m-8-2025-7-2025,https://doi.org/10.5194/isprs-archives-xlviii-m-8-2025-7-2025,W4413958078,69642dd182e380103ba5f15cf298421b4b2cf291,3,OpenAlex+S2
R01235,O,,2024,Plant Phenomics,10.34133/plantphenomics.0268,Counting Canola: Toward Generalizable Aerial Plant Detection Models,,https://spj.science.org/doi/pdf/10.34133/plantphenomics.0268?download=true,https://spj.science.org/doi/pdf/10.34133/plantphenomics.0268?download=true,https://doi.org/10.34133/plantphenomics.0268,W4403243243,7694b440cc504b772586f3171ac043bf659a352b,5,OpenAlex+S2
R01247,M,,2026,Remote Sensing,10.3390/rs18020365,TABS-Net: A Temporal Spectral Attentive Block with Space–Time Fusion Network for Robust Cross-Year Crop Mapping,,https://www.mdpi.com/2072-4292/18/2/365/pdf?version=1769003642,https://www.mdpi.com/2072-4292/18/2/365/pdf?version=1769003642,https://doi.org/10.3390/rs18020365,W7125172644,4eca54b7b08eb81416eb0f26b5abd0a0071b0a44,1,OpenAlex+S2
R01249,D,,2026,Applied Soft Computing,10.1016/j.asoc.2026.115515,A lightweight CNN supported by partially skip-connected CAE for plant disease identification across multiple agricultural environments,,,,https://doi.org/10.1016/j.asoc.2026.115515,W7161800360,,1,OpenAlex
R01250,D,,2026,Sustainability,10.3390/su18136867,From Benchmark Accuracy to Field Performance: Hybrid Deep Learning-Based Plant Disease Classification with IoT-Enabled Environmental Monitoring,,https://doi.org/10.3390/su18136867,https://doi.org/10.3390/su18136867,https://doi.org/10.3390/su18136867,W7167492391,d7a49494d4c9e2647e27f0010923c236234e3eaf,1,OpenAlex+S2
R01258,O,,2026,Sensors,10.3390/s26041313,FEGW-YOLO: A Feature-Complexity-Guided Lightweight Framework for Real-Time Multi-Crop Detection with Advanced Sensing Integration on Edge Devices,,https://www.mdpi.com/1424-8220/26/4/1313/pdf,https://www.mdpi.com/1424-8220/26/4/1313/pdf,https://doi.org/10.3390/s26041313,W7130341640,9f4303b193329b43e4d691137ba57879430ed220,5,OpenAlex+S2
R01269,P,,2024,Smart Agricultural Technology,10.1016/j.atech.2024.100581,Efficient physics-informed transfer learning to quantify biochemical traits of winter wheat from UAV multispectral imagery,,,https://doi.org/10.1016/j.atech.2024.100581,https://doi.org/10.1016/j.atech.2024.100581,W4402731416,,9,OpenAlex
R01284,M,,2015,ISPRS Journal of Photogrammetry and Remote Sensing,10.1016/j.isprsjprs.2015.07.001,Decision fusion and non-parametric classifiers for land use mapping using multi-temporal RapidEye data,,http://www.sciencedirect.com/science/article/pii/S0924271615001689,http://www.sciencedirect.com/science/article/pii/S0924271615001689,http://www.sciencedirect.com/science/article/pii/S0924271615001689,W1194204893,c5ce24daddaf94fecef36eadfb2464d643184c58,75,OpenAlex+S2
R01298,M,,2026,Remote Sensing,10.3390/rs18071065,Evaluating the Performance of AlphaEarth Foundation Embeddings for Irrigated Cropland Mapping Across Regions and Years,,https://doi.org/10.3390/rs18071065,https://doi.org/10.3390/rs18071065,https://doi.org/10.3390/rs18071065,W7148355133,4204748df59e0a18711bf1bad25f4ac03317991e,3,OpenAlex+S2
R01302,Y,,2024,The Plant Phenome Journal,10.1002/ppj2.70006,Manifold and spatiotemporal learning on multispectral unoccupied aerial system imagery for phenotype prediction,,https://onlinelibrary.wiley.com/doi/pdfdirect/10.1002/ppj2.70006,https://onlinelibrary.wiley.com/doi/pdfdirect/10.1002/ppj2.70006,https://doi.org/10.1002/ppj2.70006,W4404014909,587dbb3ff20bcc30de08db6c29f1a3f3ff257a5f,4,OpenAlex+S2
R01303,D,,2025,Smart Agricultural Technology,10.1016/j.atech.2025.100877,Automated detection of downy mildew and powdery mildew symptoms for vineyard disease management,,,https://doi.org/10.1016/j.atech.2025.100877,https://doi.org/10.1016/j.atech.2025.100877,W4408105162,,4,OpenAlex
R01308,M,,2025,Science of Remote Sensing,10.1016/j.srs.2024.100188,Large-scale mapping of plastic-mulched land from Sentinel-2 using an index-feature-spatial-attention fused deep learning model,,,https://doi.org/10.1016/j.srs.2024.100188,https://doi.org/10.1016/j.srs.2024.100188,W4406071578,,7,OpenAlex
R01309,M,,2018,Remote Sensing of Environment,10.1016/j.rse.2018.06.017,Generalized space-time classifiers for monitoring sugarcane areas in Brazil,,,,https://doi.org/10.1016/j.rse.2018.06.017,W2810127146,70556e868029f509fc0aeb84937f4fdf4dc405b2,64,OpenAlex+S2
R01316,Y,,2026,Smart Agricultural Technology,10.1016/j.atech.2026.101936,"Machine learning approaches for wheat yield prediction integrating biophysical modeling and remote sensing: Effects of sample size, dimensionality, and transferability",,,https://doi.org/10.1016/j.atech.2026.101936,https://doi.org/10.1016/j.atech.2026.101936,W7132853827,,2,OpenAlex
R01331,D,,2026,bioRxiv (Cold Spring Harbor Laboratory),10.64898/2026.06.03.729887,Aerial imagery and deep learning accurately estimate maize foliar disease severity,,https://doi.org/10.64898/2026.06.03.729887,https://doi.org/10.64898/2026.06.03.729887,https://doi.org/10.64898/2026.06.03.729887,W7163744706,61d83064db203b8b1f3815262ce48b48593ef8e7,1,OpenAlex+S2
R01337,M,,2024,arXiv (Cornell University),10.48550/arxiv.2411.05219,Anticipatory Understanding of Resilient Agriculture to Climate,2411.05219,https://arxiv.org/pdf/2411.05219,https://arxiv.org/pdf/2411.05219,http://arxiv.org/abs/2411.05219,W4404390538,b982dc5b005d1eb2f4c230bc5bff1293157f08f1,1,OpenAlex+S2
R01339,O,,2025,Frontiers in Plant Science,10.3389/fpls.2025.1682024,Maturity detection and counting of blueberries in real orchards using a novel STF-YOLO model integrated with ByteTrack algorithm,,https://doi.org/10.3389/fpls.2025.1682024,https://doi.org/10.3389/fpls.2025.1682024,https://doi.org/10.3389/fpls.2025.1682024,W4416770268,aa75b478baa1196a08be9b2a6db220b86bd5715a,12,OpenAlex+S2
R01343,Y,,2023,PLoS ONE,10.1371/journal.pone.0277804,Cumulative temporal vegetation indices from unoccupied aerial systems allow maize (Zea mays L.) hybrid yield to be estimated across environments with fewer flights,,https://journals.plos.org/plosone/article/file?id=10.1371/journal.pone.0277804&type=printable,https://journals.plos.org/plosone/article/file?id=10.1371/journal.pone.0277804&type=printable,https://doi.org/10.1371/journal.pone.0277804,W4318150226,a92c4e3360a22e1498fa8c5979a62471fb1a3672,14,OpenAlex+S2
R01344,M,,2025,Information Processing in Agriculture,10.1016/j.inpa.2025.11.005,ICIS: Intelligent and Label-Free crop identifying using Multi-Source time series and model transfer,,,https://doi.org/10.1016/j.inpa.2025.11.005,https://doi.org/10.1016/j.inpa.2025.11.005,W4416828424,,2,OpenAlex
R01402,W,,2025,Frontiers in Plant Science,10.3389/fpls.2025.1703811,Exploiting adversarial style for generalized and robust weed segmentation in rice paddy field,,https://public-pages-files-2025.frontiersin.org/journals/plant-science/articles/10.3389/fpls.2025.1703811/pdf,https://public-pages-files-2025.frontiersin.org/journals/plant-science/articles/10.3389/fpls.2025.1703811/pdf,https://doi.org/10.3389/fpls.2025.1703811,W4416858406,813b4492d8613ba0290a94dcd899efe4ea5b4bb3,1,OpenAlex+S2
R01403,O,,2026,IEEE Access,10.1109/access.2026.3672401,SlimTom-DETR: A Lightweight and Real-Time Tomato Detection Model for Plant Factories With Complex Lighting Conditions,,https://doi.org/10.1109/access.2026.3672401,https://doi.org/10.1109/access.2026.3672401,https://doi.org/10.1109/access.2026.3672401,W7134902340,ce1f07d412cdf7a273455c37f5f75e2ae30b3265,1,OpenAlex+S2
R01413,P,,2025,Remote Sensing,10.3390/rs17193365,Improving the Accuracy of Seasonal Crop Coefficients in Grapevine from Sentinel-2 Data,,https://www.mdpi.com/2072-4292/17/19/3365/pdf?version=1759588578,https://www.mdpi.com/2072-4292/17/19/3365/pdf?version=1759588578,https://doi.org/10.3390/rs17193365,W4414902223,8efa5852d243e5b082fea75c41e17f22d82bcfa1,2,OpenAlex+S2
R01418,P,,2025,IEEE Transactions on Geoscience and Remote Sensing,10.1109/tgrs.2025.3597921,A Sustainable Learning Framework: UAV-Based Oat Chlorophyll Monitoring Using Radiative Transfer Models and Deep Learning Techniques,,,,https://doi.org/10.1109/tgrs.2025.3597921,W4413156518,0c33d4fbc6f3bcb0e701a557c60de93c38dd0421,4,OpenAlex+S2
R01424,M,,2026,Remote Sensing,10.3390/rs18111677,A Spatial-Temporal Attention-Based U-Net for Crop Mapping from Time-Series Sentinel-2 Imagery: A Case in Sanjiang Plain,,https://doi.org/10.3390/rs18111677,https://doi.org/10.3390/rs18111677,https://doi.org/10.3390/rs18111677,W7162109681,711321c2de12c0b6f258ed450e8ae0d857eb1615,2,OpenAlex+S2
R01432,M,,2026,ISPRS Open Journal of Photogrammetry and Remote Sensing,10.1016/j.ophoto.2026.100117,Benchmarking for practice: Few-shot time-series crop-type classification on the EuroCropsML dataset,2504.11022,https://doi.org/10.1016/j.ophoto.2026.100117,https://doi.org/10.1016/j.ophoto.2026.100117,https://doi.org/10.1016/j.ophoto.2026.100117,W4414786475,f7de7252dd7f7566b7f40edd9b82b272e82454a1,2,OpenAlex+S2
R01453,Y,,2026,Remote Sensing,10.3390/rs18162694,Durum Wheat Yield Prediction: A Machine Learning Framework Integrating Sentinel-2 Imagery and Meteorological Data,,https://doi.org/10.3390/rs18162694,https://doi.org/10.3390/rs18162694,https://doi.org/10.3390/rs18162694,W7202210571,f8359078099d9992ee0cb4e4bdd17f19df36f4e2,1,OpenAlex+S2
R01460,D,,2025,arXiv (Cornell University),10.48550/arxiv.2501.00734,DDD: Discriminative Difficulty Distance for plant disease diagnosis,2501.00734,https://arxiv.org/pdf/2501.00734,https://arxiv.org/pdf/2501.00734,http://arxiv.org/abs/2501.00734,W4406032319,4c9539e1e245df175d83496bbe0a5b4a09610f47,2,OpenAlex+S2
R01462,Y,,2022,arXiv (Cornell University),10.48550/arxiv.2210.11226,Comparing Machine Learning Techniques for Alfalfa Biomass Yield Prediction,2210.11226,https://arxiv.org/pdf/2210.11226,https://arxiv.org/pdf/2210.11226,http://arxiv.org/abs/2210.11226,W4307077699,6060f4c640fa7c7cba6e3c81da7ea6a54a361d19,2,OpenAlex+S2
R01480,Y,,2026,Smart Agricultural Technology,10.1016/j.atech.2026.102215,A physics-guided deep learning framework for county-level maize yield estimation in arid irrigated regions,,,https://doi.org/10.1016/j.atech.2026.102215,https://doi.org/10.1016/j.atech.2026.102215,W7161180677,,1,OpenAlex
R01481,Y,,2024,Remote Sensing,10.3390/rs16214081,Exploring the Use of High-Resolution Satellite Images to Estimate Corn Silage Yield Within Field,,https://www.mdpi.com/2072-4292/16/21/4081/pdf?version=1730448248,https://www.mdpi.com/2072-4292/16/21/4081/pdf?version=1730448248,https://doi.org/10.3390/rs16214081,W4403986042,ee3ef8b7ff045a25ee933c972d33264653671156,5,OpenAlex+S2
R01483,D,,2026,Franklin Open,10.1016/j.fraope.2026.100513,Transfer learning-based comparative study of cnn architectures for automated rice disease detection in Bangladesh,,,https://doi.org/10.1016/j.fraope.2026.100513,https://doi.org/10.1016/j.fraope.2026.100513,W7129071786,,2,OpenAlex
R01498,D,,2025,Computers and Electronics in Agriculture,10.1016/j.compag.2025.110865,Non-invasive diagnosis of nutrient deficiencies in winter wheat and winter rye using UAV-based RGB images,,,https://doi.org/10.1016/j.compag.2025.110865,https://doi.org/10.1016/j.compag.2025.110865,W4413413205,,7,OpenAlex
R01504,W,,2025,Franklin Open,10.1016/j.fraope.2025.100369,Weed image classification with generative AI using latent denoising diffusion probabilistic model and Wiener filtering approach,,,https://doi.org/10.1016/j.fraope.2025.100369,https://doi.org/10.1016/j.fraope.2025.100369,W4414475396,,2,OpenAlex
R01524,D,,2026,Potato Research,10.1007/s11540-026-10063-6,Comparative Evaluation of Deep Features and Traditional Classifiers in the Detection of Potato Leaf Diseases,,https://link.springer.com/content/pdf/10.1007/s11540-026-10063-6.pdf,https://link.springer.com/content/pdf/10.1007/s11540-026-10063-6.pdf,https://doi.org/10.1007/s11540-026-10063-6,W7154936156,6def8f070509d5b032364f04640e11892cdce1b4,4,OpenAlex+S2
R01526,W,,2026,Remote Sensing,10.3390/rs18060915,BAWSeg: A UAV Multispectral Benchmark for Barley Weed Segmentation,2603.01932,https://arxiv.org/pdf/2603.01932,https://doi.org/10.3390/rs18060915,https://doi.org/10.3390/rs18060915,W7138376711,2fba13604a76d357f4c37bb3af5a9affa2ce49eb,2,OpenAlex+S2
R01544,M,,2025,International Journal of Remote Sensing,10.1080/01431161.2025.2527988,Cross-temporal domain generalization approach combined with self-organizing-maps for classifying MODIS time series data,,https://doi.org/10.1080/01431161.2025.2527988,https://doi.org/10.1080/01431161.2025.2527988,https://doi.org/10.1080/01431161.2025.2527988,W4412381650,e8ddf28e1493289a3ceccf8aabd5912ef52e9857,1,OpenAlex+S2
R01545,Y,,2025,Computers and Electronics in Agriculture,10.1016/j.compag.2025.110658,Estimating sugarcane yield and its components using unoccupied aerial systems (UAS)-based high throughput phenotyping (HTP),,,https://doi.org/10.1016/j.compag.2025.110658,https://doi.org/10.1016/j.compag.2025.110658,W4411298907,,6,OpenAlex
R01563,P,,2026,Remote Sensing of Environment,10.1016/j.rse.2026.115336,Enhancing transferability of foliar trait retrieval models: A comparative analysis of transfer learning strategies and domain shift characterization,,,,https://doi.org/10.1016/j.rse.2026.115336,W7133195330,,2,OpenAlex
R01567,Y,,2026,Precision Agriculture,10.1007/s11119-026-10371-4,Optimizing soybean breeding: High-throughput phenotyping for stink bug resistance and high yields,,https://www.researchsquare.com/article/rs-7736736/latest.pdf,https://doi.org/10.1007/s11119-026-10371-4,https://doi.org/10.1007/s11119-026-10371-4,W7161268827,1c9bf0b736e04024bb51ad9e4019f81a224ea474,1,OpenAlex+S2
R01571,P,,2025,Smart Agricultural Technology,10.1016/j.atech.2025.101481,Diagnosis of nitrogen nutrition in winter wheat across years based on multi-source remote sensing data from unmanned aerial vehicles,,,https://doi.org/10.1016/j.atech.2025.101481,https://doi.org/10.1016/j.atech.2025.101481,W4414571725,,6,OpenAlex
R01603,W,,2025,Plant Phenomics,10.1016/j.plaphe.2025.100086,FSEA: Incorporating domain-specific prior knowledge for few-shot weed detection,,https://doi.org/10.1016/j.plaphe.2025.100086,https://doi.org/10.1016/j.plaphe.2025.100086,https://doi.org/10.1016/j.plaphe.2025.100086,W4412048933,99c6a2287f22269d04ac40bec7e88a8484914542,2,OpenAlex+S2
R01604,D,,2026,Knowledge-Based Systems,10.1016/j.knosys.2026.115703,Incremental learning with dynamic memory replay for crop-disease classification across diverse environments,,,,https://doi.org/10.1016/j.knosys.2026.115703,W7134131086,,1,OpenAlex
R01611,Y,,2023,International Journal of Applied Earth Observation and Geoinformation,10.1016/j.jag.2023.103636,In-season forecasting of within-field grain yield from Sentinel-2 time series data,,,https://doi.org/10.1016/j.jag.2023.103636,https://doi.org/10.1016/j.jag.2023.103636,W4390242405,,25,OpenAlex
R01636,Y,,2026,IEEE Transactions on Geoscience and Remote Sensing,10.1109/tgrs.2026.3684831,DFYP: A Dynamic Fusion Framework With Spectral Channel Attention and Adaptive Operator Learning for Crop Yield Prediction,2507.05849,https://arxiv.org/pdf/2507.05849,https://arxiv.org/pdf/2507.05849,http://arxiv.org/abs/2507.05849,W4416061375,962fe11e60865b48e0366bc927b0378a7c74b24f,1,OpenAlex+S2
R01637,P,,2025,The Plant Phenome Journal,10.1002/ppj2.70050,Limitations of phenomic prediction for evaluating wheat stem sawfly resistance in wheat breeding programs,,https://doi.org/10.1002/ppj2.70050,https://doi.org/10.1002/ppj2.70050,https://doi.org/10.1002/ppj2.70050,W4416534022,2551d009514940530aad4ba6bccb2c40452c7c2b,2,OpenAlex+S2
R01646,M,,2026,Agriculture,10.3390/agriculture16101108,A Multi-Class Crop Field Identification Method Based on Semantic–SAM Fusion and UAV RGB Imagery,,https://doi.org/10.3390/agriculture16101108,https://doi.org/10.3390/agriculture16101108,https://doi.org/10.3390/agriculture16101108,W7161627217,6e87652c59680fc9f5a6b129932394550ac77def,1,OpenAlex+S2
R01663,P,,2025,Agriculture,10.3390/agriculture15151638,Estimation of Potato Growth Parameters Under Limited Field Data Availability by Integrating Few-Shot Learning and Multi-Task Learning,,https://www.mdpi.com/2077-0472/15/15/1638/pdf?version=1754633429,https://www.mdpi.com/2077-0472/15/15/1638/pdf?version=1754633429,https://doi.org/10.3390/agriculture15151638,W4412867235,859a82615a0e8ca0762ceb3d1e9bc774b579843a,3,OpenAlex+S2
R01684,O,,2025,Applied Engineering in Agriculture,10.13031/aea.16247,Development and Preliminary Evaluation of a YOLO-Based Fruit Counting and Maturity Evaluation Mobile Application for Blueberries,,,,https://doi.org/10.13031/aea.16247,W4411539394,,5,OpenAlex
R01690,M,,2021,arXiv (Cornell University),10.48550/arxiv.2103.09588,An Efficient Method for the Classification of Croplands in Scarce-Label Regions,2103.09588,https://arxiv.org/pdf/2103.09588,https://arxiv.org/pdf/2103.09588,http://arxiv.org/abs/2103.09588,W3136192076,d9faf6c690309f68580a6b32c3bdcfea869bc36f,1,OpenAlex+S2
R01713,P,,2025,Agriculture,10.3390/agriculture15131373,Winter Wheat Nitrogen Content Prediction and Transferability of Models Based on UAV Image Features,,https://www.mdpi.com/2077-0472/15/13/1373/pdf?version=1750948743,https://www.mdpi.com/2077-0472/15/13/1373/pdf?version=1750948743,https://doi.org/10.3390/agriculture15131373,W4411673684,ffe7cc1222eeda5e9f1ce5ac67c4886f23265fe2,3,OpenAlex+S2
R01718,D,,2023,arXiv (Cornell University),10.48550/arxiv.2310.05943,Analysis of Learned Features and Framework for Potato Disease Detection,2310.05943,https://arxiv.org/pdf/2310.05943,https://arxiv.org/pdf/2310.05943,http://arxiv.org/abs/2310.05943,W4387560635,b8acbf854ea084b50e35b8c225fe41a3057f873e,1,OpenAlex+S2
R01721,M,,2025,ISPRS Open Journal of Photogrammetry and Remote Sensing,10.1016/j.ophoto.2025.100091,Evaluating the role of training data origin for country-scale cropland mapping in data-scarce regions: A case study of Nigeria,,,https://doi.org/10.1016/j.ophoto.2025.100091,https://doi.org/10.1016/j.ophoto.2025.100091,W4412462753,,2,OpenAlex
R01741,Y,,2022,European Journal of Remote Sensing,10.1080/22797254.2022.2073916,Phenological piecewise modelling is more conducive than whole-season modelling to winter wheat yield estimation based on remote sensing data,,https://doi.org/10.1080/22797254.2022.2073916,https://doi.org/10.1080/22797254.2022.2073916,https://doi.org/10.1080/22797254.2022.2073916,W4293063016,20a30825f3256849721e66a94106f2fc6af0b809,3,OpenAlex+S2
R01752,P,,2026,Frontiers in Plant Science,10.3389/fpls.2025.1720819,Transfer learning for improving generalizability in predicting soybean maturity date using UAV imagery,,https://public-pages-files-2025.frontiersin.org/journals/plant-science/articles/10.3389/fpls.2025.1720819/pdf,https://public-pages-files-2025.frontiersin.org/journals/plant-science/articles/10.3389/fpls.2025.1720819/pdf,https://doi.org/10.3389/fpls.2025.1720819,W7125931084,c66da2a371185dfad3b2b297e451d896e48fa0ff,2,OpenAlex+S2
R01756,P,,2025,IEEE Internet of Things Journal,10.1109/jiot.2025.3617805,In-Field Mapping of Grape Yield and Quality With Illumination-Invariant Deep Learning,2510.04864,https://arxiv.org/pdf/2510.04864,https://arxiv.org/pdf/2510.04864,http://arxiv.org/abs/2510.04864,W4414798779,096347b4fedb0daf12db15d87d1fa787417fdf50,1,OpenAlex+S2
R01771,D,,2025,Frontiers in Plant Science,10.3389/fpls.2025.1704663,Detection techniques for tomato diseases under non-stationary climatic conditions,,https://public-pages-files-2025.frontiersin.org/journals/plant-science/articles/10.3389/fpls.2025.1704663/pdf,https://public-pages-files-2025.frontiersin.org/journals/plant-science/articles/10.3389/fpls.2025.1704663/pdf,https://doi.org/10.3389/fpls.2025.1704663,W4417024046,84b440aa927f5978771130de465b81ebd87a9be9,1,OpenAlex+S2
R01774,P,,2025,SSRN Electronic Journal,10.2139/ssrn.5946343,Generalized cross-crop and cross-sensor plant nitrogen estimation with Wasserstein generative augmentation,,,https://doi.org/10.2139/ssrn.5946343,https://doi.org/10.2139/ssrn.5946343,W7116709270,,0,OpenAlex
R01778,D,,2025,Zenodo (CERN European Organization for Nuclear Research),10.5281/zenodo.18514672,Using Machine Learning For Cross-Crop Nitrogen Deficiency Detection In Crops,,,https://doi.org/10.5281/zenodo.18514672,https://doi.org/10.5281/zenodo.18514672,W7128177456,,0,OpenAlex
R01780,M,,2026,Remote Sensing Applications Society and Environment,10.1016/j.rsase.2026.101885,Transferability of spatial and temporal learning models for winter wheat mapping in data-scarce environments: A case study in Armenia,,,https://doi.org/10.1016/j.rsase.2026.101885,https://doi.org/10.1016/j.rsase.2026.101885,W7124856429,,1,OpenAlex
R01784,M,,2026,Computers and Electronics in Agriculture,10.1016/j.compag.2026.111646,From time-series generation and model selection to transfer learning: A review and comparative analysis of pixel-wise approaches for large-scale crop mapping,2507.12590,https://doi.org/10.1016/j.compag.2026.111646,https://doi.org/10.1016/j.compag.2026.111646,https://doi.org/10.1016/j.compag.2026.111646,W4416174609,f9105d7d8b56e243228dd743002cf468d7f27be9,1,OpenAlex+S2
R01791,D,,2026,Smart Agricultural Technology,10.1016/j.atech.2026.101845,Attention-based pretrained deep learning framework for nutrient deficiency diagnosis in oilseed rape using UAV multispectral imagery,,,https://doi.org/10.1016/j.atech.2026.101845,https://doi.org/10.1016/j.atech.2026.101845,W7125931220,,1,OpenAlex
R01792,M,,2026,SSRN Electronic Journal,10.2139/ssrn.7360015,"Sparse Feature Selection, Not Deep Learning Capacity, Drives Spatial Transfer in Crop Classification",,,https://doi.org/10.2139/ssrn.7360015,https://doi.org/10.2139/ssrn.7360015,W7204489702,,0,OpenAlex
R01793,P,,2025,Artificial Intelligence in Agriculture,10.1016/j.aiia.2025.10.018,"Transfer learning-based soybean LAI estimations by integrating PROSAIL, UAV, and PlanetScope imagery",,,https://doi.org/10.1016/j.aiia.2025.10.018,https://doi.org/10.1016/j.aiia.2025.10.018,W4415901172,,2,OpenAlex
R01826,Y,,2025,,10.5194/egusphere-2025-3706,Flood damage functions for rice: Synthesizing evidence and building data-driven models,,https://egusphere.copernicus.org/preprints/2025/egusphere-2025-3706/egusphere-2025-3706.pdf,https://egusphere.copernicus.org/preprints/2025/egusphere-2025-3706/egusphere-2025-3706.pdf,https://doi.org/10.5194/egusphere-2025-3706,W4414339736,1a55f3b331589bced5de8b446980e0fe4da4b401,1,OpenAlex+S2
R01829,M,,2026,Geodetski vestnik,10.15292/geodetski-vestnik.2026.02.268-288,Spatial Transfer Learning for Cross-Regional Crop Mapping,,https://www.geodetski-vestnik.com/arhiv/70/2/268_Pandzic_at_al.pdf,https://www.geodetski-vestnik.com/arhiv/70/2/268_Pandzic_at_al.pdf,https://doi.org/10.15292/geodetski-vestnik.2026.02.268-288,W7168179475,1363819b9e9c65cbe9e19c979a2c1afc0d4c6cfb,0,OpenAlex+S2
R01838,Y,,2026,Smart Agricultural Technology,10.1016/j.atech.2026.101999,Multi-scale cotton yield prediction using machine learning and Sentinel-2 imagery,,,https://doi.org/10.1016/j.atech.2026.101999,https://doi.org/10.1016/j.atech.2026.101999,W7136303188,,1,OpenAlex
R01843,O,,2023,Computer Science and Technology,10.57237/j.cst.2023.04.006,Semi-supervised Pseudo Label Learning-based Wheat Head Detection,,http://article.isciencegroup.com/pdf/10240054.pdf,http://article.isciencegroup.com/pdf/10240054.pdf,http://dx.doi.org/10.57237/j.cst.2023.04.006,W4389094378,,1,OpenAlex
R01847,P,,2025,Computers and Electronics in Agriculture,10.1016/j.compag.2025.110632,SenNet: A dual-branch image semantic segmentation network for wheat senescence evaluation and high-yielding variety screening,,,https://doi.org/10.1016/j.compag.2025.110632,https://doi.org/10.1016/j.compag.2025.110632,W4411261079,,2,OpenAlex
R01860,O,,2023,Journal of Intelligent & Fuzzy Systems,10.3233/jifs-232104,Domain adaptive fruit detection method based on multiple alignments,,,,https://doi.org/10.3233/jifs-232104,W4385257266,33ce74350b90b41e1a9ae01b0b1c70dfcb6f9d2f,1,OpenAlex+S2
R01867,M,,2026,Science of Remote Sensing,10.1016/j.srs.2026.100364,Rule-based training sample generation using Sentinel-2 GCVI time series for winter wheat mapping,,,https://doi.org/10.1016/j.srs.2026.100364,https://doi.org/10.1016/j.srs.2026.100364,W7119136375,,1,OpenAlex
R01878,M,,2026,International Journal of Remote Sensing,10.1080/01431161.2026.2649953,An open-set domain adaptation approach for cross-region crop mapping,,,,https://doi.org/10.1080/01431161.2026.2649953,W7141035009,2ff8ad974bd9c46ef07df6c99fd8dbad5ebce233,0,OpenAlex+S2
R01880,D,,2026,Agriculture,10.3390/agriculture16080875,Precise Identification of Tomato Leaf Diseases: A VMamba-FCS Classification Model Based on Multi-Mechanism Synergistic Enhancement,,https://www.mdpi.com/2077-0472/16/8/875/pdf?version=1776246843,https://www.mdpi.com/2077-0472/16/8/875/pdf?version=1776246843,https://doi.org/10.3390/agriculture16080875,W7154503588,a36d3680e3e50c4f283eba6d1bdee90b08c85900,2,OpenAlex+S2
R01881,P,,2026,Agricultural Water Management,10.1016/j.agwat.2026.110317,Cross-regional estimation of leaf chlorophyll and soil moisture content in drip-irrigated citrus orchards using UAV data and transfer learning,,,https://doi.org/10.1016/j.agwat.2026.110317,https://doi.org/10.1016/j.agwat.2026.110317,W7144037417,,2,OpenAlex
R01882,Y,,2026,International Journal of Applied Earth Observation and Geoinformation,10.1016/j.jag.2026.105140,The yield strikes back: Enhancing the transferability of field scale wheat and barley yield models by leveraging Sentinel-1/2,,,https://doi.org/10.1016/j.jag.2026.105140,https://doi.org/10.1016/j.jag.2026.105140,W7127186140,,1,OpenAlex
R01884,M,,2026,GIScience & Remote Sensing,10.1080/15481603.2026.2671603,Improved maize mapping using multi-source data fusion coupled with height-spectral Gaussian mixture modeling,,,https://doi.org/10.1080/15481603.2026.2671603,https://doi.org/10.1080/15481603.2026.2671603,W7161052645,,1,OpenAlex
R01899,D,,2026,International journal of intelligent engineering and systems,10.22266/ijies2026.0731.06,Plant MAE-prompt: Lesion-aware Self-supervised Pretraining with Hierarchical Prompt Tuning for Cross-crop Overlapped Disease Detection in Corn and Tomato Leaves,,https://doi.org/10.22266/ijies2026.0731.06,https://doi.org/10.22266/ijies2026.0731.06,https://doi.org/10.22266/ijies2026.0731.06,W7165757506,,0,OpenAlex
R01902,M,,2020,International Journal of Engineering and Geosciences,10.26833/ijeg.681312,Intelligent mapping of irrigated areas from Landsat 8 images using transfer learning,,https://dergipark.org.tr/en/download/article-file/1199211,https://dergipark.org.tr/en/download/article-file/1199211,https://doi.org/10.26833/ijeg.681312,W3045528208,e40b8edc8189af08a8ba7c4a8aa445d54bee844a,33,OpenAlex+S2
R01903,M,,2026,Open Collections,10.14288/1.0452866,Resource-Aware Citrus Crop Mapping from Sentinel-2 Time Series Using a Pixel-Set Encoder Convolutional Neural Network for Sustainable Agricultural Monitoring,,https://doi.org/10.3390/green1010005,https://doi.org/10.14288/1.0452866,https://doi.org/10.14288/1.0452866,W7167271120,4987727cc43f0aa146d36e43ffd9038399280dc6,0,OpenAlex+S2
R01916,D,,2026,INTERANTIONAL JOURNAL OF SCIENTIFIC RESEARCH IN ENGINEERING AND MANAGEMENT,10.55041/ijsrem66380,Performance Evaluation and Cross-Dataset Validation of Machine Learning Algorithms for Crop Disease Identification Using Rice and Maize Leaf Images,,https://doi.org/10.55041/ijsrem66380,https://doi.org/10.55041/ijsrem66380,https://doi.org/10.55041/ijsrem66380,W7171575806,d2010793eb5e20e0dc2751785a7cdfdc3d2142fa,0,OpenAlex+S2
R01918,Y,,2026,Agriculture,10.3390/agriculture16171932,"Limits to the Spatial Transferability of Machine-Learning Models for Farm-Record-Level Maize Yield Prediction in Manabí, Ecuador",,https://doi.org/10.3390/agriculture16171932,https://doi.org/10.3390/agriculture16171932,https://doi.org/10.3390/agriculture16171932,W7211873826,2cff25c617df0e633e75fe16673570672477ded6,0,OpenAlex+S2
R01927,P,,2022,arXiv (Cornell University),10.48550/arxiv.2202.12120,Temporal Convolution Domain Adaptation Learning for Crops Growth Prediction,2202.12120,https://arxiv.org/pdf/2202.12120,https://arxiv.org/pdf/2202.12120,http://arxiv.org/abs/2202.12120,W4221164076,920c5593b446e0dd30f39be9132d7cc573cfac5f,0,OpenAlex+S2
R01936,D,R01498,2023,SSRN Electronic Journal,10.2139/ssrn.4549653,Non-Invasive Diagnosis of Nutrient Deficiencies in Winter Wheat and Winter Rye Using Uav-Based Rgb Images,,,https://doi.org/10.2139/ssrn.4549653,https://doi.org/10.2139/ssrn.4549653,W4386106501,,1,OpenAlex
R01938,Y,R00548,2025,SSRN Electronic Journal,10.2139/ssrn.5289309,Predictive Drivers and Spatiotemporal Transferability of Machine Learning Based Crop Yield Prediction Under Drought Conditions,,,https://doi.org/10.2139/ssrn.5289309,https://doi.org/10.2139/ssrn.5289309,W4411209428,,0,OpenAlex
R01944,Y,,2026,The Plant Phenome Journal,10.1002/ppj2.70085,UAV‐based deep transfer learning to improve grain yield prediction in winter wheat across temporal and spatial variability,,https://doi.org/10.1002/ppj2.70085,https://doi.org/10.1002/ppj2.70085,https://doi.org/10.1002/ppj2.70085,W7162636520,04cde75f65ce81ed000d8c8297a8153b87c3b4cb,1,OpenAlex+S2
R01970,P,,2024,IEEE Sensors Journal,10.1109/jsen.2024.3459618,Maize Tasseling Stage Automated Observation Method via Semantic Enhancement and Context Occlusion Learning,,,,https://doi.org/10.1109/jsen.2024.3459618,W4402592573,34b9ff71091d9ff14115374d51932d5d859f4afd,1,OpenAlex+S2
R01971,Y,,2024,Smart Agricultural Technology,10.1016/j.atech.2024.100513,Garlic yield monitoring using vegetation indices and texture features derived from UAV multispectral imagery,,,https://doi.org/10.1016/j.atech.2024.100513,https://doi.org/10.1016/j.atech.2024.100513,W4400926507,,19,OpenAlex
R01975,O,,2026,bioRxiv (Cold Spring Harbor Laboratory),10.64898/2026.09.04.748299,Vision Transformers Enable Advanced Plant Phenotyping in Controlled Environments,,https://www.biorxiv.org/content/biorxiv/early/2026/09/10/2026.09.04.748299.full.pdf,https://www.biorxiv.org/content/biorxiv/early/2026/09/10/2026.09.04.748299.full.pdf,https://doi.org/10.64898/2026.09.04.748299,W7212309344,6c18004d7b03465f2bd27f7ed5f2f8676ee5c982,0,OpenAlex+S2
R01997,D,,2026,Scientific Reports,10.1038/s41598-026-55107-6,An uncertainty-aware evaluation framework based on hierarchical vision transformers for robust cross-domain plant leaf disease classification,,https://doi.org/10.1038/s41598-026-55107-6,https://doi.org/10.1038/s41598-026-55107-6,https://doi.org/10.1038/s41598-026-55107-6,W7162520181,66017fe849bfbfbd00abc2111736824410c15d06,0,OpenAlex+S2
R02002,M,,2026,Remote Sensing,10.3390/rs18020209,From Sparse to Refined Samples: Iterative Enhancement-Based PDLCM for Multi-Annual 10 m Rice Mapping in the Middle-Lower Yangtze,,https://doi.org/10.3390/rs18020209,https://doi.org/10.3390/rs18020209,https://doi.org/10.3390/rs18020209,W7119534347,777974fe18af9c0cf7121ace024618afab15f5c2,1,OpenAlex+S2
R02004,D,,2026,arXiv (Cornell University),,Lightweight Vision Transformer Compression for On-Device Plant Disease Detection in Resource-Constrained Agricultural Field Conditions,2609.05334,https://arxiv.org/pdf/2609.05334,https://arxiv.org/pdf/2609.05334,https://arxiv.org/abs/2609.05334,W7211978741,784046e2eb12b7f00eb30981e7b47738925ac4df,0,OpenAlex+S2
R02007,P,,2026,Artificial Intelligence in Agriculture,10.1016/j.aiia.2026.03.011,Multimodal remote sensing combination for maize LAI estimation: Stacking model development and phenology-specific feature sensitivity analysis,,,https://doi.org/10.1016/j.aiia.2026.03.011,https://doi.org/10.1016/j.aiia.2026.03.011,W7149970662,,1,OpenAlex
R02016,W,,2026,International journal of intelligent engineering and systems,10.22266/ijies2026.0731.17,TLCp-SNN: A Dual-Branch Framework Integrating Transfer Learning-based Feature Selection with Spiking Neural Networks for Robust Mixed Crop Weed Classification,,https://doi.org/10.22266/ijies2026.0731.17,https://doi.org/10.22266/ijies2026.0731.17,https://doi.org/10.22266/ijies2026.0731.17,W7165804973,,0,OpenAlex
R02022,M,R01903,2026,Preprints.org,10.20944/preprints202605.0714.v1,Resource-Aware Citrus CropMapping from Sentinel-2 Time Series Using a Pixel-Set Encoder Convolutional Neural Network for Sustainable Agricultural Monitoring,,,https://doi.org/10.20944/preprints202605.0714.v1,https://doi.org/10.20944/preprints202605.0714.v1,W7160956203,,0,OpenAlex
R02023,M,,2023,Agriculture,10.3390/agriculture14010002,Single-Season Rice Area Mapping by Combining Multi-Temporal Polarization Decomposition Components and the Two-Stage Segmentation Method,,https://doi.org/10.3390/agriculture14010002,https://doi.org/10.3390/agriculture14010002,https://doi.org/10.3390/agriculture14010002,W4389949690,29312a0e2e5df676ceab78efc8e3971e3608d611,1,OpenAlex+S2
R02026,D,,2023,Remote Sensing,10.3390/rs15123114,Areca Yellow Leaf Disease Severity Monitoring Using UAV-Based Multispectral and Thermal Infrared Imagery,,https://www.mdpi.com/2072-4292/15/12/3114/pdf?version=1686736196,https://www.mdpi.com/2072-4292/15/12/3114/pdf?version=1686736196,https://doi.org/10.3390/rs15123114,W4380789014,a3f957716568fafce19791f6ff8c8080aabe180c,18,OpenAlex+S2
R02043,M,,2026,arXiv (Cornell University),10.48550/arxiv.2609.17138,"From Foundation Embeddings to Cropland Maps: Label Efficiency, Temporal Transferability and Independent Human Validation",2609.17138,https://arxiv.org/pdf/2609.17138,https://arxiv.org/pdf/2609.17138,https://arxiv.org/abs/2609.17138,W7213420919,80361498332ca5c4673edb248533716206bd4a00,0,OpenAlex+S2
R02057,Y,,2026,Precision Agriculture,10.1007/s11119-026-10454-2,An agronomically informed framework for temporally transferable yield prediction,,https://link.springer.com/content/pdf/10.1007/s11119-026-10454-2.pdf,https://link.springer.com/content/pdf/10.1007/s11119-026-10454-2.pdf,https://doi.org/10.1007/s11119-026-10454-2,W7214356320,6137cd7ab9584bf1b69c84bbe968d4276fd27c9e,0,OpenAlex+S2
R02061,D,,2026,Smart Agricultural Technology,10.1016/j.atech.2026.102154,Portable real-time crop health assessment for diseases and nutrient issues with lightweight neural networks and RGB captures,,,https://doi.org/10.1016/j.atech.2026.102154,https://doi.org/10.1016/j.atech.2026.102154,W7155543167,,0,OpenAlex
R02099,Y,,2026,Crops,10.3390/crops6030059,Joint Modeling of Grain Yield and Root Lodging in Maize Using Multi-Output Neural Network and Machine Learning Models Under Defined Environmental Conditions,,https://www.mdpi.com/2673-7655/6/3/59/pdf?version=1782113857,https://www.mdpi.com/2673-7655/6/3/59/pdf?version=1782113857,https://doi.org/10.3390/crops6030059,W7165744639,c449dadc07c34169c56d05bf95c12abdca76588e,0,OpenAlex+S2
R02103,P,,2025,EarthArXiv (California Digital Library),10.31223/x5kj1k,Explainable machine learning for wheat above-ground biomass estimation under spatial cross-validation: sensor contributions and exploratory harvest forecasting,,https://eartharxiv.org/repository/object/11214/download/23765/,https://eartharxiv.org/repository/object/11214/download/23765/,https://eartharxiv.org/repository/object/11214/download/23765/,W7212391148,,0,OpenAlex
R02108,D,,2025,,10.36227/techrxiv.174062971.11176782/v1,A Vision-Language Foundation Model for Leaf Disease Identification,,,https://doi.org/10.36227/techrxiv.174062971.11176782/v1,https://doi.org/10.36227/techrxiv.174062971.11176782/v1,W4408011071,,10,OpenAlex
R02113,O,,2025,Cognitive Computation,10.1007/s12559-025-10488-0,Test-Time Adaptation of a Multi-Class Object Localization and Size Estimation Framework for Smart Agriculture Applications,,https://link.springer.com/content/pdf/10.1007/s12559-025-10488-0.pdf,https://link.springer.com/content/pdf/10.1007/s12559-025-10488-0.pdf,https://doi.org/10.1007/s12559-025-10488-0,W4412697388,59526450559dce9a9c5ba438ecff694fb4f8afe2,0,OpenAlex+S2
R02122,P,,2026,Remote Sensing,10.3390/rs18183208,UAV-Based Prediction of Cover Crop Biomass in Winter Peas Across Planting Dates and Cropping Systems,,https://doi.org/10.3390/rs18183208,https://doi.org/10.3390/rs18183208,https://doi.org/10.3390/rs18183208,W7213888034,3cc6b7ab58f3c42cb7f7241aecf42a4c79c39042,0,OpenAlex+S2
R02134,Y,,2026,Remote Sensing,10.3390/rs18142416,Reliability Analysis of Agricultural Foundation Models Under Distribution Shift,,https://doi.org/10.3390/rs18142416,https://doi.org/10.3390/rs18142416,https://doi.org/10.3390/rs18142416,W7169870779,401cb65161eb8aa22b448393c1adcdf0063e85c0,0,OpenAlex+S2
R02138,D,,2020,System Analysis in Science and Education,10.37005/2071-9612-2020-2-59-69,Using deep domain adaptation for image-based plant disease detection,,https://doi.org/10.37005/2071-9612-2020-2-59-69,https://doi.org/10.37005/2071-9612-2020-2-59-69,https://doi.org/10.37005/2071-9612-2020-2-59-69,W3129515105,d1779a13359112b32419a87a7cb1abee05d26561,0,OpenAlex+S2
R02150,W,,2026,arXiv (Cornell University),10.48550/arxiv.2603.00160,DINOv3 Meets YOLO26 for Weed Detection in Vegetable Crops,2603.00160,https://arxiv.org/pdf/2603.00160,https://arxiv.org/pdf/2603.00160,http://arxiv.org/abs/2603.00160,W7133307425,4dd259fc056469d48ffbe63b3ee2c06fe89c7133,0,OpenAlex+S2
R02151,D,,2026,SSRN Electronic Journal,10.2139/ssrn.6335058,A High-Performance Hybrid Multi-Scale Vision Transformer for Robust In-Field Plant Disease Detection,,https://doi.org/10.2139/ssrn.6335058,https://doi.org/10.2139/ssrn.6335058,https://doi.org/10.2139/ssrn.6335058,W7134924568,3bd08135732824ea1c1a570115ab805a2e808de7,0,OpenAlex+S2
R02157,W,R02150,2026,Computers and Electronics in Agriculture,10.1016/j.compag.2026.112344,DINOv3 meets YOLO26 for enhanced crop-weed detection toward precision vegetable weeding,,,,https://doi.org/10.1016/j.compag.2026.112344,W7204155031,,0,OpenAlex
R02166,W,,2026,Scientific Reports,10.1038/s41598-026-59178-3,The smart scythe: AI-powered weed detection in agriculture,,https://www.nature.com/articles/s41598-026-59178-3_reference.pdf,https://www.nature.com/articles/s41598-026-59178-3_reference.pdf,https://doi.org/10.1038/s41598-026-59178-3,W7204161915,,0,OpenAlex
R02175,Y,,2026,Field Crops Research,10.1016/j.fcr.2026.110730,Integrating a process-based crop model with machine learning for early-season summer maize yield prediction in the Huang-Huai-Hai Plain,,,https://doi.org/10.1016/j.fcr.2026.110730,https://doi.org/10.1016/j.fcr.2026.110730,W7214004414,,0,OpenAlex
R02182,M,,2026,IEEE Journal of Selected Topics in Applied Earth Observations and Remote Sensing,10.1109/jstars.2026.3682277,A Phenology-Driven and Spatiotemporally Transferable Framework for Mapping Plastic-Mulched Farmland,,https://doi.org/10.1109/jstars.2026.3682277,https://doi.org/10.1109/jstars.2026.3682277,https://doi.org/10.1109/jstars.2026.3682277,W7151798587,0f29ba02ce66da87deb89d48b7b3470c848daf45,0,OpenAlex+S2
R02189,D,,2026,IEEE Journal of Selected Topics in Signal Processing,10.1109/jstsp.2026.3695806,MoCE-ViT: Momentum-Contrastive Enhanced Vision Transformer for UAV-Based Crop Health Classification,,,,https://doi.org/10.1109/jstsp.2026.3695806,W7162026051,,0,OpenAlex
R02194,D,,2026,Zenodo (CERN European Organization for Nuclear Research),10.5281/zenodo.21512986,AgroVision: Bridging Laboratory and Field Data for Enhanced Plant Disease Recognition,,https://ijsrst.com/home/article/download/IJSRST26133200/IJSRST26133200,https://doi.org/10.5281/zenodo.21512986,https://doi.org/10.5281/zenodo.21512986,W7170195364,4175f7e6d4a0bf236b19573a52c9b5c3e86cfb76,0,OpenAlex+S2
R02205,D,,2025,arXiv (Cornell University),10.48550/arxiv.2511.18989,Rethinking Plant Disease Diagnosis: Bridging the Academic-Practical Gap with Vision Transformers and Zero-Shot Learning,2511.18989,https://arxiv.org/pdf/2511.18989,https://arxiv.org/pdf/2511.18989,http://arxiv.org/abs/2511.18989,W7106774116,194441df97f48e5279cb409d8ee2a526a88e29ef,0,OpenAlex+S2
R02213,W,,2026,arXiv (Cornell University),10.48550/arxiv.2609.33991,A Multi-Dataset Benchmark of YOLO-Based Weed Detection in Precision Agriculture,2609.33991,https://arxiv.org/pdf/2609.33991,https://arxiv.org/pdf/2609.33991,https://arxiv.org/abs/2609.33991,W7214768606,be23d981cbd6e9756e23b687ff97f32e4512727c,0,OpenAlex+S2
R02215,W,,2026,Smart Agricultural Technology,10.1016/j.atech.2026.102512,Toward generalizable crop-weed detection with vision-language models,,https://www.sciencedirect.com/science/article/pii/S2772375526007379/pdf,https://www.sciencedirect.com/science/article/pii/S2772375526007379/pdf,https://doi.org/10.1016/j.atech.2026.102512,W7204180170,,0,OpenAlex
R02222,D,,2025,Plant Methods,10.1186/s13007-025-01337-0,3D-CNN detection of systemic symptoms induced by different Potexvirus infections in four Nicotiana benthamiana genotypes using leaf hyperspectral imaging,,https://link.springer.com/content/pdf/10.1186/s13007-025-01337-0.pdf,https://link.springer.com/content/pdf/10.1186/s13007-025-01337-0.pdf,https://doi.org/10.1186/s13007-025-01337-0,W4407296041,2ef25efccc08e9b9ff4aad5808b02a3c34120153,8,OpenAlex+S2
R02224,M,,2025,Frontiers in Remote Sensing,10.3389/frsen.2024.1483295,Sentinel-1 (S1) time series alignment method for rapeseed fields mapping,,https://www.frontiersin.org/journals/remote-sensing/articles/10.3389/frsen.2024.1483295/pdf,https://www.frontiersin.org/journals/remote-sensing/articles/10.3389/frsen.2024.1483295/pdf,https://doi.org/10.3389/frsen.2024.1483295,W4407719674,aac8bed63dfe5c775aad87990e8fd28d94c2bb82,4,OpenAlex+S2
R02226,D,,2026,SSRN Electronic Journal,10.2139/ssrn.7153993,CNN-Based Crop Disease Detection: A Comparative Analysis of Architecture Performance Under Laboratory and Field Conditions,,,https://doi.org/10.2139/ssrn.7153993,https://doi.org/10.2139/ssrn.7153993,W7169827658,,0,OpenAlex
R02229,P,,2026,Smart Agricultural Technology,10.1016/j.atech.2026.102350,Cover crop biomass estimation using UAV-based multispectral feature fusion and machine learning,,,https://doi.org/10.1016/j.atech.2026.102350,https://doi.org/10.1016/j.atech.2026.102350,W7165796173,,0,OpenAlex
R02230,P,,2022,PLoS ONE,10.1371/journal.pone.0271201,Application of image processing and soft computing strategies for non-destructive estimation of plum leaf area,,https://journals.plos.org/plosone/article/file?id=10.1371/journal.pone.0271201&type=printable,https://journals.plos.org/plosone/article/file?id=10.1371/journal.pone.0271201&type=printable,https://doi.org/10.1371/journal.pone.0271201,W4285010757,b0ea6854eea65f95158a0636bca6190a774b2687,11,OpenAlex+S2
R02232,M,,2026,arXiv (Cornell University),10.48550/arxiv.2606.05731,Intercomparison of Machine Learning Algorithms for Remote Sensing-based In-season Crop Mapping,2606.05731,https://arxiv.org/pdf/2606.05731,https://arxiv.org/pdf/2606.05731,https://arxiv.org/abs/2606.05731,W7163682291,43e6f82401ea51a62035caf94de8dabb9e837c39,0,OpenAlex+S2
R02235,M,,2026,IEEE Journal of Selected Topics in Applied Earth Observations and Remote Sensing,10.1109/jstars.2026.3702608,Multiseason Crop Type Mapping in Arid Agricultural Systems Using High-Resolution Planet Imagery,,https://doi.org/10.1109/jstars.2026.3702608,https://doi.org/10.1109/jstars.2026.3702608,https://doi.org/10.1109/jstars.2026.3702608,W7164338816,079c7714b346e0a9235897ed6db8b5a6881bd3d7,0,OpenAlex+S2
R02236,D,,2026,SSRN Electronic Journal,10.2139/ssrn.6539919,AgrI Challenge: Cross-Team Validation for Quantifying Domain Shift in Multi-Source Agricultural Vision,,,https://doi.org/10.2139/ssrn.6539919,https://doi.org/10.2139/ssrn.6539919,W7151304567,,0,OpenAlex
R02240,D,,2026,Machine Vision and Applications,10.1007/s00138-026-01910-0,Abnormality detection and quantification in maize fields using selective unsupervised domain adaptation,,,,https://doi.org/10.1007/s00138-026-01910-0,W7204990348,0ac65b356c68f344ec11f2d5c8fd86eed8809734,0,OpenAlex+S2
R02248,D,,2026,Zenodo (CERN European Organization for Nuclear Research),10.5281/zenodo.23008134,Disentangling Phenotypic Plasticity: A Causal Representation Learning Framework for Cross-Domain Agricultural Vision,,,https://doi.org/10.5281/zenodo.23008134,https://doi.org/10.5281/zenodo.23008134,W7214649424,,0,OpenAlex
R02250,D,,2026,arXiv (Cornell University),10.48550/arxiv.2609.20290,"TinyCNN: A 193K-Parameter Network for On-Device Plant Disease Detection, with a Cross-Dataset Robustness Diagnosis",2609.20290,https://arxiv.org/pdf/2609.20290,https://arxiv.org/pdf/2609.20290,https://arxiv.org/abs/2609.20290,W7213584587,8ff70943bf3acc6a4225cef49458dccb2068f56c,0,OpenAlex+S2
R02254,D,,2026,Smart Agricultural Technology,10.1016/j.atech.2026.102510,On generalization and distributional shift in water and iron plant stress classification using bioimpedance spectroscopy,,https://doi.org/10.1016/j.atech.2026.102510,https://doi.org/10.1016/j.atech.2026.102510,https://doi.org/10.1016/j.atech.2026.102510,W7204461460,2f168b2a3e6d290562ef8658fd58fda0b7eedfad,0,OpenAlex+S2
R02256,D,,2025,bioRxiv (Cold Spring Harbor Laboratory),10.1101/2025.04.30.651476,From Canopy Images to Organ-Level Disease Assessments: A Scalable Approach to Measure Quantitative Resistance in the Field,,https://www.biorxiv.org/content/biorxiv/early/2025/05/03/2025.04.30.651476.full.pdf,https://www.biorxiv.org/content/biorxiv/early/2025/05/03/2025.04.30.651476.full.pdf,https://doi.org/10.1101/2025.04.30.651476,W4410074823,70b56bf670467948fbc61529e8635865eae88d91,5,OpenAlex+S2
R02257,P,,2026,SSRN Electronic Journal,10.2139/ssrn.7267481,Temporal Generalization Evaluation of Deep Semantic Segmentation Models for UAV-Based Wheat Lodging Monitoring Under Transfer Learning,,,https://doi.org/10.2139/ssrn.7267481,https://doi.org/10.2139/ssrn.7267481,W7202183081,,0,OpenAlex
R02268,D,,2026,Zenodo (CERN European Organization for Nuclear Research),10.5281/zenodo.22160934,Explainable Deep Learning for Multi-Crop Disease Classification with Grad-CAM-Based Visual Interpretation,,,https://doi.org/10.5281/zenodo.22160934,https://doi.org/10.5281/zenodo.22160934,W7204644194,,0,OpenAlex
R02287,M,,2026,IEEE Journal of Selected Topics in Applied Earth Observations and Remote Sensing,10.1109/jstars.2026.3704500,Impact of Interseasonal Climate Variation on Crop Classification With Deep Learning and Sentinel-1 Data in Denmark,,https://doi.org/10.1109/jstars.2026.3704500,https://doi.org/10.1109/jstars.2026.3704500,https://doi.org/10.1109/jstars.2026.3704500,W7165120109,e982f07be37b0e3be43e3884a6d3cd3302e213c5,0,OpenAlex+S2
R02294,D,,2026,Zenodo (CERN European Organization for Nuclear Research),10.5281/zenodo.21833836,Evaluating the Reliability of CNN-Based Tomato Disease Classification Under Real-World Conditions: An AI Safety Case Study,,,https://doi.org/10.5281/zenodo.21833836,https://doi.org/10.5281/zenodo.21833836,W7201845033,,0,OpenAlex
R02298,Y,,2025,Frontiers in Plant Science,10.3389/fpls.2025.1617831,Enhancing yield prediction from plot-level satellite imagery through genotype and environment feature disentanglement,,https://www.frontiersin.org/journals/plant-science/articles/10.3389/fpls.2025.1617831/pdf,https://www.frontiersin.org/journals/plant-science/articles/10.3389/fpls.2025.1617831/pdf,https://doi.org/10.3389/fpls.2025.1617831,W4414677453,1163815aa3af467def16cd2e6aaa850218b2c765,2,OpenAlex+S2
R02302,Y,,2026,Journal of Theoretical and Applied Information Technology,10.5281/zenodo.18259816,TIME-AWARE MACHINE LEARNING WITH MULTI-SOURCE DATA FOR FIELD-SCALE AGRICULTURAL DECISION SUPPORT,,,https://doi.org/10.5281/zenodo.18259816,https://doi.org/10.5281/zenodo.18259816,W7124261788,,0,OpenAlex
R02305,D,,2026,Computers,10.3390/computers15080528,Global-Local Feature-Based Rice Leaf Disease Classification Using Two-Stream Deep Neural Network Feature Fusion,,https://doi.org/10.3390/computers15080528,https://doi.org/10.3390/computers15080528,https://doi.org/10.3390/computers15080528,W7203458119,3fefe6b405de0d7c95edd3b5a0b9b0fb1ab1c7d9,0,OpenAlex+S2
R02312,M,,2026,Frontiers in Plant Science,10.3389/fpls.2026.1932872,Spatiotemporal transferability of multi-temporal random forest model for mapping Euryale ferox Salisb. plantations using Sentinel-2 imagery,,https://doi.org/10.3389/fpls.2026.1932872,https://doi.org/10.3389/fpls.2026.1932872,https://doi.org/10.3389/fpls.2026.1932872,W7207566978,85276ab36c6b041d2f66da7c65d801651ef01dfd,0,OpenAlex+S2
R02318,O,,2025,SSRN Electronic Journal,10.2139/ssrn.5252482,A Cyclegan -Based Cross-Domain Tea Shoots Data Augmentation Method in Unstructured Agricultural Environments,,,https://doi.org/10.2139/ssrn.5252482,https://doi.org/10.2139/ssrn.5252482,W4410324215,,0,OpenAlex
R02319,M,R00274,2023,SSRN Electronic Journal,10.2139/ssrn.4548742,New Transferable Deep Learning Approach for Crop Mapping Using Monthly Synthesized Sentinel-2 Imagery1,,,https://doi.org/10.2139/ssrn.4548742,https://doi.org/10.2139/ssrn.4548742,W4386058424,,0,OpenAlex
R02322,D,,2026,Scientific Reports,10.1038/s41598-025-34713-w,An attention enhanced CNN ensemble for interpretable and accurate cotton leaf disease classification,,https://www.nature.com/articles/s41598-025-34713-w_reference.pdf,https://www.nature.com/articles/s41598-025-34713-w_reference.pdf,https://doi.org/10.1038/s41598-025-34713-w,W7119579715,13b38e6a297b971d36c50a7ae90e0a1497b40edb,9,OpenAlex+S2
R02335,D,,2024,arXiv (Cornell University),10.48550/arxiv.2412.18859,Few-shot Metric Domain Adaptation: Practical Learning Strategies for an Automated Plant Disease Diagnosis,2412.18859,https://arxiv.org/pdf/2412.18859,https://arxiv.org/pdf/2412.18859,http://arxiv.org/abs/2412.18859,W4405900699,35fecbe4df6ac5cb32d0e1b4e445541b7b7bca86,0,OpenAlex+S2
R02340,D,,2026,Journal of Applied Science and Technology Trends,10.38094/jastt71614,Noise-Resilient Hybrid EfficientNet–Vision Transformer Framework with Adaptive Symmetric Cross-Entropy Loss for Robust Plant Disease Detection,,https://jastt.org/index.php/jasttpath/article/download/614/146,https://jastt.org/index.php/jasttpath/article/download/614/146,https://doi.org/10.38094/jastt71614,W7141218005,2fc70f117021b2b5bd61e38d7e06c52b6212b684,0,OpenAlex+S2
R02348,Y,,2026,Precision Agriculture,10.1007/s11119-026-10428-4,"Phenology-adaptive machine learning for early mapping of field-scale corn crop yield using fusion of Sentinel-2 satellite spectral imagery, and weather-based accumulated heat units",,https://link.springer.com/content/pdf/10.1007/s11119-026-10428-4.pdf,https://link.springer.com/content/pdf/10.1007/s11119-026-10428-4.pdf,https://doi.org/10.1007/s11119-026-10428-4,W7204044219,074d9ecafbdd9d55dc6f8da5e06a9dfdcd7e4363,0,OpenAlex+S2
R02353,D,,2026,Information Processing in Agriculture,10.1016/j.inpa.2026.08.002,PestBoost: a novel Bayesian augmented domain neural network for robust strawberry disease detection,,,https://doi.org/10.1016/j.inpa.2026.08.002,https://doi.org/10.1016/j.inpa.2026.08.002,W7201968959,,0,OpenAlex
R02354,D,,2026,Engineering Applications of Artificial Intelligence,10.1016/j.engappai.2026.114771,A data-centric deep learning framework for Esca disease detection on visible grapevine leaf surfaces under cross-dataset field conditions,,,,https://doi.org/10.1016/j.engappai.2026.114771,W7152598009,,0,OpenAlex
R02371,Y,R00613,2025,SSRN Electronic Journal,10.2139/ssrn.5197670,Knowledge-Guided Graph Machine Learning Improves Corn Yield Prediction in the Us Midwest,,,https://doi.org/10.2139/ssrn.5197670,https://doi.org/10.2139/ssrn.5197670,W4408933000,,0,OpenAlex
R02374,D,,2026,Cogent Food & Agriculture,10.1080/23311932.2026.2712685,A robust and interpretable deep learning framework for crop health assessment using hybrid CNN feature stacking,,,https://doi.org/10.1080/23311932.2026.2712685,https://doi.org/10.1080/23311932.2026.2712685,W7197001854,,0,OpenAlex
R02382,P,,2026,Pesquisa Agropecuária Tropical,10.1590/1983-40632026v5684508,Machine learning for unmanned aerial vehicles-based soybean phenotyping: limits of cross-environment transfer and opportunities to reduce field measurements1,,https://doi.org/10.1590/1983-40632026v5684508,https://doi.org/10.1590/1983-40632026v5684508,https://doi.org/10.1590/1983-40632026v5684508,W7154837246,661a0abd9073c521190c77f5f846aafc66418f60,0,OpenAlex+S2
R02401,D,,2026,Research Square,10.21203/rs.3.rs-9198236/v1,Cross-Domain Tomato Disease Classification via Flexible Contrastive Clustering in Vision-Language Models,,https://www.researchsquare.com/article/rs-9198236/latest.pdf,https://www.researchsquare.com/article/rs-9198236/latest.pdf,https://doi.org/10.21203/rs.3.rs-9198236/v1,W7140229770,cefdbdead12dd50290874e145d9e97a433cf25f8,0,OpenAlex+S2
R02411,M,,2021,"The international archives of the photogrammetry, remote sensing and spatial information sciences/International archives of the photogrammetry, remote sensing and spatial information sciences",10.5194/isprs-archives-xliii-b2-2021-923-2021,TOWARDS LIFELONG CROP RECOGNITION USING FULLY CONVOLUTIONAL RECURRENT NETWORKS AND SAR IMAGE SEQUENCES,,https://www.int-arch-photogramm-remote-sens-spatial-inf-sci.net/XLIII-B2-2021/923/2021/isprs-archives-XLIII-B2-2021-923-2021.pdf,https://www.int-arch-photogramm-remote-sens-spatial-inf-sci.net/XLIII-B2-2021/923/2021/isprs-archives-XLIII-B2-2021-923-2021.pdf,https://doi.org/10.5194/isprs-archives-xliii-b2-2021-923-2021,W3173187419,22eee4a0a2004958eedc8cf23057f7a11b767a0f,0,OpenAlex+S2
R02434,Y,,2026,Applied Mathematical Sciences,10.12988/ams.2026.919323,Cross-country generalization bias in agricultural production: do machine learning models learn the same way?,,,,https://doi.org/10.12988/ams.2026.919323,W7138942270,eaaa14207e7c2e188e09fd44c7e1564cd29c4e38,0,OpenAlex+S2
R02442,M,,2026,IEEE Journal of Selected Topics in Applied Earth Observations and Remote Sensing,10.1109/jstars.2026.3704675,Weak-to-Gold Label Training of Spatio-Temporal Deep Learning Models for Cross-Region Coffee and Forest Segmentation,,https://doi.org/10.1109/jstars.2026.3704675,https://doi.org/10.1109/jstars.2026.3704675,https://doi.org/10.1109/jstars.2026.3704675,W7165019739,8bf0ca75a29380522a06b23f71c6182663dab8bb,0,OpenAlex+S2
R02472,Y,,2026,Agronomy Journal,10.1002/agj2.70463,High‐resolution satellite imagery and machine learning for predicting yield and nitrogen uptake in potatoes,,,,https://doi.org/10.1002/agj2.70463,W7168283766,59cfd97e5d82f295f2ed4c968441c4592219a529,0,OpenAlex+S2
R02479,P,,2025,Smart Agricultural Technology,10.1016/j.atech.2025.101148,The research on enhancing LA estimation accuracy across domains for small sample data based on data augmentation and data transfer integration optimization system,,,https://doi.org/10.1016/j.atech.2025.101148,https://doi.org/10.1016/j.atech.2025.101148,W4411965373,,1,OpenAlex
R02483,D,,2026,Spectrochimica Acta Part A Molecular and Biomolecular Spectroscopy,10.1016/j.saa.2026.128695,Cross-batch calibration of sugarcane disease classification models based on visible and near-infrared spectroscopy using deep learning-based domain adaptation,,,,https://doi.org/10.1016/j.saa.2026.128695,W7204683824,0247effb0a142d820673ed39172ae9e42f847e67,0,OpenAlex+S2
R02488,D,,2026,Scientific Reports,10.1038/s41598-026-56162-9,A multi-scale supervised contrastive framework for cross-domain soybean disease classification using leaf and UAV imagery,,https://www.nature.com/articles/s41598-026-56162-9_reference.pdf,https://www.nature.com/articles/s41598-026-56162-9_reference.pdf,https://doi.org/10.1038/s41598-026-56162-9,W7163182145,23ddf76cebe8465ff9e8c9822da042126288f642,0,OpenAlex+S2
R02492,W,,2026,Agronomy,10.3390/agronomy16161544,UAV-Based Multi-Label Weed Detection for Site-Specific Weed Management Using a Multi-Scale Convolutional Attention Network,,https://doi.org/10.3390/agronomy16161544,https://doi.org/10.3390/agronomy16161544,https://doi.org/10.3390/agronomy16161544,W7202292325,80a8fad86790e9e27aec4f650ec9723890de2de0,0,OpenAlex+S2
R02496,D,,2026,Zenodo (CERN European Organization for Nuclear Research),10.5281/zenodo.20759768,MobileNetV2-Based Transfer Learning for Real- Time Plant Disease Detection: A Lightweight Deep Learning Approach Using the PlantVillage Dataset,,,https://doi.org/10.5281/zenodo.20759768,https://doi.org/10.5281/zenodo.20759768,W7165376991,,0,OpenAlex
R02524,P,,2026,Discover Sustainability,10.1007/s43621-026-03598-8,Integration of environmental variables with deep learning models for nitrogen content estimation in wheat leaves,,https://doi.org/10.1007/s43621-026-03598-8,https://doi.org/10.1007/s43621-026-03598-8,https://doi.org/10.1007/s43621-026-03598-8,W7163182451,1a034e7c3c9bdf79951f55407c63b97a4c65fa7b,0,OpenAlex+S2
R02526,P,,2026,Preprints.org,10.20944/preprints202608.0602.v1,Lightweight Deep Learning Models Deployment for Corn Growth Stage Classification Using PhenoCam Images,,,https://doi.org/10.20944/preprints202608.0602.v1,https://doi.org/10.20944/preprints202608.0602.v1,W7202170130,,0,OpenAlex
R02534,M,,2026,Figshare,10.6084/m9.figshare.31385791.v1,Out-of-year parcel identification using adversarial domain adaptation and multi-temporal satellite imagery to enhance vineyard health monitoring,,https://www.tandfonline.com/doi/pdf/10.1080/17538947.2026.2634468?needAccess=true,https://doi.org/10.6084/m9.figshare.31385791.v1,https://doi.org/10.6084/m9.figshare.31385791.v1,W7130952373,1db20b82256db13117104aeecc873842ca84826e,0,OpenAlex+S2
R02538,M,,2024,International Journal of Applied Earth Observation and Geoinformation,10.1016/j.jag.2024.104149,Taking it further: Leveraging pseudo-labels for field delineation across label-scarce smallholder regions,2312.08384,https://doi.org/10.1016/j.jag.2024.104149,https://doi.org/10.1016/j.jag.2024.104149,https://doi.org/10.1016/j.jag.2024.104149,W4402508993,d4e65a91b93aea0f783a11f8f9e0e8f43f72f65d,9,OpenAlex+S2
R02550,M,,2026,Land,10.3390/land15071289,Cross-City Evaluation of Multi-Sensor SAR–Optical Fusion Strategies for Agricultural Land Cover Classification Using Deep Learning,,https://doi.org/10.3390/land15071289,https://doi.org/10.3390/land15071289,https://doi.org/10.3390/land15071289,W7169726388,92c5d27a59dfe964b023fe6face44c52c73c3069,0,OpenAlex+S2
R02552,D,,2026,AI,10.3390/ai7080278,A Compact Deep Learning Framework for Potato Leaf Disease Classification Across Controlled/Uncontrolled Environments,,https://doi.org/10.3390/ai7080278,https://doi.org/10.3390/ai7080278,https://doi.org/10.3390/ai7080278,W7170860841,8e456a83abf29d9898c319272798fab2354f033d,0,OpenAlex+S2
R02554,M,,2025,arXiv (Cornell University),10.48550/arxiv.2509.03497,Invariant Features for Global Crop Type Classification,2509.03497,https://arxiv.org/pdf/2509.03497,https://arxiv.org/pdf/2509.03497,https://arxiv.org/abs/2509.03497,W4416719967,6ef5b77a4e9c4708be4bb72f6eef9f46dc904832,0,OpenAlex+S2
R02561,D,,2026,Research Square,10.21203/rs.3.rs-10437236/v1,"A Localization-Aware Heterogeneous CNN Ensemble with Neural Meta- Fusion for Plant Disease Classification, with a Component Analysis on Laboratory and Field Images",,https://www.researchsquare.com/article/rs-10437236/latest.pdf,https://www.researchsquare.com/article/rs-10437236/latest.pdf,https://doi.org/10.21203/rs.3.rs-10437236/v1,W7204257882,,0,OpenAlex
R02564,M,,2026,Science of Remote Sensing,10.1016/j.srs.2026.100442,Crop multiclass classification for large-scale crop mapping using instance- and feature-domain integrated transfer learning,,,https://doi.org/10.1016/j.srs.2026.100442,https://doi.org/10.1016/j.srs.2026.100442,W7160512894,,0,OpenAlex
R02587,O,,2026,Computers and Electronics in Agriculture,10.1016/j.compag.2026.111964,A layered domain adaptation method for wheat head detection via state–space hybridization and channel-guided cross-scale fusion,,,,https://doi.org/10.1016/j.compag.2026.111964,W7166715174,e6580e101a4e072d317a49c94c7c06a8b50557dc,0,OpenAlex+S2
R02588,D,,2026,International Journal of Engineering Trends and Technology,10.14445/22315381/ijett-v74i8p113,Leakage-Proof Reliability-Aware Deep Learning Framework for Rice Leaf Disease Diagnosis,,https://ijettjournal.org/Volume-74/Issue-8/IJETT-V74I8P113.pdf,https://ijettjournal.org/Volume-74/Issue-8/IJETT-V74I8P113.pdf,https://doi.org/10.14445/22315381/ijett-v74i8p113,W7212016871,37baf4d636403141923b97c0aee4224759a6328d,0,OpenAlex+S2
R02598,D,,2026,Zenodo (CERN European Organization for Nuclear Research),10.5281/zenodo.21787017,"Cross-Dataset Generalization of Bangladeshi Rice Leaf Disease Classifiers: Benchmark, Diagnosis, and Mitigation",2609.31709,https://arxiv.org/pdf/2609.31709,https://doi.org/10.5281/zenodo.21787017,https://doi.org/10.5281/zenodo.21787017,W7172452939,d60062c11fb82f37ac45f34b096dba42b587ea08,0,OpenAlex+S2
R02599,Y,,2026,Frontiers in Plant Science,10.3389/fpls.2026.1883297,A multimodal geospatial foundation model anticipates crop stress and yield failure across climates and species,,https://www.frontiersin.org/journals/plant-science/articles/10.3389/fpls.2026.1883297/pdf,https://www.frontiersin.org/journals/plant-science/articles/10.3389/fpls.2026.1883297/pdf,https://doi.org/10.3389/fpls.2026.1883297,W7171444768,c4aa9d5d38503a797a47145056dc926b298f97cf,0,OpenAlex+S2
R02602,D,,2026,arXiv (Cornell University),10.48550/arxiv.2603.13354,AgriPath: A Systematic Exploration of Architectural Trade-offs for Crop Disease Classification,2603.13354,https://arxiv.org/pdf/2603.13354,https://arxiv.org/pdf/2603.13354,http://arxiv.org/abs/2603.13354,W7137897930,63ecd8d5ee9e43a5ca41599e7c04e5093919c6d6,0,OpenAlex+S2
R02611,Y,,2026,arXiv (Cornell University),10.48550/arxiv.2604.00940,YieldSAT: A Multimodal Benchmark Dataset for High-Resolution Crop Yield Prediction,2604.00940,https://arxiv.org/pdf/2604.00940,https://arxiv.org/pdf/2604.00940,http://arxiv.org/abs/2604.00940,W7148541755,5d64f26a86f6d732cab4a68a0374c7b63b659b22,0,OpenAlex+S2
R02612,O,,2026,The Plant Phenome Journal,10.1002/ppj2.70087,Assessing robustness and transferability of image‐based semantic segmentation models for major field crops,,https://doi.org/10.1002/ppj2.70087,https://doi.org/10.1002/ppj2.70087,https://doi.org/10.1002/ppj2.70087,W7162097275,6832628341cd2a9dce7fc961997ab60ca2d7c90d,0,OpenAlex+S2
R02616,M,,2026,arXiv (Cornell University),10.48550/arxiv.2608.09497,SwissCrop25: A National Multi-Year Benchmark for Operational Crop Mapping,2608.09497,https://arxiv.org/pdf/2608.09497,https://arxiv.org/pdf/2608.09497,https://arxiv.org/abs/2608.09497,W7202158350,51d92dfaed0be763704d56b881894c62d44b59cc,0,OpenAlex+S2
R02625,M,,2026,arXiv (Cornell University),10.48550/arxiv.2606.00676,A Modelling and Evaluation Framework for EuroCrops-Driven Sentinel-2 Crop Segmentation,2606.00676,https://arxiv.org/pdf/2606.00676,https://arxiv.org/pdf/2606.00676,https://arxiv.org/abs/2606.00676,W7163210142,76d1b303b0b3464ec2a2b482ff66b05ff9fee301,0,OpenAlex+S2
R02634,D,,2026,SSRN Electronic Journal,10.2139/ssrn.6589940,Environmental Metadata Fusion Improves Within-Distribution Plant Disease Classification Under Image Degradation and Reveals Potential OOD Metadata Risks in Proxy Cross-Region Evaluation,,,https://doi.org/10.2139/ssrn.6589940,https://doi.org/10.2139/ssrn.6589940,W7154595255,,0,OpenAlex
R02657,Y,,2026,DOAJ (DOAJ: Directory of Open Access Journals),10.12133/j.smartag.sa202508029,"Machine Learning Reveals the Driving Effects of Soil Nutrients on Maize Yield Formation: A Case Study of Yunnan, China",,,,https://doaj.org/article/c4255d7338c749bba0c739510eca5a9d,W7210280696,,0,OpenAlex
R02665,P,,2026,International Journal of Remote Sensing,10.1080/01431161.2026.2612904,Harvest date estimation over corn and sunflower fields using Sentinel-1 and RADARSAT constellation mission data and machine learning algorithms,,https://doi.org/10.1080/01431161.2026.2612904,https://doi.org/10.1080/01431161.2026.2612904,https://doi.org/10.1080/01431161.2026.2612904,W7128434560,b84e8546c7cd8f0daa7ffe59664a00287e7656b1,0,OpenAlex+S2
R02674,D,,2025,International Journal of Science Technology Engineering and Mathematics,10.53378/ijstem.353186,Edge-optimized multimodal cross-fusion architecture for efficient crop disease detection,,https://iiari.org/wp-content/uploads/ijstem.v5.2.2833.pdf,https://iiari.org/wp-content/uploads/ijstem.v5.2.2833.pdf,https://doi.org/10.53378/ijstem.353186,W4410709374,be63d07ec4befc3b0697e7a3c32efd94fed04112,0,OpenAlex+S2
R02687,O,,2023,arXiv (Cornell University),10.48550/arxiv.2307.00837,Surgical fine-tuning for Grape Bunch Segmentation under Visual Domain Shifts,2307.00837,https://arxiv.org/pdf/2307.00837,https://arxiv.org/pdf/2307.00837,http://arxiv.org/abs/2307.00837,W4383176451,15a7af6219a8994a6b98a4189dc863d3be03f7fa,0,OpenAlex+S2
R02688,D,,2025,SSRN Electronic Journal,10.2139/ssrn.5242851,Classification Layers and Pooling Strategies for Generalization in Plant Disease Identification,,,https://doi.org/10.2139/ssrn.5242851,https://doi.org/10.2139/ssrn.5242851,W4410125983,,0,OpenAlex
R02706,D,,2026,Frontiers in Plant Science,10.3389/fpls.2026.1788926,Precise leaf damage detection across diverse species and environments via a large-scale vision model,,,https://doi.org/10.3389/fpls.2026.1788926,https://doi.org/10.3389/fpls.2026.1788926,W7140626817,cde48e6907cdb0477c5c365d213b84209e5aedc3,1,OpenAlex+S2
R02707,D,,2026,bit-Tech,10.32877/bt.v8i3.3753,EfficientNetB4–Vision Transformer Fusion for Chili Leaf Disease Classification Using Multi-Source Datasets,,https://doi.org/10.32877/bt.v8i3.3753,https://doi.org/10.32877/bt.v8i3.3753,https://doi.org/10.32877/bt.v8i3.3753,W7154044690,f3a06b41fd409eb6fed98688366b19fbfe1bf263,0,OpenAlex+S2
R02719,O,,2026,Preprints.org,10.20944/preprints202601.1638.v1,Advancing Image Segmentation Techniques for Strawberry Detection in Vision-Based Agricultural Robotics,,https://www.preprints.org/frontend/manuscript/aa144b0ab78346ae8b7f8837fd463bea/download_pub,https://www.preprints.org/frontend/manuscript/aa144b0ab78346ae8b7f8837fd463bea/download_pub,https://doi.org/10.20944/preprints202601.1638.v1,W7125425940,,0,OpenAlex
R02725,P,,2026,Journal of Integrative Agriculture,10.1016/j.jia.2026.08.011,"PTv3-HRAC: Structural phenotyping of alfalfa in breeding fields using UAV-derived RGB point clouds, 3D deep learning, and adaptive clustering",,,https://doi.org/10.1016/j.jia.2026.08.011,https://doi.org/10.1016/j.jia.2026.08.011,W7202285350,,0,OpenAlex
R02769,Y,R01141,2025,CGSPace A Repository of Agricultural Research Outputs (Consultative Group for International Agricultural Research),,CY-Bench: a comprehensive benchmark dataset for sub-national crop yield forecasting (Preprint),,,https://hdl.handle.net/10568/177066,https://hdl.handle.net/10568/177066,W7199288874,,0,OpenAlex
R02790,P,,2026,Smart Agricultural Technology,10.1016/j.atech.2026.101963,Phenotyping maize stay green traits via in situ leaf hyperspectral reflectance sensing,,,https://doi.org/10.1016/j.atech.2026.101963,https://doi.org/10.1016/j.atech.2026.101963,W7134911490,,0,OpenAlex
R02791,M,,2026,International Journal of Remote Sensing,10.1080/01431161.2026.2648095,Crop presence and growth-stage mapping in a tropical smallholder setting in Hawai‘i with PlanetScope time series,,,,https://doi.org/10.1080/01431161.2026.2648095,W7140426130,1102a698e4ccd4081c8883a0849b89ad80567a62,0,OpenAlex+S2
R02799,Y,,2025,arXiv (Cornell University),10.48550/arxiv.2510.07350,Out-of-Distribution Generalization in Climate-Aware Yield Prediction with Earth Observation Data,2510.07350,https://arxiv.org/pdf/2510.07350,https://arxiv.org/pdf/2510.07350,http://arxiv.org/abs/2510.07350,W4416392690,3ef04c22e2086f41186c1df15953e80443d712fc,0,OpenAlex+S2
R02800,W,,2025,arXiv (Cornell University),10.48550/arxiv.2501.07185,Uncertainty Guarantees on Automated Precision Weeding using Conformal Prediction,2501.07185,https://arxiv.org/pdf/2501.07185,https://arxiv.org/pdf/2501.07185,http://arxiv.org/abs/2501.07185,W4406339590,4ca427e8ab17174020f0392051ac3d989fcf0b6b,0,OpenAlex+S2
R02812,W,,2026,arXiv (Cornell University),10.48550/arxiv.2604.25316,Towards Robust Deep Learning-based Rumex Obtusifolius Detection from Drone Images,2604.25316,https://arxiv.org/pdf/2604.25316,https://arxiv.org/pdf/2604.25316,https://arxiv.org/abs/2604.25316,W7157584968,6d0f804691a273847118713692a706aaee51d6d6,0,OpenAlex+S2
R02818,M,,2026,Applied Sciences,10.3390/app16073598,Spectral Phenological Typologies for Improving Cross-Dataset in Mediterranean Winter Cereals,,https://doi.org/10.3390/app16073598,https://doi.org/10.3390/app16073598,https://doi.org/10.3390/app16073598,W7151435512,18d76c98958dd09b992af3215d0ca6aad340bd55,0,OpenAlex+S2
R02830,Y,,2026,Computers and Electronics in Agriculture,10.1016/j.compag.2026.112268,WMA-YieldNet: A weather-modulated attention network for cross-year winter wheat yield prediction using multi-stage hyperspectral data,,,https://doi.org/10.1016/j.compag.2026.112268,https://doi.org/10.1016/j.compag.2026.112268,W7202203082,,0,OpenAlex
R02837,D,,2026,Preprints.org,10.20944/preprints202609.1678.v1,AI-Based Crop Disease Detection from Leaf Images: A Focused Review and Robust Evaluation Framework,,,https://doi.org/10.20944/preprints202609.1678.v1,https://doi.org/10.20944/preprints202609.1678.v1,W7213781886,,0,OpenAlex
R02848,D,,2026,SinkrOn,10.33395/sinkron.v10i3.16200,Hybrid Deep Learning Model for Coffee Leaf Disease Detection Using CNN DeiT,,https://jurnal.polgan.ac.id/index.php/sinkron/article/download/16200/4115,https://jurnal.polgan.ac.id/index.php/sinkron/article/download/16200/4115,https://doi.org/10.33395/sinkron.v10i3.16200,W7171362559,e899e08cf5847583bbe5b11d2cb9e809511dcb82,0,OpenAlex+S2
R02866,D,R02236,2026,arXiv (Cornell University),10.48550/arxiv.2603.07356,AgrI Challenge: A Data-Centric AI Competition for Cross-Team Validation in Agricultural Vision,2603.07356,https://arxiv.org/pdf/2603.07356,https://arxiv.org/pdf/2603.07356,http://arxiv.org/abs/2603.07356,W7134846689,dca8a986a31b37f65b94e50dad1b721f6b5620ce,0,OpenAlex+S2
R02889,D,,2026,Sensors,10.3390/s26103206,AD-DETR: A Real-Time Transformer with Multi-Scale Alignment and Spatial–Spectral Fusion for Crop Disease Detection,,https://doi.org/10.3390/s26103206,https://doi.org/10.3390/s26103206,https://doi.org/10.3390/s26103206,W7161647272,188491ab365542db1ed649e20948a3ddecd94409,0,OpenAlex+S2
R02893,D,,2025,Research Square,10.21203/rs.3.rs-7900963/v1,Impact of target domain integration on unsupervised anomaly detection in hydroponic agriculture,,https://www.researchsquare.com/article/rs-7900963/latest.pdf,https://www.researchsquare.com/article/rs-7900963/latest.pdf,https://doi.org/10.21203/rs.3.rs-7900963/v1,W4415783009,,0,OpenAlex
R02906,P,,2026,Soil and Tillage Research,10.1016/j.still.2026.107247,Improving crop residue cover estimation using spectral shape information from multispectral remote sensing,,,https://doi.org/10.1016/j.still.2026.107247,https://doi.org/10.1016/j.still.2026.107247,W7160032642,,0,OpenAlex
R02913,D,,2026,arXiv (Cornell University),10.48550/arxiv.2606.02045,Quantifying and Mitigating Domain Shift in Peach Leaf Damage Classification: Attention Mechanisms and Fine-Tuning Strategies,2606.02045,https://arxiv.org/pdf/2606.02045,https://arxiv.org/pdf/2606.02045,https://arxiv.org/abs/2606.02045,W7163198946,34b4cca9ca36c4380347bb867d58c1a8167f8208,0,OpenAlex+S2
R02923,P,,2025,Artificial Intelligence in Agriculture,10.1016/j.aiia.2025.12.006,CTGNN: UAV-satellite cross-domain transfer learning for monitoring oat growth in China’s key production areas,,,https://doi.org/10.1016/j.aiia.2025.12.006,https://doi.org/10.1016/j.aiia.2025.12.006,W7117482765,,0,OpenAlex
R02941,D,,2026,Journal of Electrical Engineering,10.2478/jee-2026-0043,Automatic vineyard health control: A review of existing systems and datasets for disease identification,,https://reference-global.com/download/article/10.2478/jee-2026-0043.pdf,https://reference-global.com/download/article/10.2478/jee-2026-0043.pdf,https://doi.org/10.2478/jee-2026-0043,W7204466847,f223fffce2492fab3254653594f270ecc7e9b3b3,0,OpenAlex+S2
R02949,Y,,2025,Agricultural Water Management,10.1016/j.agwat.2025.109384,Benchmarking farm-level cotton water productivity using on-farm irrigation measurements and remotely sensed yields,,,https://doi.org/10.1016/j.agwat.2025.109384,https://doi.org/10.1016/j.agwat.2025.109384,W4408013170,,2,OpenAlex
R02950,M,,2026,Remote Sensing,10.3390/rs18183137,Interpretable Multi-Year Winter Wheat Mapping with Sentinel-1/2 Time Series: SHAP-Based Feature Selection and Bayesian-Optimized Machine Learning,,https://doi.org/10.3390/rs18183137,https://doi.org/10.3390/rs18183137,https://doi.org/10.3390/rs18183137,W7212745363,b2bd6206210e94ecd629ea6e37607c7eb3d22d9c,0,OpenAlex+S2
R02964,D,,2026,J-INTECH,10.32664/j-intech.v14i02.2277,Implementation of a Plant Disease Identification System using the CNN Algorithm and the Web-Based Django Framework,,https://jurnal.ubhinus.ac.id/index.php/J-INTECH/article/download/2277/1211,https://jurnal.ubhinus.ac.id/index.php/J-INTECH/article/download/2277/1211,https://doi.org/10.32664/j-intech.v14i02.2277,W7166344031,9e524ce77f4f17b34aa8aa84386cea4bd34e79e3,0,OpenAlex+S2
R02972,D,,2026,Research Square,10.21203/rs.3.rs-10938933/v1,Cross-Dataset Strawberry Disease Classification from Controlled to African Field Conditions,,https://www.researchsquare.com/article/rs-10938933/latest.pdf,https://www.researchsquare.com/article/rs-10938933/latest.pdf,https://doi.org/10.21203/rs.3.rs-10938933/v1,W7212012801,,0,OpenAlex
R02987,P,,2026,arXiv (Cornell University),10.48550/arxiv.2608.16661,Turning spectra into images improves plant trait retrieval with 2D-CNNs,2608.16661,https://arxiv.org/pdf/2608.16661,https://arxiv.org/pdf/2608.16661,https://arxiv.org/abs/2608.16661,W7203662445,8ae455fa146d41cc58d9a48e0b7c67e5fd05e9ae,0,OpenAlex+S2
R02992,Y,,2025,Applied Sciences,10.3390/app15189947,Cotton Yield Prediction with Gaussian Distribution Sampling and Variational AutoEncoder,,https://www.mdpi.com/2076-3417/15/18/9947/pdf?version=1757647567,https://www.mdpi.com/2076-3417/15/18/9947/pdf?version=1757647567,https://doi.org/10.3390/app15189947,W4414128240,fbcd3029891bf583321ea37b5f65fa2b52daec55,2,OpenAlex+S2
R02997,D,,2025,Iran Journal of Computer Science,10.1007/s42044-025-00274-4,Plant leaf disease recognition using deep dynamic joint adaptation networks based on partially labeled data,,,,https://doi.org/10.1007/s42044-025-00274-4,W4410747445,7c0957376b129ec5c82fd35c5d7282e151ed1ccb,0,OpenAlex+S2
R03005,P,,2026,Geo-spatial Information Science,10.1080/10095020.2026.2624280,Deep transfer learning-based estimation of crop fractional vegetation cover at high spatiotemporal resolution using moderate-resolution satellite products,,,https://doi.org/10.1080/10095020.2026.2624280,https://doi.org/10.1080/10095020.2026.2624280,W7128693462,,0,OpenAlex
R03009,P,,2026,Smart Agricultural Technology,10.1016/j.atech.2026.101908,Temporal deep learning for satellite-based sugarcane monitoring and cycle age estimation,,,https://doi.org/10.1016/j.atech.2026.101908,https://doi.org/10.1016/j.atech.2026.101908,W7133132392,,0,OpenAlex
R03010,M,,2026,Remote Sensing,10.3390/rs18070980,Interpretable Cotton Mapping Across Phenological Stages: Receptive-Field Enhancement and Cross-Domain Stability,,https://www.mdpi.com/2072-4292/18/7/980/pdf?version=1774434450,https://www.mdpi.com/2072-4292/18/7/980/pdf?version=1774434450,https://doi.org/10.3390/rs18070980,W7140335996,2c1936bf04a2fddefcb278f06f702aa2a584215e,0,OpenAlex+S2
R03017,M,,2026,Frontiers in Remote Sensing,10.3389/frsen.2026.1782148,Crop type mapping in the pre-Sentinel era using variable-length Landsat time-series and self-supervised learning,,https://public-pages-files-2025.frontiersin.org/journals/remote-sensing/articles/10.3389/frsen.2026.1782148/pdf,https://public-pages-files-2025.frontiersin.org/journals/remote-sensing/articles/10.3389/frsen.2026.1782148/pdf,https://doi.org/10.3389/frsen.2026.1782148,W7130649573,22d6c6c219ec68fc67af62fcae1ddb6ddc86913f,0,OpenAlex+S2
R03071,M,,2026,Remote Sensing Applications Society and Environment,10.1016/j.rsase.2026.102264,"Interpretable multi-sensor mapping of coffee production systems in Dak Lak, Vietnam: performance, spatial generalization, and uncertainty",,,https://doi.org/10.1016/j.rsase.2026.102264,https://doi.org/10.1016/j.rsase.2026.102264,W7212434761,,0,OpenAlex
R03080,M,,2026,International Journal of Applied Earth Observation and Geoinformation,10.1016/j.jag.2026.105548,PLGCA-SAM: Progressive local and global context-aware network incorporating SAM for remote sensing crop mapping,,,https://doi.org/10.1016/j.jag.2026.105548,https://doi.org/10.1016/j.jag.2026.105548,W7207601397,,0,OpenAlex
R03083,M,,2025,Eastern-European Journal of Enterprise Technologies,10.15587/1729-4061.2025.338000,Development of a zero-shot classification method for cross-regional crop mapping demonstrating domain transferability in Sentinel-2 imagery,,https://journals.uran.ua/eejet/article/download/338000/326647,https://journals.uran.ua/eejet/article/download/338000/326647,https://doi.org/10.15587/1729-4061.2025.338000,W4413940878,00829c9ffac5fad9e973c50dde4804221eb8da8e,0,OpenAlex+S2
R03084,D,,2026,Ultimatics Jurnal Teknik Informatika,10.31937/ti.v18i1.4252,Evaluating the Capability of VGG16 Trained on Kaggle Dataset for Detecting Tomato Diseases in Indonesian,,https://ejournals.umn.ac.id/index.php/TI/article/download/4252/1916,https://ejournals.umn.ac.id/index.php/TI/article/download/4252/1916,https://doi.org/10.31937/ti.v18i1.4252,W7166845280,e3c340d39bf37133ea94c088184f74478056f8e0,0,OpenAlex+S2
R03106,D,,2025,arXiv (Cornell University),10.48550/arxiv.2512.13428,A Domain-Adapted Lightweight Ensemble for Resource-Efficient Few-Shot Plant Disease Classification,2512.13428,https://arxiv.org/pdf/2512.13428,https://arxiv.org/pdf/2512.13428,http://arxiv.org/abs/2512.13428,W4417458448,497bca7cc037521758fd0e7b73c159d40c95bead,0,OpenAlex+S2
R03119,D,,2026,Frontiers in Plant Science,10.3389/fpls.2026.1808419,Robust agricultural pest detection under occlusion and environmental variations via AGIIN-MAF training and SAODL adaptation,,https://doi.org/10.3389/fpls.2026.1808419,https://doi.org/10.3389/fpls.2026.1808419,https://doi.org/10.3389/fpls.2026.1808419,W7161626179,b19515851003d340760a92be07cbbbe291c5aaa1,0,OpenAlex+S2
R03123,Y,,2026,SSRN Electronic Journal,10.2139/ssrn.7441891,Forecasting the Number of Harvest-ready Fruits of Sweet Peppers Using Multimodal Time-Series Data,2607.19975,https://doi.org/10.2139/ssrn.7441891,https://doi.org/10.2139/ssrn.7441891,https://doi.org/10.2139/ssrn.7441891,W7170151874,2946bb7a8bc4db541836a1d047f56661d37edab3,0,OpenAlex+S2
R03125,M,,2025,DOAJ (DOAJ: Directory of Open Access Journals),10.12133/j.smartag.sa202508025,Construction and Evaluation of Lightweight and Interpretable Soybean Remote Sensing Identification Model,,,https://doaj.org/article/bbe95a109f164a7b805c6341ef03c04f,https://doaj.org/article/bbe95a109f164a7b805c6341ef03c04f,W7155690274,,0,OpenAlex
R03133,W,,2026,Gesellschaft für Informatik (GI),10.18420/giljt2026_07,Self-supervised representation learning for robust weed detection,,,https://doi.org/10.18420/giljt2026_07,https://doi.org/10.18420/giljt2026_07,W7128538700,,0,OpenAlex
R03134,D,,2026,Artificial Intelligence in Agriculture,10.1016/j.aiia.2026.06.005,FCMamba: A frequency-enhanced state space network for edge-based plant disease recognition,,,https://doi.org/10.1016/j.aiia.2026.06.005,https://doi.org/10.1016/j.aiia.2026.06.005,W7166887837,,0,OpenAlex
R03135,D,,2026,arXiv (Cornell University),10.48550/arxiv.2608.20608,A Dataset-Centric Benchmark of Deep Learning Methods for Grape Leaf Disease Classification and Detection,2608.20608,https://arxiv.org/pdf/2608.20608,https://arxiv.org/pdf/2608.20608,https://arxiv.org/abs/2608.20608,W7204120282,e079c67d4c614db39a6b95848951cfb58c5b3a08,0,OpenAlex+S2
R03136,D,,2026,Journal of Intelligent Decision Making and Information Science,10.59543/jidmis.v3.1444,A Hybrid Lesion Segmentation and Deep Learning Framework for Intelligent Grape Leaf Disease Classification,,https://jidmis.org/index.php/jidmis/article/download/1444/543,https://jidmis.org/index.php/jidmis/article/download/1444/543,https://doi.org/10.59543/jidmis.v3.1444,W7203964935,f8b777dbe7002a9a06ae81abecee3647fd0a0271,0,OpenAlex+S2
R03156,P,,2026,IEEE Journal of Selected Topics in Applied Earth Observations and Remote Sensing,10.1109/jstars.2026.3720556,Optimizing Leaf Nitrogen Estimation Using Hyperspectral Sensing and Machine Learning With Band Selection Techniques,,https://doi.org/10.1109/jstars.2026.3720556,https://doi.org/10.1109/jstars.2026.3720556,https://doi.org/10.1109/jstars.2026.3720556,W7172482745,ed9d3af2cf7331dffaf9a54e6fba9a988329e15b,0,OpenAlex+S2
R03177,D,,2026,IEEE Transactions on AgriFood Electronics,10.1109/tafe.2026.3667568,DDAN-RGAL: A Dual-Domain Adaptive Network With Reality-Gap Aware Learning for Field-Deployable Plant Disease Detection,,,,https://doi.org/10.1109/tafe.2026.3667568,W7141671698,12f22cbbb7f383da070a2f683cefc1c43731dc64,0,OpenAlex+S2
R03194,O,,2026,Computers and Electronics in Agriculture,10.1016/j.compag.2026.112105,XylemVision: A Knowledge-Distilled deep learning framework for High-Throughput quantification of root anatomy in peanut,,,https://doi.org/10.1016/j.compag.2026.112105,https://doi.org/10.1016/j.compag.2026.112105,W7166352094,,0,OpenAlex
R03206,M,,2022,arXiv (Cornell University),10.1109/cvprw56347.2022.00145,Generalized Classification of Satellite Image Time Series with Thermal Positional Encoding,2203.09175,https://arxiv.org/pdf/2203.09175,https://arxiv.org/pdf/2203.09175,http://arxiv.org/abs/2203.09175,W4221149793,2b7b7eb96fc30089d53e92ad97ac2db0035dc3cb,1,OpenAlex+S2
R03228,M,,2025,SSRN Electronic Journal,10.2139/ssrn.5352243,From National to Global: Mapping Global Center-Pivot Irrigated Cropland with Knowledge Guided Data Augmentation,,,https://doi.org/10.2139/ssrn.5352243,https://doi.org/10.2139/ssrn.5352243,W4412418464,,0,OpenAlex
R03253,D,,2026,Applied Sciences,10.3390/app16073177,CE-Fusion Botanic: A Lightweight Leaf Disease Detection Model via Adaptive Local–Global Information Fusion,,https://www.mdpi.com/2076-3417/16/7/3177/pdf?version=1774469830,https://www.mdpi.com/2076-3417/16/7/3177/pdf?version=1774469830,https://doi.org/10.3390/app16073177,W7140627664,70a54bd46f7c7c4b0aadac0104cd610327a4ec3d,1,OpenAlex+S2
R03277,W,,2026,SSRN Electronic Journal,10.2139/ssrn.7345639,From barley to rapeseed: few-shot fine-tuning of semantic segmentation models for weed detection using UAV multispectral imagery,,,https://doi.org/10.2139/ssrn.7345639,https://doi.org/10.2139/ssrn.7345639,W7204146429,,0,OpenAlex
R03314,D,,2026,Frontiers in Plant Science,10.3389/fpls.2026.1839652,Confidence and uncertainty aware deep learning for reliable grape leaf disease diagnosis under real world field conditions,,https://www.frontiersin.org/journals/plant-science/articles/10.3389/fpls.2026.1839652/pdf,https://www.frontiersin.org/journals/plant-science/articles/10.3389/fpls.2026.1839652/pdf,https://doi.org/10.3389/fpls.2026.1839652,W7169024866,9fc2339eb9b9d74cfeac7ea0cf9f593f44ed6261,0,OpenAlex+S2
R03317,Y,,2025,Computers and Electronics in Agriculture,10.1016/j.compag.2025.111270,"Peanut yield and grade prediction in Georgia, USA: integrating management, climate, and remote sensing data with explainable AI",,,https://doi.org/10.1016/j.compag.2025.111270,https://doi.org/10.1016/j.compag.2025.111270,W4417009070,,3,OpenAlex
R03345,Y,,2026,African Crop Science Journal,10.4314/acsj.v34i3.15,Reliability of rice yield monitoring under climate non-stationarity in Uganda: A hybrid modelling approach,,https://www.ajol.info/index.php/acsj/article/download/330892/311073,https://www.ajol.info/index.php/acsj/article/download/330892/311073,https://doi.org/10.4314/acsj.v34i3.15,W7171691708,657baf42e29b6c37a2a31a4327bc557bedd69487,0,OpenAlex+S2
R03364,P,,2026,Plant Phenomics,10.1016/j.plaphe.2026.100184,Climate-robust evaluation of alfalfa seed maturity via an EMD-guided deep learning framework using multispectral imaging,,https://doi.org/10.1016/j.plaphe.2026.100184,https://doi.org/10.1016/j.plaphe.2026.100184,https://doi.org/10.1016/j.plaphe.2026.100184,W7128713772,7ab1b081b8a2af8493256e21c13dae9c4f0a67f4,0,OpenAlex+S2
R03393,M,,2026,Remote Sensing,10.3390/rs18111828,A Phenology-Guided Multi-Source Framework for In-Season Rice Mapping in Cloud-Prone and Complex Agroecosystems,,https://doi.org/10.3390/rs18111828,https://doi.org/10.3390/rs18111828,https://doi.org/10.3390/rs18111828,W7163366280,4c96a9c0a70e6dce9cf7dcfdf6b164e6361e07b6,0,OpenAlex+S2
R03410,O,,2026,Smart Agricultural Technology,10.1016/j.atech.2026.102205,CEG-YOLO: A lightweight edge-optimized framework for in-field rice panicle counting,,,https://doi.org/10.1016/j.atech.2026.102205,https://doi.org/10.1016/j.atech.2026.102205,W7160764347,,0,OpenAlex
R03417,M,,2026,International Journal of Applied Earth Observation and Geoinformation,10.1016/j.jag.2026.105495,Fusing very high-resolution aerial imagery with Sentinel-1 and Sentinel-2 time series improves multi-year orchard type classification,,,https://doi.org/10.1016/j.jag.2026.105495,https://doi.org/10.1016/j.jag.2026.105495,W7171399487,,0,OpenAlex
R03455,D,,2026,Scientific Reports,10.1038/s41598-026-62760-4,A hierarchical prototype-graph with optimal-transport matching for few-shot rice disease recognition,,https://www.nature.com/articles/s41598-026-62760-4_reference.pdf,https://www.nature.com/articles/s41598-026-62760-4_reference.pdf,https://doi.org/10.1038/s41598-026-62760-4,W7169725744,285b979c8ad67dc066c16498a2a2c0860f0a43c0,0,OpenAlex+S2
R03462,P,,2026,Smart Agricultural Technology,10.1016/j.atech.2026.102339,CTFL-Net: A Wavelet-Enhanced CNN-Transformer model for rice LAI estimation from UAV RGB imagery,,,https://doi.org/10.1016/j.atech.2026.102339,https://doi.org/10.1016/j.atech.2026.102339,W7165743812,,0,OpenAlex
R03467,O,,2026,SSRN Electronic Journal,10.2139/ssrn.6827633,Mitigating Cross-Dataset Feature Shifts via a Multi-Loss Self-Reconstruction Filter: A Correction-Detection Framework for UAV-Based Yuzu Detection,,,https://doi.org/10.2139/ssrn.6827633,https://doi.org/10.2139/ssrn.6827633,W7162296834,,0,OpenAlex
R03470,P,,2026,DOAJ (DOAJ: Directory of Open Access Journals),10.12133/j.smartag.sa202601026,Estimation of Winter Wheat Chlorophyll Content Based on Hyperspectral Remote Sensing and Cross-Regional Transfer Learning,,,,https://doaj.org/article/fe2053537de547419e6ad400d2c8a23b,W7210261954,,0,OpenAlex
R03478,M,,2026,Forests,10.3390/f17091022,"Peach Orchard Identification Using Multi-Temporal Sentinel-2 NIR–SWIR Features: A Case Study of Ganyu District, Lianyungang, China",,https://doi.org/10.3390/f17091022,https://doi.org/10.3390/f17091022,https://doi.org/10.3390/f17091022,W7204481000,507eed2778b945cf1927a3d91be2b05ad54ce1c3,0,OpenAlex+S2
R03493,P,,2026,Plants,10.3390/plants15192998,Retrieval of Soybean SPAD at Different Vertical Canopy Scales Based on Fractional-Order Derivatives and Spectral Indices,,,https://doi.org/10.3390/plants15192998,https://doi.org/10.3390/plants15192998,W7214954260,,0,OpenAlex
R03496,Y,,2026,Frontiers in Plant Science,10.3389/fpls.2026.1915306,"Deployment-oriented evaluation of stage-specific information for rice yield prediction across years, sites and site-year environments in southern China",,https://www.frontiersin.org/journals/plant-science/articles/10.3389/fpls.2026.1915306/pdf,https://www.frontiersin.org/journals/plant-science/articles/10.3389/fpls.2026.1915306/pdf,https://doi.org/10.3389/fpls.2026.1915306,W7211951255,f3bcd6b8d103b960b2cfd2fa8cfd113a93ffe826,0,OpenAlex+S2
R03499,D,,2026,Frontiers in Plant Science,10.3389/fpls.2026.1923215,A multi-scale small object detection framework for tomato leaf pest and disease detection in complex natural environments,,https://doi.org/10.3389/fpls.2026.1923215,https://doi.org/10.3389/fpls.2026.1923215,https://doi.org/10.3389/fpls.2026.1923215,W7212254249,f0950a22a4bd93db7eea5f796c93c58860d71b71,0,OpenAlex+S2
R03534,P,,2026,AgriEngineering,10.3390/agriengineering8090392,Comparative Evaluation of UAV Multispectral and Measured Biophysical Feature Combinations for Winter Wheat Canopy Nitrogen Estimation,,https://doi.org/10.3390/agriengineering8090392,https://doi.org/10.3390/agriengineering8090392,https://doi.org/10.3390/agriengineering8090392,W7213879052,25a0011c2cd5dfec4180055e5359c1bdbc12a051,0,OpenAlex+S2
R03564,D,,2026,Zenodo (CERN European Organization for Nuclear Research),10.5281/zenodo.20152311,Background Sensitivity in Unsupervised Anomaly Detection: A Controlled Cross-Architecture Study on Maize Disease,,,https://doi.org/10.5281/zenodo.20152311,https://doi.org/10.5281/zenodo.20152311,W7161060652,,0,OpenAlex
R03569,P,,2026,Smart Agricultural Technology,10.1016/j.atech.2026.102415,Beyond crown delineation: Assessing structural fidelity of UAV-derived D30 allometry across contrasting durian orchard sites,,,https://doi.org/10.1016/j.atech.2026.102415,https://doi.org/10.1016/j.atech.2026.102415,W7169785527,,0,OpenAlex
R03609,D,,2026,Journal of Intelligent Decision Making and Information Science,10.59543/jidmis.v3.1781,Oryza YOLOCNN-X: Real-time Rice Disease Detection and Classification on Raspberry Pi,,https://jidmis.org/index.php/jidmis/article/download/1781/728,https://jidmis.org/index.php/jidmis/article/download/1781/728,https://doi.org/10.59543/jidmis.v3.1781,W7203483506,98e54f55f4dfd0d0bb9aa9212028504501a49829,0,OpenAlex+S2
R03620,P,,2026,Remote Sensing,10.3390/rs18172961,Geometry-Guided Semi-Supervised Multimodal Segmentation for UAV-Based Rice-Lodging Mapping,,https://doi.org/10.3390/rs18172961,https://doi.org/10.3390/rs18172961,https://doi.org/10.3390/rs18172961,W7204989738,eed65bfcf050347bffa8842686de7715aba22fa0,0,OpenAlex+S2
R03649,Y,,2026,Journal of Integrative Agriculture,10.1016/j.jia.2026.05.005,Growth curve parameters of AGB estimated from multi-source remote sensing data enhance wheat yield prediction accuracy,,,https://doi.org/10.1016/j.jia.2026.05.005,https://doi.org/10.1016/j.jia.2026.05.005,W7160122387,,0,OpenAlex
R03661,D,,2026,Artificial Intelligence in Agriculture,10.1016/j.aiia.2026.04.012,Combining transfer learning and hyperspectral data to identify the severity of mild Fusarium head blight infection in wheat,,,https://doi.org/10.1016/j.aiia.2026.04.012,https://doi.org/10.1016/j.aiia.2026.04.012,W7154989050,,0,OpenAlex
R03664,P,,2026,Plants,10.3390/plants15182811,Estimation of Wheat Grain Protein Content at Multiple Growth Stages Based on Space–Air–Ground Collaborative Observation Data,,https://doi.org/10.3390/plants15182811,https://doi.org/10.3390/plants15182811,https://doi.org/10.3390/plants15182811,W7212686348,f16f59fb67ea63a68005fb8f2ceb134c4549cf64,0,OpenAlex+S2
R03667,P,,2026,Science of Remote Sensing,10.1016/j.srs.2026.100478,Selection of optimal spatial window size for winter wheat LAI retrieval based on UAV multispectral imagery and the PROSAIL model,,,https://doi.org/10.1016/j.srs.2026.100478,https://doi.org/10.1016/j.srs.2026.100478,W7169876368,,0,OpenAlex
R03738,O,,2026,Agriculture,10.3390/agriculture16060664,Detection of Floricane Raspberry Shrubs from Unmanned Aerial Vehicle Imagery Using YOLO Models,,https://www.mdpi.com/2077-0472/16/6/664/pdf,https://www.mdpi.com/2077-0472/16/6/664/pdf,https://doi.org/10.3390/agriculture16060664,W7137380052,5dd5a62a04c14bbec4b9a307563bc47311ccfafe,0,OpenAlex+S2
R03743,D,,2026,AIUB Journal of Science and Engineering (AJSE),10.53799/ncym2e94,Domain-Adaptive Leaf Disease Diagnosis via Customized MobileNetV3-Small: XAI-Guided Severity Scoring and Edge-Deployable API Across Papaya and Lemon,,https://ajse.aiub.edu/index.php/ajse/article/download/1771/243,https://ajse.aiub.edu/index.php/ajse/article/download/1771/243,https://doi.org/10.53799/ncym2e94,W7171785757,53d27f59af2853ce158031cac513b672f4ca0bd9,0,OpenAlex+S2
R03747,Y,,2026,Agronomy,10.3390/agronomy16070763,Yield Prediction in Winter Oilseed Rape Based on Multi-Temporal NDVI and Modelling Approaches,,https://www.mdpi.com/2073-4395/16/7/763/pdf?version=1775381491,https://www.mdpi.com/2073-4395/16/7/763/pdf?version=1775381491,https://doi.org/10.3390/agronomy16070763,W7150831637,ba4993b3dd1508a04dc4aabe164c3a3789931031,0,OpenAlex+S2
R03749,D,,2026,SSRN Electronic Journal,10.2139/ssrn.7372001,SPARC-CL: Feature Unlearning for Domain-Adaptive Leaf Disease Classification on Edge Devices,,,https://doi.org/10.2139/ssrn.7372001,https://doi.org/10.2139/ssrn.7372001,W7204729614,,0,OpenAlex
R03760,M,,2026,AGILE GIScience Series,10.5194/agile-giss-7-13-2026,Generalizability of Foundation Models: A Case Study on Cocoa Mapping Across Countries Using Sparse Labels,,https://agile-giss.copernicus.org/articles/7/13/2026/agile-giss-7-13-2026.pdf,https://agile-giss.copernicus.org/articles/7/13/2026/agile-giss-7-13-2026.pdf,https://doi.org/10.5194/agile-giss-7-13-2026,W7164194149,1cc53a2f966a0b784b1bdb9e099002fecaa1c04f,0,OpenAlex+S2
R03763,P,,2026,IEEE Geoscience and Remote Sensing Letters,10.1109/lgrs.2026.3693043,Adversarial Domain Alignment Improves Root Biomass Prediction From SkySat Imagery,,https://doi.org/10.1109/lgrs.2026.3693043,https://doi.org/10.1109/lgrs.2026.3693043,https://doi.org/10.1109/lgrs.2026.3693043,W7160991476,bd6a12e26978dc462f30dd9572ac99aaaf4dcdf7,0,OpenAlex+S2
R03770,P,,2026,Journal of the Science of Food and Agriculture,10.1002/jsfa.71102,Cross‐regional and temporal generalizability of portable visible spectroscopy for olive maturity classification,,https://onlinelibrary.wiley.com/doi/pdfdirect/10.1002/jsfa.71102,https://onlinelibrary.wiley.com/doi/pdfdirect/10.1002/jsfa.71102,https://doi.org/10.1002/jsfa.71102,W7214119585,791b5eec91b5d10431c208615f61660cc5fe6040,0,OpenAlex+S2
R03779,M,,2026,"The international archives of the photogrammetry, remote sensing and spatial information sciences/International archives of the photogrammetry, remote sensing and spatial information sciences",10.5194/isprs-archives-xlix-b3-2026-915-2026,"Integrating Hyperspectral and Phenological Features for Cereals Mapping in a Mediterranean Region, Morocco",,https://isprs-archives.copernicus.org/articles/XLIX-B3-2026/915/2026/isprs-archives-XLIX-B3-2026-915-2026.pdf,https://isprs-archives.copernicus.org/articles/XLIX-B3-2026/915/2026/isprs-archives-XLIX-B3-2026-915-2026.pdf,https://doi.org/10.5194/isprs-archives-xlix-b3-2026-915-2026,W7171833033,3bb945e40b82e24ffc3c4bd52f6b2f0e93a8c43f,0,OpenAlex+S2
R03810,D,,2026,IEEE Access,10.1109/access.2026.3734726,A Domain-Invariant and Edge-Efficient Framework for Leaf Disease Classification,,https://doi.org/10.1109/access.2026.3734726,https://doi.org/10.1109/access.2026.3734726,https://doi.org/10.1109/access.2026.3734726,W7214070599,99207e5b09a411b4ba04a3e6741b47d9f2463deb,0,OpenAlex+S2
R03828,M,,2026,Journal of the Indian Society of Remote Sensing,10.1007/s12524-026-02567-y,Harmonic-Phenology-Topography Fusion for Sugarcane Classification Using MODIS NDVI Time Series: A Temporally Generalizable and Interpretable Framework,,,,https://doi.org/10.1007/s12524-026-02567-y,W7213228003,,0,OpenAlex
R03896,P,,2026,Agriculture,10.3390/agriculture16020191,SPAD Retrieval of Jujube Canopy Using UAV-Based Multispectral and RGB Features with Genetic Algorithm–Optimized Ensemble Learning,,https://doi.org/10.3390/agriculture16020191,https://doi.org/10.3390/agriculture16020191,https://doi.org/10.3390/agriculture16020191,W7122762674,f262e32d7754cccf4775ca177e0dc661f077ee18,0,OpenAlex+S2
R03898,P,,2026,ISPRS Journal of Photogrammetry and Remote Sensing,10.1016/j.isprsjprs.2026.07.022,Advancing hyperspectral nutrient modeling through transfer learning: Insights from foliar N–P–K estimation in cranberries,,,https://doi.org/10.1016/j.isprsjprs.2026.07.022,https://doi.org/10.1016/j.isprsjprs.2026.07.022,W7171676735,,0,OpenAlex
R03902,M,,2026,arXiv (Cornell University),10.48550/arxiv.2608.27290,Detection of Christmas tree plantations from high-resolution aerial imagery. A case study in the French Morvan,2608.27290,https://arxiv.org/pdf/2608.27290,https://arxiv.org/pdf/2608.27290,https://arxiv.org/abs/2608.27290,W7204594682,161d721a9bb5c346a47232ac40761c6ff80a2682,0,OpenAlex+S2
R03914,P,,2026,arXiv (Cornell University),10.48550/arxiv.2608.31097,Cross-Regional Grapevine Cold Hardiness Prediction via Learned Multimodal Latent Representations,2608.31097,https://arxiv.org/pdf/2608.31097,https://arxiv.org/pdf/2608.31097,https://arxiv.org/abs/2608.31097,W7204959031,5dbb12be1a7fe815fb56fbd589be598e04e92ca1,0,OpenAlex+S2
R03926,Y,,2026,International Journal of Emerging Technologies and Innovative Research,10.48175/ijetir-6655,Interpretable Transformer-Based Yield Forecasting Under Climate Extremes: A Multi-Layered Explainability Framework and Drought-Year Validation on the Canadian Prairies (2021),,,,https://doi.org/10.48175/ijetir-6655,W7171453458,593563fb48411707e8bd9a600910fc039e4dad49,0,OpenAlex+S2
R03937,P,,2026,The Plant Phenome Journal,10.1002/ppj2.70109,Determination of dry bean physiological maturity from UAS RGB time series using a stacking ensemble of color‐derived spectral features,,https://onlinelibrary.wiley.com/doi/pdfdirect/10.1002/ppj2.70109,https://onlinelibrary.wiley.com/doi/pdfdirect/10.1002/ppj2.70109,https://doi.org/10.1002/ppj2.70109,W7214205946,18abf5609c87c9a8aed96d0fd40f80cd782ffa00,0,OpenAlex+S2
R04006,P,,2026,DOAJ (DOAJ: Directory of Open Access Journals),10.12133/j.smartag.sa202510026,A Bi-LSTM Prediction Method for Apple First Flowering Date Based on Enhanced Time-Series Temperature Features,,,https://doaj.org/article/fa8ecc5613994af9974515e1145d1707,https://doaj.org/article/fa8ecc5613994af9974515e1145d1707,W7155722498,,0,OpenAlex
R04016,Y,,2026,International Journal of Agronomy,10.1155/ioa/1411368,Integrating Vegetation Indices and Texture Features From UAS Imagery to Improve Yield Prediction and Growth Analysis of Spinach ( Spinacia oleracea L.),,https://onlinelibrary.wiley.com/doi/pdfdirect/10.1155/ioa/1411368,https://onlinelibrary.wiley.com/doi/pdfdirect/10.1155/ioa/1411368,https://doi.org/10.1155/ioa/1411368,W7204188076,d445417e9a3aaf4b52b572ad616ff6807943fe73,0,OpenAlex+S2
R04035,D,,2025,arXiv (Cornell University),10.48550/arxiv.2507.13514,Sugar-Beet Stress Detection using Satellite Image Time Series,2507.13514,https://arxiv.org/pdf/2507.13514,https://arxiv.org/pdf/2507.13514,http://arxiv.org/abs/2507.13514,W4416833393,d9e2b31b52c748a6b62597e1d1c762c812a45601,0,OpenAlex+S2
R04049,O,,2025,Frontiers in Plant Science,10.3389/fpls.2025.1680299,DFMA-DETR: a pomegranate maturity detection algorithm based on dual-domain feature modulation and enhanced attention,,https://doi.org/10.3389/fpls.2025.1680299,https://doi.org/10.3389/fpls.2025.1680299,https://doi.org/10.3389/fpls.2025.1680299,W4415419031,af6e136a4c061fd25a4543591920cb3b3656b5ed,0,OpenAlex+S2
R04092,P,,2026,International Journal of Remote Sensing,10.1080/01431161.2026.2717437,Estimating SPAD of tea leaf using UAV multispectral remote sensing based on stacking ensemble learning,,,,https://doi.org/10.1080/01431161.2026.2717437,W7203571747,,0,OpenAlex
R04347,M,,2026,PFG – Journal of Photogrammetry Remote Sensing and Geoinformation Science,10.1007/s41064-026-00419-5,Unsupervised Domain Adaptation with Temporal Prompts for Robust Crop Classification in Satellite Imagery,,,,,W7212704440,052defe7e8e076c0ad808f006702a51c4710d962,0,OpenAlex+S2
R04369,D,,2024,International Conference on Computing Communication and Networking Technologies,10.1109/icccnt61001.2024.10725369,Cross-Species Plant Disease Detection: Utilizing Neural Style Transfer on Mango and Apple Leaf Images,,,,,,0776009b3f0c581ba684548b5a70018ea5e09ee5,1,S2
R04377,Y,,2026,IEEE Transactions on Geoscience and Remote Sensing,10.1109/tgrs.2026.3715962,Mixture of Receptive Fields Fusion for Accurate Rice Panicle Segmentation and Yield Prediction in UAV-Based Remote Sensing,,,,,,07c6d27a8a4e5bcb4977b4d99237e049abab6c7d,0,S2
R04381,O,,2025,arXiv.org,10.48550/arxiv.2512.11360,Reliable Detection of Minute Targets in High-Resolution Aerial Imagery across Temporal Shifts,2512.11360,,,,W7115583885,08263cbdd9c1f8940bd504882b3a03f46a20096a,0,OpenAlex+S2
R04398,O,,2020,International Conference on Digital Image Computing: Techniques and Applications,10.1109/dicta51227.2020.9363407,Fruit Detection in the Wild: The Impact of Varying Conditions and Cultivar,,,,,,0935c3ce1a9e16faa523dab63347dea75ffe1206,23,S2
R04402,M,,2025,IEEE Transactions on Geoscience and Remote Sensing,10.1109/tgrs.2025.3633252,MDANet: A Mamba-Driven Domain Adaptation Network for Cropland Change Detection,,,,,W4416286398,095e9a4d699bf48ed2d61127da2b7b3909dd9712,1,OpenAlex+S2
R04429,D,,2026,Frontiers in Plant Science,10.3389/fpls.2026.1860665,Backbone diversity beats text supervision: a systematic study of frozen multi-foundation model fusion for in-the-wild plant disease recognition,,https://www.frontiersin.org/journals/plant-science/articles/10.3389/fpls.2026.1860665/pdf,,,W7202186110,0b45b8f16fe4df8f368c0e8ed6e1ccc7102a1dc7,0,OpenAlex+S2
R04439,M,,2026,2026 IEEE Mediterranean and Middle-East Geoscience and Remote Sensing Symposium (M2GARSS),10.1109/m2garss67833.2026.11582130,Integrating Spectral Attention and Multimodal Embeddings for Enhanced Winter Cereals Mapping,,,,,,0c048234a9660dd0c6b3f63562c208c5218edad7,0,S2
R04445,Y,R02799,2026,Trans. Mach. Learn. Res.,,A Systematic Evaluation of Out-of-Distribution Generalization in Crop Yield Prediction,,,,,,0cceb5988b28e2a2e346afb0c053b70a318c366a,0,S2
R04456,M,,2026,Isprs Journal of Photogrammetry and Remote Sensing,10.48550/arxiv.2603.12905,DirPA: Addressing Prior Shift in Imbalanced Few-shot Crop-type Classification,2603.12905,,,,W7136156490,0dd2fbd90eac1b90f77cdb703531ef3f68604c17,0,OpenAlex+S2
R04464,M,,2026,Remote Sensing,10.3390/rs18132149,A Stability-Driven Framework for Automated Operational Crop Mapping Using Optical and Radar Satellite Image Time Series,,https://www.mdpi.com/2072-4292/18/13/2149/pdf?version=1782995469,,,W7167018500,0e4fd984c12a8ccdfbeb57faeef69ff8dfb995dc,0,OpenAlex+S2
R04467,D,,2026,2026 IEEE International Conference on Signals and Systems (ICSigSys),10.1109/icsigsys71160.2026.11613921,Improving Generalization of Potato Leaf Disease Classification via Multi-Domain Training and Explainable EfficientNet,,,,,,0e6c153227a9642a68087f3d47f42223603be9d8,0,S2
R04471,M,,2025,Agronomy,10.3390/agronomy15061438,Silage Maize Identification Using a Temporal Difference-Based Model with Sentinel-2 Data: Insights from a Harvest-Based and Temporally Transferable Approach,,https://www.mdpi.com/2073-4395/15/6/1438/pdf?version=1749740666,,,W4411234407,0e93c33ec5781714876851e8461c4804c3c3e4bd,1,OpenAlex+S2
R04476,W,,2025,IEEE Workshop/Winter Conference on Applications of Computer Vision,10.1109/wacv61041.2025.00467,WeedsGalore: A Multispectral and Multitemporal UAV-Based Dataset for Crop and Weed Segmentation in Agricultural Maize Fields,2502.13103,,,,W4407760063,0f1a18fdb7e117206a8c20cd3c98dabe4d639d3c,29,OpenAlex+S2
R04494,M,,2018,IEEE International Geoscience and Remote Sensing Symposium,10.1109/igarss.2018.8519554,Fully Convolutional Neural Networks for Large Scale Cropland Mapping with Historical Label Dataset,,,,,,10e2a47b7f4a0b45e67752db0b908fd9dfb602dc,3,S2
R04498,Y,,2026,IEEE Access,10.1109/access.2026.3703440,"Multi-Temporal UAV Imagery Feature Fusion for Paddy Yield Prediction in Tropical Smallholder Farms: Integrating RGB Color, Texture, and NDVI Indicators Across Growth Stages",,https://doi.org/10.1109/access.2026.3703440,,,,11133e2fcff833f9d8082c8b24ca67ae23d8b627,0,S2
R04502,D,,2025,2025 5th International Conference on Evolutionary Computing and Mobile Sustainable Networks (ICECMSN),10.1109/icecmsn68058.2025.11382775,Deep Spatio-Temporal Learning for Early and Precise Crop Disease Detection using UAV and Satellite Fusion,,,,,,114c49758bb2694c40423bfac429f60f6a1130f6,0,S2
R04504,D,,2025,2025 4th International Conference on Digital Transformation and Applications (ICDXA),10.1109/icdxa69105.2025.11329797,Evaluating Lightweight CNNs for Plant Disease Detection under Domain Shift: An Explainable Artificial Intelligence Perspective,,,,,,1169f17dd32ea66b34c1463d8d1d3e962dfb140d,0,S2
R04510,O,,2024,"2024 7th International Conference on Mechatronics, Robotics and Automation (ICMRA)",10.1109/icmra62519.2024.10809352,PDAOD: An Unsupervised Domain Adaptation Method for Orchard Apple,,,,,,11d776e1e53b2bb1423296f010fb8e5cdaf03688,0,S2
R04531,D,R02674,2025,Journal of Information Systems Engineering & Management,10.52783/jisem.v10i54s.11055,Multiscale Fusion at What Cost? Quantifying Efficiency-Accuracy Trade-offs in Hybrid Models,,https://jisem-journal.com/index.php/journal/article/download/11055/5129,,,W4411156511,14388cc17069d6f1e37a4ae8a5754e460d06e352,2,OpenAlex+S2
R04534,O,,2026,arXiv.org,10.48550/arxiv.2603.28670,Sim-to-Real Fruit Detection Using Synthetic Data: Quantitative Evaluation and Embedded Deployment with Isaac Sim,2603.28670,,,,W7147722355,14611b8955881f3d41e0003d3b15d0a5eb43110f,1,OpenAlex+S2
R04536,D,,2019,COMAD/CODS,10.1145/3371158.3371196,PlantDoc: A Dataset for Visual Plant Disease Detection,1911.10317,https://arxiv.org/pdf/1911.10317,,,,149720bb953c385f950fae3c68ab5a11c0af952d,768,S2
R04539,M,,2026,Remote Sensing,10.3390/rs18172857,Cross-Domain Mixup for Parcel-Level Crop Mapping on a Multi-Year Sentinel-2 Dataset from Slovakia,,https://doi.org/10.3390/rs18172857,,,W7204099803,14d90bdb8e998a95b9fafe732ed549595ccad084,0,OpenAlex+S2
R04563,D,,2026,arXiv.org,10.48550/arxiv.2607.23680,Perturbation-Aware Diffusion-Guided Hybrid Segmentation for Robust and Annotation-Efficient Plant Stress Phenotyping,2607.23680,,,,W7171524023,16ad02df8793f264129369661952e16848814e27,0,OpenAlex+S2
R04596,P,,2026,arXiv.org,10.48550/arxiv.2606.25174,"An iterative energy-based multimodal transformer for joint retrieval of wheat soil moisture, leaf area index, and plant height from Sentinel-1 and Sentinel-2 time series",2606.25174,,,,W7165907008,19470ce1b4fdd6730fcfdd9988aff3a06121f976,0,OpenAlex+S2
R04656,D,,2026,Italian National Conference on Sensors,10.3390/s26123632,Lightweight Cross-Domain Few-Shot Plant Disease Recognition Through Target-Domain Statistical Calibration,,https://doi.org/10.3390/s26123632,,,,1f8cad9d766952c83ce56ef0b630dcedc6c2895a,1,S2
R04658,D,,2025,"2025 International Conference on Algorithms, Data Mining, and Information Technology (ADMIT)",10.1109/admit67050.2025.11336883,PLoRA: Low-Rank Attention Adaptation of Foundation Models for Improved Plant Disease Identification,,,,,,1fcdbe2551e1c4a1f329cef52889955cdfa45dcb,0,S2
R04662,Y,,2023,Industrial Conference on Data Mining,10.1109/icdm58522.2023.00031,"Using UAV-Based Multispectral Imagery, Data-Driven Models, and Spatial Cross-Validation for Corn Grain Yield Prediction",,,,,,328ab959c9f93bab3efb7ca8de447d2d317f7617,1,S2
R04681,M,,2023,ECRS 2023,10.48550/arxiv.2310.01825,Empirical Study of PEFT techniques for Winter Wheat Segmentation,2310.01825,https://arxiv.org/pdf/2310.01825,,,W4387355959,bbffd8ca101976ce698de4d7dd73940fcc08f2b0,0,OpenAlex+S2
R04683,W,,2026,,,On the Transferability of Agricultural Weed Detection Under Cross-Field Distribution Shift,2608.21254,,,,W7204089581,21a183ea16152dd73541bea6ac7324aba08e1a69,0,OpenAlex+S2
R04698,P,,2026,Remote Sensing,10.3390/rs18152502,Validation Design Governs Reported Accuracy in Small UAV Hyperspectral Datasets: An Interpretable Feature-Optimization Case Study of Maize Canopy Nitrogen Concentration,,https://doi.org/10.3390/rs18152502,,,W7172324728,23152eaed0a216c4d71be3cc96d540b4ecbceaac,0,OpenAlex+S2
R04706,P,,2025,Computers and Electronics in Agriculture,10.48550/arxiv.2507.17869,Integrating Feature Selection and Machine Learning for Nitrogen Assessment in Grapevine Leaves using In-Field Hyperspectral Imaging,2507.17869,,,,,23fe494e974ce43d67703c101334dfcc0f0c5d4d,1,S2
R04716,D,,2025,2025 Fourth International Conference on Smart Technologies and Systems for Next Generation Computing (ICSTSN),10.1109/icstsn67075.2025.11397875,Domain-Adversarial Neural Networks Based Cross-Domain Paddy Disease Classification: A Deep Learning Approach with Entropy Minimization,,,,,,24c783ec07a3d6f68b2c0e853368b3f815548dda,0,S2
R04727,M,,2024,Conference on Information Technology for Social Good,10.1145/3677525.3678696,Cross-Regional Transferability of AI Crop-Type Mapping: Insights and Challenges,,https://doi.org/10.1145/3677525.3678696,,,,254ecfeb8ead81dc3c3cdccc615e9a63575e8338,3,S2
R04734,O,,2023,2023 IEEE International Workshop on Metrology for Agriculture and Forestry (MetroAgriFor),10.1109/metroagrifor58484.2023.10424071,On the automatic detection and monitoring of Leaves and Grapes using in-field optical cameras,,https://doi.org/10.5281/zenodo.10130426,,,,268de7904c8001fc26936eb3e54f17eda0fc3bbc,1,S2
R04738,W,,2024,2024 7th International Conference of Computer and Informatics Engineering (IC2IE),10.1109/ic2ie63342.2024.10747994,Enhancing Domain Generalization in Crop and Weed Segmentation via Entropy Minimization,,,,,,26f2ee86e235a3931a0beb3c7eb4a0fbeeea4b24,0,S2
R04791,D,,2026,Smart Agricultural Technology,10.1016/j.atech.2026.102273,SOFS-Rice: Self-Organized Field-Session Discovery and Risk-Aware Domain Generalization for Robust Rice Disease Diagnosis across Benchmark and North-Indian Fields,,https://doi.org/10.1016/j.atech.2026.102273,,,W7163755712,2cd124e6821cace2209793b5397039cfd679c9b2,0,OpenAlex+S2
R04793,W,,2023,2024 IEEE/CVF Conference on Computer Vision and Pattern Recognition Workshops (CVPRW),10.1109/cvprw63382.2024.00554,Domain Generalization for Crop Segmentation with Standardized Ensemble Knowledge Distillation,2304.01029,http://arxiv.org/pdf/2304.01029,,,,2d28a798a2754626e75f1ca421bebae9059bcc39,14,S2
R04804,Y,,2023,AAAI Conference on Artificial Intelligence,10.1609/aaai.v37i12.26664,Physics Guided Neural Networks for Time-Aware Fairness: An Application in Crop Yield Prediction,,https://ojs.aaai.org/index.php/AAAI/article/download/26664/26436,,,,2e698a17e4f40caa6558adb8d55c06f738acab95,22,S2
R04822,M,R01784,2025,arXiv.org,10.48550/arxiv.2507.12590,"Best Practices for Large-Scale, Pixel-Wise Crop Mapping and Transfer Learning Workflows",,,,,,2ffe996a43312d961c1d4beeafc40244a5a3b704,0,S2
R04851,D,,2024,ACM Multimedia,10.1145/3664647.3680599,Benchmarking In-the-Wild Multimodal Disease Recognition and A Versatile Baseline,2408.03120,,,,W4403445300,329d4a4526527100fb663ddc3899d74909f17b47,46,OpenAlex+S2
R04864,D,,2026,2026 IEEE/CVF Winter Conference on Applications of Computer Vision Workshops (WACVW),10.1109/wacvw68408.2026.00094,Foundation Models for Phenotyping Segmentation of Wheat Stripe Rust Resistance from UAV Hyperspectral Images,,,,,,3428ba711315852acea8ffc785c397d5a9e5adc4,2,S2
R04887,Y,,2026,Agriculture,10.3390/agriculture16070782,Beyond Vegetation Indices: Winter Solar Radiation and Soil Properties Drive Wheat Yield Prediction in the Arid Steppes of Kazakhstan Using Gradient Boosting,,https://www.mdpi.com/2077-0472/16/7/782/pdf?version=1775046504,,,W7148535560,36978dcf249ed591f4e39ce4f984ec4a8f6960f8,2,OpenAlex+S2
R04910,D,,2025,Plant Phenomics,10.1016/j.plaphe.2025.100024,PlantCaFo: An efficient few-shot plant disease recognition method based on foundation models,,https://doi.org/10.1016/j.plaphe.2025.100024,,,W4408058967,386dd6539523c516a48ac35925503d111a1504ba,31,OpenAlex+S2
R04933,Y,,2026,International journal of computer information systems and industrial management applications,10.70917/ijcisim-2026-5277,Kashmir-MungFormer: An Explainable Multimodal Transformer Framework for Green Gram Moisture-Stress and Yield Prediction under Temperate Conditions,,https://cspub-ijcisim.org/index.php/ijcisim/article/download/5277/4359,,,W7204837841,3a4b99a298ad8e3c63b00255c49497a6e225c98a,0,OpenAlex+S2
R04965,D,,2025,Plant Methods,10.1186/s13007-025-01371-y,Pest detection in dynamic environments: an adaptive continual test-time domain adaptation strategy,,https://plantmethods.biomedcentral.com/counter/pdf/10.1186/s13007-025-01371-y,,,W4409726390,3d96b17c5640a4e6dd378b732a7ce4d15ed79571,7,OpenAlex+S2
R04979,D,,2026,International Conference on Independent Component Analysis and Signal Separation,10.1109/icass69550.2026.11547747,HADF: A Hybrid Adaptive Deep Framework for Robust and Mobile-Efficient Plant Disease Detection,,,,,,3e7ed51fa4a877b438d73e80f0fba50554ac21c9,0,S2
R04984,W,,2026,IEEE Transactions on AgriFood Electronics,10.1109/tafe.2025.3650340,CCUDA-SS: Cross-Crop Unsupervised Domain Adaptation for Semantic Segmentation,,,,,W7127632629,3f0ed75efb8d408d4055503251285c6f80354593,0,OpenAlex+S2
R04986,M,,2025,IEEE Journal of Selected Topics in Applied Earth Observations and Remote Sensing,10.1109/jstars.2024.3497653,In-Season Mapping of Sugarcane Planting Based on Sentinel-2 Imagery,,https://doi.org/10.1109/jstars.2024.3497653,,,W4404316871,3f31335b7a39c9a43b145f356211c0822fac3089,9,OpenAlex+S2
R04991,D,,2026,,,Agri-R1: Agricultural Reasoning for Disease Diagnosis via Automated-Synthesis and Reinforcement Learning,2601.04672,,,,W7119844589,3f9039fdfad34de95ad97791787f3b61c1b279b1,0,OpenAlex+S2
R05023,Y,,2025,IEEE International Conference on Electro/Information Technology,10.1109/eit64391.2025.11103692,Exploring Feature Selection and Cross-Validation for Improved Crop Yield Prediction,,,,,,422bc7a02dedb0a42136f31a72ad5b8c2d801510,0,S2
R05027,M,,2024,IEEE International Geoscience and Remote Sensing Symposium,10.1109/igarss53475.2024.10640948,Multiyear Land use Classification with Sentinel-2 Time Series and Convolutional Neural Networks,,,,,,42545039bd03d35f12fec00af5b1e87dea17b6eb,0,S2
R05032,O,,2020,ECCV Workshops,10.1007/978-3-030-65414-6_23,Unsupervised Domain Adaptation For Plant Organ Counting,2009.01081,https://arxiv.org/pdf/2009.01081,,,,42fffe59b9b8c5c318f700dc41589bc41fdb605f,29,S2
R05055,M,,2023,IEEE International Geoscience and Remote Sensing Symposium,10.1109/igarss52108.2023.10283125,Towards Explainable AI4EO: An Explainable Deep Learning Approach for Crop Type Mapping using Satellite Images Time Series,,https://hal.science/hal-04316474v1/file/IGARSS_2023_XAI.pdf,,,,44d4ab9a62f830a07eb5aa7377fd7790065449e5,6,S2
R05081,D,,2026,The Plant Phenome Journal,10.1002/ppj2.70097,"Time course sensor‐based phenotyping can predict Ascochyta blight disease severity in
 Cicer
 species",,https://onlinelibrary.wiley.com/doi/pdfdirect/10.1002/ppj2.70097,,,W7204196124,47b65bc4ac08625ced1b0852ebdcc3ba6137b294,0,OpenAlex+S2
R05083,M,,2022,2022 IEEE Region 10 Symposium (TENSYMP),10.1109/tensymp54529.2022.9864468,Deep learning method for agriculture monitoring under adaptive environment using UAV-based aerial images,,,,,,47bf2a2ce345eb3181794524a4280e653eb85155,0,S2
R05095,M,,2025,2025 International Conference on Machine Intelligence for GeoAnalytics and Remote Sensing (MIGARS),10.1109/migars67156.2025.11232009,Time Series Mixup for Crop Segmentation in Domain Adaptation,,,,,,4853508dd0db016ffcff0e119f27e122ccba2e60,0,S2
R05099,D,,2024,"Journal of Physics, Conference Series",10.1088/1742-6596/2711/1/012020,Leaf disease detection using deep Convolutional Neural Networks,,https://doi.org/10.1088/1742-6596/2711/1/012020,,,,48b9257e47fd0f1097483e8446c01dd27a8e7c91,6,S2
R05129,M,,2026,International Conference on Agro-Geoinformatics,10.1109/agro-geoinformatics70621.2026.11667495,DeepCotton Mapper: An Online Cotton Mapping Framework on Google Earth Engine Using Multi-Index Pseudo-Labels and Lightweight Deep Learning,,,,,,4afc405eb5c1dc598b07808a60bd79132cdfa3a8,0,S2
R05137,O,,2026,Agronomy,10.3390/agronomy16121156,GG-YOLO: A Lightweight Dual-Path Attention Detector with Dynamic Sampling for Dense Wheat Spike Detection,,https://doi.org/10.3390/agronomy16121156,,,W7164762369,4b86f30777c6a856aafa4525fed8eb2fef77708b,0,OpenAlex+S2
R05155,M,,2026,Computers and Electronics in Agriculture,10.1016/j.compag.2026.111450,MCDA: a novel domain adaptation with multiple classifiers for crop mapping,,,,,W7127042448,4cb6bea56a3c348891d1c966c6687b3f3e51c102,1,OpenAlex+S2
R05162,W,,2025,"2025 Toronto, Ontario, Canada July 13-16, 2025",10.13031/aim.202500763,An End-to-End Deep Learning Framework for Multi-Scale Cross-Domain Weed Segmentation,,,,,,4d692afdfe516022e0b979610a0f0cc908b0acaf,5,S2
R05177,W,,2026,Information Processing in Agriculture,10.1016/j.inpa.2026.08.007,Reproducible reliability benchmarking for crop–weed visual perception under dataset shift,,https://www.sciencedirect.com/science/article/pii/S2214317326001277/pdf,,,W7208718762,4ebad381bf784b4b73375340662a6e7d14e005a7,0,OpenAlex+S2
R05195,M,,2025,PROCEEDINGS of 20th International Symposium on Applied Informatics and Related Areas,10.12700/ais.2025.008,First Experiences with the AlphaEarth Foundations Model: A Cosine Distance-Based Evaluation,,https://oda.uni-obuda.hu/bitstream/20.500.14044/36353/1/008.pdf,,,,4ff6d7e88dc37f73cfed944a2de34199b2c1e4b1,0,S2
R05222,O,,2026,arXiv.org,10.48550/arxiv.2605.03784,ReLeaf: Benchmarking Leaf Segmentation across Domains and Species,2605.03784,,,,W7160376483,5327bccd2698cf347bdb8ffd31a32d62d836cb17,0,OpenAlex+S2
R05235,D,,2026,"International Conference on Electronics, Computer and Computation",10.1109/icecco67619.2026.11488762,Multi-Task Learning with CORAL-Based Feature Alignment for Cross-Domain Plant Disease Detection,,,,,,556454d522701aae73c48686b759560853a88557,0,S2
R05244,P,,2023,International Journal of Remote Sensing,10.1080/01431161.2023.2204199,Scale transfer learning of hyperspectral prediction model of heavy metal content in maize: From laboratory to satellite,,,,,W4367681641,567c5dde938feabbd6999fc24ac2530c1d506d8c,7,OpenAlex+S2
R05251,D,,2026,International Conference on Pattern Recognition Applications and Methods,10.5220/0014485200004067,Evaluating Generalizability of Convolutional Deep Learning Models for Plant Disease Classification,,,,,,5770410be1919334bd0a9cee41f9edcba633faf9,0,S2
R05257,D,,2025,ACM Multimedia,10.1145/3746027.3758192,Deep-Plant-Disease Dataset Is All You Need for Plant Disease Identification,,https://doi.org/10.1145/3746027.3758192,,,,57e83333163f0e035afba42b638cff6525a4bada,3,S2
R05261,D,,2025,2025 5th International Symposium on Computer Technology and Information Science (ISCTIS),10.1109/isctis65944.2025.11065512,Research on Precision Identification of Plant Diseases and Pests Based on Multimodal Deep Learning,,,,,,58bd0d3cd93f439a7ff211353a8481bc9ccea58c,2,S2
R05267,Y,,2025,IEEE International Geoscience and Remote Sensing Symposium,10.1109/igarss55030.2025.11243959,Yieldfusion: Enhancing Yield Prediction with Transfer Learning,,,,,,5952069113751f7416fb77501871124ce149b413,0,S2
R05311,O,,2026,IEEE Journal of Selected Topics in Applied Earth Observations and Remote Sensing,10.1109/jstars.2026.3671096,Dual-Level Domain Alignment and Boundary-Aware Optimization for Semisupervised Tree Crown Instance Segmentation in UAV Imagery,,https://doi.org/10.1109/jstars.2026.3671096,,,W7134124698,5e29bdb6ac6c29acf1986ba845c02c5160e2b244,2,OpenAlex+S2
R05329,D,,2026,International Conference on Image Processing and Deep Learning,10.1117/12.3115702,Enhancing field-based tea disease detection via generative diffusion priors with semantic consistency and task-specific YOLOv26 adaptation,,,,,,60c30ad8dd079c270c64931a13376c2564efbb9e,0,S2
R05332,M,,2018,Iberoamerican Congress on Pattern Recognition,10.1007/978-3-030-13469-3_9,A Comparative Study on Unsupervised Domain Adaptation for Coffee Crop Mapping,,,,,,610fbec3ed9c761621c69d1c2f1481fd4cb9d0a8,1,S2
R05341,O,,2022,"International Conference on Image, Vision and Computing",10.1109/icivc55077.2022.9886334,Cross-Domain Leaf Counting with Minimizing Feature Distances,,,,,,6198daf732a5ee4550279fee4b4ec62f079ebf20,0,S2
R05344,M,,2022,Remote Sensing,10.3390/rs14194915,Multibranch Unsupervised Domain Adaptation Network for Cross Multidomain Orchard Area Segmentation,,https://www.mdpi.com/2072-4292/14/19/4915/pdf?version=1665485930,,,W4303980694,61b8f930ac3a5f03765fff8c7ddf6bbd8730519e,2,OpenAlex+S2
R05384,W,,2025,,,Mitigating Domain Drift in Multi Species Segmentation with DINOv2: A Cross-Domain Evaluation in Herbicide Research Trials,2508.07514,,,,,658cd55c00c98995189d8bee86035d15a4449a36,4,S2
R05388,O,,2026,"2026 9th International Conference on Advanced Electronic Technology, Computers and Software Engineering (AETCSE)",10.1109/aetcse69203.2026.11504334,Research on a Lightweight Wheat Ear Detection Algorithm Based on GCB-YOLOv5nu,,,,,,65ef4615b3f061746e30ba01064f9df6719ee541,0,S2
R05403,D,,2024,Frontiers in Plant Science,10.3389/fpls.2024.1471085,A multi-source domain feature adaptation network for potato disease recognition in field environment,,https://doi.org/10.3389/fpls.2024.1471085,,,W4403305784,67b495b654cbeb41d8c7aa385cfd127f18c6b370,4,OpenAlex+S2
R05430,D,,2024,2024 2nd International Conference on Artificial Intelligence and Machine Learning Applications Theme: Healthcare and Internet of Things (AIMLA),10.1109/aimla59606.2024.10531439,Cross-Dataset Generalization in -Based Plant Disease Recognition,,,,,,6a091f1e1e80d937db481984ff91c96b31fd1be4,1,S2
R05438,D,,2026,IEEE Access,10.1109/access.2026.3651737,Multimodal Graph-Based Domain Adaptation With Color and Texture Prompts for Plant Image Segmentation,,https://doi.org/10.1109/access.2026.3651737,,,W7123341528,6a45ae14e8168ca37ac7ea4161786a8c8f2abd19,0,OpenAlex+S2
R05439,D,,2024,British Machine Vision Conference,10.48550/arxiv.2409.00903,MV-Match: Multi-View Matching for Domain-Adaptive Identification of Plant Nutrient Deficiencies,2409.00903,,,,W4402954219,6a550ba7d3084cc7bd74d7aeeb8520bbaa415613,1,OpenAlex+S2
R05449,D,,2025,Frontiers in Plant Science,10.3389/fpls.2025.1706973,VitiForge: a new procedural pipeline approach for grapevine disease identification under data scarcity,,https://doi.org/10.3389/fpls.2025.1706973,,,W4416234202,6b46188b2c4a2f8f1849c2fa7abc1d332493d02f,0,OpenAlex+S2
R05455,D,,2025,Frontiers in Plant Science,10.3389/fpls.2025.1644271,Cross-scale detection and cross-crop generalization verification of tomato diseases in complex agricultural environments,,https://doi.org/10.3389/fpls.2025.1644271,,,W4415587887,6bfe055e540076e43725c0ae7f09afea76d6387d,2,OpenAlex+S2
R05478,M,,2026,IEEE Access,10.1109/access.2026.3723880,SBCL-Net: Discrepancy-Guided Semantic–Boundary Interaction for Robust Agricultural Parcel Delineation From Remote Sensing Imagery,,https://doi.org/10.1109/access.2026.3723880,,,W7203471708,6e221c44e0e60f3963829bc03bcec3ea7abb8e1b,0,OpenAlex+S2
R05496,W,,2026,J. Robotics Mechatronics,10.20965/jrm.2026.p0658,Ridge-Structure-Based Crop Classification for Small UGV and Derived Detection Framework,,https://doi.org/10.20965/jrm.2026.p0658,,,W7154916575,6f7768682278f8e1e5ffc7ce2d81cc39da35193b,0,OpenAlex+S2
R05501,M,,2020,Frontiers in Sustainable Food Systems,10.3389/fsufs.2020.00099,Extending Crop Type Reference Data Using a Phenology-Based Approach,,https://www.frontiersin.org/articles/10.3389/fsufs.2020.00099/pdf,,,W3088934014,7050f4f1db8b66f96ad1671a334c6b13163c8ed7,0,OpenAlex+S2
R05512,O,,2026,"2026 IEEE 2nd International Conference on Quantum Photonics, Artificial Intelligence & Networking (QPAIN)",10.1109/qpain69676.2026.11546289,Self-Supervised Learning for Label-Efficient Wheat Head Detection under Dense and Occluded Field Conditions,,,,,,71a707824f8238eebcd6e38edd58249a27a7d26d,0,S2
R05517,D,,2026,Computational nanotechnology,10.33693/2313-223x-2026-13-2-95-106,Domain adaptation in the space of ontology-grounded concepts for cross-domain classification of biological-object images,,,,,W7204221951,71e6b79c46a5ceaf168a7dea45e2178ad1648ce4,0,OpenAlex+S2
R05521,O,,2021,International Conference on Digital Image Computing: Techniques and Applications,10.1109/dicta52665.2021.9647293,Domain Adaptation for Plant Organ Detection with Style Transfer,,,,,,72316987bcfdf515a186725918e7414b280f1868,4,S2
R05522,D,,2026,Artificial Intelligence and Emerging Technologies,10.53941/aiet.2026.100009,MOIR-Net: A Lightweight Crop Disease and Pest Recognition Network Based onMulti-Scale Reparameterization and Energy Attention,,https://doi.org/10.53941/aiet.2026.100009,,,W7204823056,72373217c698f7d47d4c182dfb1509a7a9b7ee92,0,OpenAlex+S2
R05536,D,,2025,IEEE International Geoscience and Remote Sensing Symposium,10.1109/igarss55030.2025.11242356,Improved Crop Disease Detection Across Years Via Adversarial Domain Adaptation Applied to Hyperspectral and Thermal Imagery,,,,,,737111bb6e8ba8c62d24c914c9a8b1bce692db1d,0,S2
R05550,D,,2026,"2026 11th International Symposium on Advances in Electrical, Electronics and Computer Engineering (ISAEECE)",10.1109/isaeece70502.2026.11635317,AFCANet for Cross-Domain Plant Disease Recognition with DCT-Guided Adaptive Frequency-Channel Activation,,,,,,74cabcbd6f8db1b6dfd3ce5290b2d1c55f6ec4c8,0,S2
R05553,W,,2025,arXiv.org,10.48550/arxiv.2511.04288,Vision Foundation Models in Agriculture: Toward Domain-Specific Adaptation for Weed Herbicide Trials Assessment,2511.04288,,,,W4416098894,7518454db87df8be72ca45c89b7e0e0604ec554c,3,OpenAlex+S2
R05570,M,,2025,IEEE International Geoscience and Remote Sensing Symposium,10.1109/igarss55030.2025.11242457,Towards Cross-Year Knowledge Transfer for Crop Classification: A Perspective from LLM-Assisted Active Learning,,,,,,772582dceaef9539eb622a23407983326bb96210,0,S2
R05585,M,,2024,Geo-Spatial Information Science,10.1080/10095020.2024.2416897,Improving cross-regional model transfer performance in crop classification by crop time series correction,,https://doi.org/10.1080/10095020.2024.2416897,,,W4404141111,783c7ba24a9f7b401f13a6b61dd92c5d77dbc131,10,OpenAlex+S2
R05606,P,,2026,IEEE Transactions on Geoscience and Remote Sensing,10.1109/tgrs.2026.3661077,Estimating Potato Nitrogen Content Using Active Transfer Learning Based on UAV Hyperspectral Imagery,,,,,,796a9188445ecbbd25ea1b65fa3cbfecacdf01fb,1,S2
R05641,M,,2018,arXiv.org,,A Comparative Study on Unsupervised Domain Adaptation Approaches for Coffee Crop Mapping,1806.02400,,,,W2805898032,7cc73a22f6ceb148913d21c5b8ac83917bf91501,0,OpenAlex+S2
R05650,D,,2026,Agriculture,10.3390/agriculture16090918,Real-Field-Ready and Digitally Sustainable Plant Disease Recognition via Federated Multimodal Edge Learning and Few-Shot Domain Adaptation,,https://www.mdpi.com/2077-0472/16/9/918/pdf?version=1776862065,,,W7155154942,7ea20fd25cac0c12c40e478a527e27ad75d790bc,4,OpenAlex+S2
R05652,M,,2026,arXiv.org,10.48550/arxiv.2606.29664,Benchmarking Geospatial Foundation Models for Agriculture Applications,2606.29664,,,,W7166696675,7ec787b83a4138d6eb141b9c43e03d8181b84ca2,3,OpenAlex+S2
R05654,P,,2025,Plant Phenomics,10.1016/j.plaphe.2025.100004,Dynamic maize true leaf area index retrieval with KGCNN and TL and integrated 3D radiative transfer modeling for crop phenotyping,,https://doi.org/10.1016/j.plaphe.2025.100004,,,,7f283bfa6cb3050ee9fc08a09353216ee12211a6,12,S2
R05669,O,,2024,arXiv.org,10.48550/arxiv.2403.18334,DODA: Diffusion for Object-detection Domain Adaptation in Agriculture,,,,,W4393300167,80c1cb7c378a13918bab955659937a7afc67e901,2,OpenAlex+S2
R05675,D,,2025,2025 IEEE International Conference on Advances in Data-Driven Analytics And Intelligent Systems (ADACIS),10.1109/adacis65663.2025.11436706,Manifestation-Aware Contrastive Learning for Cross-Domain Tomato Disease Classification with Limited Data,,,,,,8171ea682c6f07aaab32aa00924e304c115df4e2,0,S2
R05680,M,,2025,Neural Information Processing Systems,10.48550/arxiv.2507.14697,GTPBD: A Fine-Grained Global Terraced Parcel and Boundary Dataset,2507.14697,,,,,81d18b4bb10523e75cee8fb99da93e7d7934a7f2,9,S2
R05681,M,,2024,Remote Sensing,10.3390/rs16081464,Integrating Optical and SAR Time Series Images for Unsupervised Domain Adaptive Crop Mapping,,https://www.mdpi.com/2072-4292/16/8/1464/pdf?version=1713611554,,,W4395009820,81dbf80a8a3b84cb15e4b3d6b4e211fd2f3ff0a6,17,OpenAlex+S2
R05715,M,,2019,IEEE International Geoscience and Remote Sensing Symposium,10.1109/igarss.2019.8897867,Cropland Mapping in Fragmented Agricultural Landscape Using Modified Pyramid Scene Parsing Network,,,,,,85e6a2af6680a9678a0d284a04d786345bd3ab71,0,S2
R05717,M,,2024,IEEE International Geoscience and Remote Sensing Symposium,10.1109/igarss53475.2024.10641082,MVDC: A Multi-View Domain Confusion Strategy for Cross Domain Change Detection,,,,,,862e67739d748539916d4aa10da788be62f5fc3a,1,S2
R05718,Y,,2026,International Conference on Information Security and Cryptology,10.1109/icisc69558.2026.11681360,Multi-Scale Temporal Feature Decoupling for Climate-Robust Agricultural Machine Learning Models,,,,,,8641c1be5da8ecf751d782335af2c30042ce17da,0,S2
R05720,M,,2020,Remote Sensing,10.3390/rs13010103,Rice-Field Mapping with Sentinel-1A SAR Time-Series Data,,https://www.mdpi.com/2072-4292/13/1/103/pdf?version=1609928231,,,W3114763141,867c5244d63970e817dd8384e7abd96ea85fc693,45,OpenAlex+S2
R05727,M,,2019,IEEE/OES Working Conference on Current Measurement Technology,10.1109/cmt.2019.8931403,Land cover intelligent mapping using transfer learning and semantic segmentation,,,,,,871e6d3ddda55739458c3b168aab94ee4ec427f5,6,S2
R05740,O,,2020,,,Quasi-Unsupervised Fruit Counting Using Domain Adaptation and Spatial Consistency,,,,,,888df59d9d89c1c6bc9195259eec30144729214c,0,S2
R05741,O,,2026,"2026 International Conference on Power, Electronics, Communications, Computing, and Intelligent Infrastructure (PECCII)",10.1109/peccii70991.2026.11661839,Temporal Robustness of Thermal-Based Capsicum Detection in Greenhouse Using Random and Time-Aware Data Partitioning,,,,,,8894d7085f442a48cab9a9b3f3a89ec7904795ed,0,S2
R05746,D,,2024,Agriculture,10.3390/agriculture14030476,Estimation of Peanut Southern Blight Severity in Hyperspectral Data Using the Synthetic Minority Oversampling Technique and Fractional-Order Differentiation,,https://www.mdpi.com/2077-0472/14/3/476/pdf?version=1710516667,,,,88e20200ebe15b9d699c52c5b4fe95e2ebc8df2d,5,S2
R05755,D,,2025,Jurnal RESTI (Rekayasa Sistem dan Teknologi Informasi),10.29207/resti.v9i5.6857,Addressing Class Imbalance in Oil Palm Disease and Micronutrient Deficiency Detection Using Meta-Learned Transfer Metric Learning,,https://jurnal.iaii.or.id/index.php/RESTI/article/download/6857/1168,,,W4416525688,89addb1da833e1d7fa69eb1112ae4d253f4a6ae4,0,OpenAlex+S2
R05772,M,,2026,Data in Brief,10.1016/j.dib.2026.113168,A multi agro-climatic reference dataset for irrigated and non-irrigated fields: France and Kazakhstan,,https://doi.org/10.1016/j.dib.2026.113168,,,,8bc172618931ba1c8653f278cf2cc6262b196988,0,S2
R05785,D,,2026,2026 IEEE International Conference on Interdisciplinary Approaches in Technology and Management for Social Innovation (IATMSI),10.1109/iatmsi68868.2026.11465993,FSVT-SL: Few-Shot Vision Transformer with Synthetic Lesion Augmentation for Robust Plant Disease Diagnosis Under Field Conditions,,,,,,8cc7477b9ef93d4491b3f279cdc4051d71191400,0,S2
R05809,O,,2024,AgriEngineering,10.3390/agriengineering6020106,"Interoperability Analysis of Tomato Fruit Detection Models for Images Taken at Different Facilities, Cultivation Methods, and Times of the Day",,https://doi.org/10.3390/agriengineering6020106,,,W4399882822,8e450d2a018be3265d926a88fea1d3a38f09eb86,12,OpenAlex+S2
R05815,M,,2025,Remote Sensing,10.3390/rs17223762,A Class-Aware Unsupervised Domain Adaptation Framework for Cross-Continental Crop Classification with Sentinel-2 Time Series,,https://doi.org/10.3390/rs17223762,,,W4416359292,8ec18fecdc610da4d693875f5c6fa29ad294c939,5,OpenAlex+S2
R05825,W,,2026,2026 9th International Conference on Computer Information Science and Application Technology (CISAT),10.1109/cisat71030.2026.11682169,GS-YOLO: Lightweight Weed Detection via a Shared Convolutional Detection Head,,,,,,8fa1a0768a587f87d686a5d8de951728f6ae9010,0,S2
R05843,D,,2026,IEEE Internet of Things Journal,10.1109/jiot.2026.3719665,An Efficient and Robust Few-Shot Information Fusion for Paddy Disease Detection,,,,,,9116c2f8af1ee4fd375e93458018fe1e4a304998,0,S2
R05844,D,,2017,Computers and Electronics in Agriculture,10.1016/j.compag.2017.04.013,"Automatic plant disease diagnosis using mobile capture devices, applied on a wheat use case",,https://hdl.handle.net/11556/397,,,,91381bedaa6d880a393122be0064096e5d5e432d,366,S2
R05853,D,,2026,2026 IEEE 6th International Conference on Smart Information Systems and Technologies (SIST),10.1109/sist61674.2026.11596121,Domain Adaptation Techniques for Plant Disease Classification: Bridging the Gap between Laboratory and Field Conditions,,,,,,91fffca930f4091e500e3ebcb1629c5b46fd9acb,0,S2
R05888,D,,2026,Smart Agricultural Technology,10.1016/j.atech.2026.102107,A UAV Wheat Fusarium Head Blight Detection Method Integrating EMD Histogram Matching and Adversarial Domain Adaptation,,https://doi.org/10.1016/j.atech.2026.102107,,,W7154374111,94baa5cc274f3490036d451b8e09a3a6c410a745,0,OpenAlex+S2
R05906,O,,2019,2019 IEEE/CVF Conference on Computer Vision and Pattern Recognition Workshops (CVPRW),10.1109/cvprw.2019.00315,Leaf Counting Without Annotations Using Adversarial Unsupervised Domain Adaptation,,https://napier-surface.worktribe.com/2161006/1/Giuffrida%20Leaf%20Counting%20Without%20Annotations%20Using%20Adversarial%20Unsupervised%20Domain%20Adaptation,,,,96fd1e38f3469ad067501de20a59f930e2b08d52,40,S2
R05910,W,,2024,2024 IEEE/CVF Conference on Computer Vision and Pattern Recognition Workshops (CVPRW),10.1109/cvprw63382.2024.00255,Unsupervised Domain Adaptation for Weed Segmentation Using Greedy Pseudo-labelling,,,,,,97e411ecd3c5e465050fdcf66613f2e0febea654,6,S2
R05922,W,,2026,Defense + Security,10.1117/12.3094909,Bridging the camera gap: evaluating AI-based cross-sensor domain shift in weed detection on the amiga robotic platform,,,,,,98d93d2b63a72558d6ab86367de8e669deaadcf6,0,S2
R05928,D,,2025,2025 5th International Conference on Mobile Networks and Wireless Communications (ICMNWC),10.1109/icmnwc66779.2025.11354355,AttentionFusionNet: Residual Attention CNN for Multi-Disease Leaf Recognition Across Diverse Environments,,,,,,99128a7f3f1e8937406dfe107dcebf85263ee306,0,S2
R05939,O,,2026,Agronomy,10.3390/agronomy16141370,Improving Out-of-Distribution Robustness for Wheat Head Detection: A Lightweight Modified YOLOv13 Approach,,https://www.mdpi.com/2073-4395/16/14/1370/pdf?version=1784525556,,,W7169764066,9a0ebcd7caf2196dd37cdc45c51da78d31525512,0,OpenAlex+S2
R05944,M,,2024,arXiv.org,10.48550/arxiv.2401.07398,Cross Domain Early Crop Mapping using CropGAN and CNN Classifier,,,,,,9aaa22bc022e8d5991060937869f16dbed987c46,0,S2
R05957,D,,2025,2025 7th International Conference on Applied Computational Intelligence in Information Systems (ACIIS),10.1109/aciis66255.2025.11402958,Class-Specific Cross Attention for Fine Grained Paddy Disease Classification,,,,,,9bbcf5dcdd55ccbe0a113315d93bd747355cd0e2,0,S2
R05971,D,,2025,"IEEE International Conference on Systems, Man and Cybernetics",10.1109/smc58881.2025.11343588,CLIP-Guided Fusion of Image and Leaf Dictionary Features for Plant Disease Classification,,,,,,9ceb36fb41a5fc9613962d2d59035ceea54af614,0,S2
R05982,D,,2022,International Symposium on Image and Signal Processing and Analysis,10.1109/ispa54004.2022.9786306,Transfer Learning for Plant Disease Detection on Complex Images,,,,,,9e71cf437c92955c0e33a2e3d8e5016bcc40d386,5,S2
R05998,O,R05669,2024,IEEE Workshop/Winter Conference on Applications of Computer Vision,10.1109/wacv61042.2026.00466,DODA: Adapting Object Detectors to Dynamic Agricultural Environments in Real-Time with Diffusion,2403.18334,,,,,9f99ea395c61486cf5fcc6c3132f6f0bdc5aead6,7,S2
R06008,D,,2026,International Conference on Computer Aided Design,10.1109/iccad69956.2026.11642968,Robust Hybrid Deep Learning Framework for Multi-Source Rice Leaf Disease Detection,,,,,,a03b82e5bf6e13233eca87af8398e8fd4c1b2add,0,S2
R06012,D,,2026,2026 International Conference on Next Generation Electronics (NELEX),10.1109/nelex69209.2026.11590231,Lightweight Cross-Domain Soybean Disease Detection Using MobileNetV3 and Contrastive Feature Alignment on UAV and Leaf Imagery,,,,,,a07ba3a969248c9d26ff9d0ab999bd82c9417a8b,0,S2
R06017,W,,2017,IEEE International Conference on Robotics and Automation,10.1109/icra.2018.8460962,Real-Time Semantic Segmentation of Crop and Weed for Precision Agriculture Robots Leveraging Background Knowledge in CNNs,1709.06764,https://arxiv.org/pdf/1709.06764,,,,a0cfaada6f2291bb83df4e202c4d81ff1695e89b,446,S2
R06033,O,,2026,arXiv.org,10.48550/arxiv.2607.28796,Can Synthetic Data Overcome the Generalization Limits of AI-Based Flower and Pod Detection Across Cowpea Breeding Genotypes and Environments?,2607.28796,,,,W7172254727,a2c7ff74a32c00fdd54b410b71d86bc8afee6d5f,0,OpenAlex+S2
R06045,O,R05740,2020,IEEE Robotics and Automation Letters,10.1109/lra.2020.2966398,Combining Domain Adaptation and Spatial Consistency for Unseen Fruits Counting: A Quasi-Unsupervised Approach,,http://hdl.handle.net/11380/1200006,,,W2999363320,a39e31bf52a15ac2dd588341fe6c565b3a61d9c0,35,OpenAlex+S2
R06052,W,,2024,Scandinavian Conference on Image Analysis,10.48550/arxiv.2410.23906,From Web Data to Real Fields: Low-Cost Unsupervised Domain Adaptation for Agricultural Robots,2410.23906,,,,W4404347833,a3f57e766255e3d154839287a4986bf1de567c04,3,OpenAlex+S2
R06053,D,,2026,Plant Phenomics,10.1016/j.plaphe.2026.100233,A knowledge-driven unified framework for plant disease classification and severity grading via domain adaptation,,https://doi.org/10.1016/j.plaphe.2026.100233,,,W7163759858,a3f66d4eea0085f3dc13a1c76d21f415703139be,2,OpenAlex+S2
R06057,O,,2026,Pattern Recognition,10.1016/j.patcog.2026.113086,TG-fusion: A target-guided fusion framework for domain-adaptive counting,,https://doi.org/10.1016/j.patcog.2026.113086,,,W7124445516,a43986ab810ecd758a778911fa5ae2d667ec792f,1,OpenAlex+S2
R06060,P,,2026,2026 9th International Conference on Advanced Algorithms and Control Engineering (ICAACE),10.1109/icaace69793.2026.11508629,Res-GHA-Net: A Physiology-Aware Adaptive Transfer Framework with Residual Gated Attention for Cross-Greenhouse Tomato Growth Prediction,,,,,,a4967d40eb94184d5a48649bd467c297151d45b0,0,S2
R06068,O,,2024,ROBOT,10.1109/robot61475.2024.10797395,Multispectral Image Segmentation in Agriculture: Evaluating Deep Learning Models with Train-Test Split and Cross-Validation Strategies,,,,,,a502caf3a1ec51e834827ba939e8e93f5a13da46,5,S2
R06109,D,,2026,International Conference on Information Security and Cryptology,10.1109/icisc69558.2026.11681323,A Season-Aware Feature Extraction and Hybrid Deep Architecture for Multi-Season Bean Leaf Disease Detection,,,,,,a83abbb67ef5cb17a350a5422f3478620592bf71,0,S2
R06125,W,,2021,Signal Processing and Communications Applications Conference,10.1109/siu53274.2021.9477948,Weed and Crop Classification with Domain Adaptation for Precision Agriculture,,,,,,a963f8411dd9a167e683ab7b019ac434b7cc9040,4,S2
R06128,D,,2024,Conference on Information Technology for Social Good,10.1145/3677525.3678639,Domain-Adaptive TinyML Model for Efficient Pest and Disease Detection in Domestic Crops: A Practical Approach for Developing Countries,,https://dl.acm.org/doi/pdf/10.1145/3677525.3678639?download=true,,,,a967705c45032dd128c451c49c5b63f4ff7eaa0d,8,S2
R06132,O,,2020,Computers and Electronics in Agriculture,10.1016/j.compag.2020.105745,Unsupervised domain adaptation for in-field cotton boll status identification,,,,,W3085572726,aa0eb29053fa2376c97603b5a73fdbf2fdf6a6a5,18,OpenAlex+S2
R06140,D,,2024,2024 IEEE International Conference on Interdisciplinary Approaches in Technology and Management for Social Innovation (IATMSI),10.1109/iatmsi60426.2024.10503427,Mitigating Mustard Downy Mildew Disease: Early Detection and Prevention through a Hybrid CNN-SVM Model,,,,,,aabc6f3e3dba0d76c37b296f2d307e2b6d18888a,0,S2
R06158,M,,2026,Land,10.3390/land15060932,A Geo-AI Framework for Label-Efficient Agricultural Land-Cover Mapping with Climate-Aware Active Learning,,https://doi.org/10.3390/land15060932,,,W7163583350,adbed42eee6e36fda444505611321f2a1818003c,0,OpenAlex+S2
R06188,W,,2026,2026 28th International Conference on Digital Signal Processing and its Applications (DSPA),10.1109/dspa69176.2026.11476792,Staged Training for Robust Crop and Weed Detection Under Temporal Domain Shift Using YOLO26,,,,,,b1120e27192443a24c7f5bc0b86c4eedbf1a1d2f,0,S2
R06202,D,,2025,"2025 5th International Conference on Emerging Research in Electronics, Computer Science and Technology (ICERECT)",10.1109/icerect65215.2025.11375892,Cross-Dataset Generalizable Paddy Leaf Disease Detection via ViT–CNN Fusion and Domain-Specific Preprocessing,,,,,,b2745d60afb893bca755e155375bf33e2bba8a9c,0,S2
R06210,D,,2026,International Conference on Image Processing. Machine Learning and Pattern Recognition,10.1117/12.3122165,Prior-matched dual-branch network for unsupervised domain-adaptive plant disease classification,,,,,,b38a36a83a99ed90f4bcb670d6633ecd98908aa3,0,S2
R06229,D,,2026,International Conference on Information Security and Cryptology,10.1109/icisc69558.2026.11681580,Systematic Evaluation of Cross-Dataset Domain Shift and Shortcut Learning in Lightweight CNNs for Tomato Disease Classification,,,,,,b4e26002b1f22e647a431b458ef67d2ea7ee5fec,0,S2
R06235,M,,2025,2025 IEEE/CVF International Conference on Computer Vision Workshops (ICCVW),10.1109/iccvw69036.2025.00310,"Plantation Bench: A Multiscale, Multimodal Remote Sensing Benchmark for Plantation Mapping Under Distribution Shift",,,,,,b55d5bbf8d35e93c574e5d253cd1601765accca0,0,S2
R06241,D,,2024,2024 5th International Conference for Emerging Technology (INCET),10.1109/incet61516.2024.10593106,Improved Potato Disease Classification: Synergy of CNN and SVM Models,,,,,,b5a24c3fe08c043b7115c44f354b1fd3ad27b4bb,5,S2
R06253,M,,2024,Remote Sensing of Environment,10.1016/j.rse.2024.114385,A source-free unsupervised domain adaptation method for cross-regional and cross-time crop mapping from satellite image time series,,https://doi.org/10.1016/j.rse.2024.114385,,,W4402186214,b64b7da446cd4d7841e300420de92eab141b76b3,38,OpenAlex+S2
R06278,O,,2026,International Conference on Machine Vision,10.1117/12.3096309,Real-time feature recognition of cantaloupe flowers and buds in greenhouse based on deep learning for pollination robot,,,,,,b85c7f9a8c1fa842bfd296141e9b831179558e0f,0,S2
R06281,M,,2025,Italian National Conference on Sensors,10.3390/s26010174,Deep Architectures Fail to Generalize: A Lightweight Alternative for Agricultural Domain Transfer in Hyperspectral Images,,https://doi.org/10.3390/s26010174,,,W4416728813,b887f498b80ebb07f8817695271bfb60050bd73d,1,OpenAlex+S2
R06289,D,,2026,2026 International Conference on Trends in Quantum Computing and Emerging Business Technologies (TQCEBT),10.1109/tqcebt67648.2026.11681930,Bridging the Domain Gap: Advanced Data Augmentation and Domain Adaptation for Robust Plant Disease Detection in Field Conditions,,,,,,b967c2dbe34d25588593240028299729a06e561c,0,S2
R06313,W,,2026,Defense + Security,10.1117/12.3094666,Fundamental vision–language models for crop-weed detection,,,,,,bb9ba6ec1b8f1f690da3ee11c68355fca12d40b2,0,S2
R06319,O,,2021,Journal of Imaging,10.3390/jimaging7100198,Semi-Supervised Domain Adaptation for Holistic Counting under Label Gap,,https://www.mdpi.com/2313-433X/7/10/198/pdf?version=1632913365,,,W3202435087,bc46b9bd454031dc32442d26d235465dd4b23f5b,6,OpenAlex+S2
R06342,W,,2020,IEEE/RJS International Conference on Intelligent RObots and Systems,10.1109/iros45743.2020.9341277,"Unsupervised Domain Adaptation for Transferring Plant Classification Systems to New Field Environments, Crops, and Robots",,,,,,be3c13125a8d301f3aa426a75e2b479546eb607b,36,S2
R06351,M,,2024,Agriculture,10.3390/agriculture14091511,Gini Coefficient-Based Feature Learning for Unsupervised Cross-Domain Classification with Compact Polarimetric SAR Data,,https://doi.org/10.3390/agriculture14091511,,,W4402191432,bf0a245e1723a6a812bf3896abe3af38742ba63b,4,OpenAlex+S2
R06358,W,,2025,2025 IEEE/CVF Conference on Computer Vision and Pattern Recognition Workshops (CVPRW),10.1109/cvprw67362.2025.00539,MaskAdapt: Unsupervised Geometry-Aware Domain Adaptation Using Multimodal Contextual Learning and RGB-Depth Masking,2505.24026,,,,,bf92c007df458146e5df3e36b1b138122182f99e,5,S2
R06372,M,,2025,International Journal of Applied Earth Observation and Geoinformation,10.1016/j.jag.2025.104379,CSTN: A cross-region crop mapping method integrating self-training and contrastive domain adaptation,,https://doi.org/10.1016/j.jag.2025.104379,,,W4407319787,c0ceeeee94225cecb1b9b0927b3d0a702eb71f2a,6,OpenAlex+S2
R06374,D,,2026,Horticulturae,10.3390/horticulturae12040486,Environment-Guided Multimodal Pest Detection and Risk Assessment in Fruit and Vegetable Production Systems,,https://www.mdpi.com/2311-7524/12/4/486/pdf?version=1776342517,,,W7154598487,c0f6d47b43f7a288129f07c74971539489945412,0,OpenAlex+S2
R06392,M,,2024,GIScience &amp; Remote Sensing,10.1080/15481603.2024.2319939,Fine classification of crops based on an inductive transfer learning method with compact polarimetric SAR images,,https://doi.org/10.1080/15481603.2024.2319939,,,W4392110183,c2ec6d1972a7afaf504aaa6e262f569a5f1ae368,12,OpenAlex+S2
R06443,Y,,2022,,,Multi-source Unsupervised Domain Adaptation on Corn Yield Prediction,,,,,,c7ea393c90f60ffa1114b9c20edf29b1bdb394b1,7,S2
R06448,M,,2024,International Conference on Machine Learning and Applications,10.1109/icmla61862.2024.00246,Domain-Invariant Crop Type Mapping Using Transformer-Based Time-Frequency Feature Extraction and Adaptation for Unlabeled Target Regions,,,,,,c84618543b0ad0813c5f03f210c7d59f650478bd,0,S2
R06451,M,,2026,Isprs Journal of Photogrammetry and Remote Sensing,10.1016/j.isprsjprs.2026.06.019,"A source-free unsupervised domain adaptation framework for large-scale, in-season soybean mapping",,https://doi.org/10.1016/j.isprsjprs.2026.06.019,,,W4412648224,c8bac617841c1ad11d01547bbdd6bf3a01b71bd4,0,OpenAlex+S2
R06477,O,,2023,arXiv.org,10.48550/arxiv.2304.01029,Domain Generalization for Crop Segmentation with Knowledge Distillation,,https://arxiv.org/pdf/2304.01029,,,W4362598882,cb0bfcd93bec96a04d296067b7cdfa8bd96b478b,5,OpenAlex+S2
R06479,W,,2025,arXiv.org,10.48550/arxiv.2502.17673,Semi-Supervised Weed Detection in Vegetable Fields: In-domain and Cross-domain Experiments,2502.17673,,,,W4415186563,cb5edbac5b5ccd328bc81c79379d3f7eaf3d8421,4,OpenAlex+S2
R06488,D,,2026,"2026 5th International Symposium on Robotics, Artificial Intelligence and Information Engineering (RAIIE)",10.1109/raiie70320.2026.11566956,Class-Aware Contrastive Learning for Few-Shot Crop Disease Recognition,,,,,,cc78bdc58101642c5d6d3cbd07b9c86f7e4012ae,0,S2
R06492,D,,2025,"IEEE International Conference on Systems, Man and Cybernetics",10.1109/smc58881.2025.11343547,RMNA: ROI-Mixup and Neighborhood Alignment for Cross-Domain Plant Disease Classification,,,,,,ccc6a4213537bc0052e697e33ecdfa29b65072ee,0,S2
R06495,D,,2025,International Symposium on Visual Computing,10.1007/978-3-032-14492-8_20,Abnormality Detection in Maize Fields Using Selective Domain Adaptation-Driven Data Augmentation,,,,,,cd3dd413784fbcd657815f9ec42e39de334c628c,1,S2
R06504,O,,2026,Pattern Analysis and Applications,10.1007/s10044-026-01754-4,OrchardDA-YOLO: a semi-supervised domain adaptation object detection framework for orchard scenarios,,,,,W7203828241,ce506857f4fd9f139429322ef4b1e6ddf7d15822,0,OpenAlex+S2
R06523,O,,2026,,,ST-LoRA: Single Trajectory LoRA Ensemble for Uncertainty Aware Agricultural Segmentation,2608.01530,,,,W7172408582,cff28d301aa6d1e2ae2e0aca8085506afb59c5cf,0,OpenAlex+S2
R06526,W,,2024,2024 IEEE 20th International Conference on Automation Science and Engineering (CASE),10.1109/case59546.2024.10711616,Tackling Environmental Variability: Few Shot Segmentation for Domain-Adaptive Weed Segmentation in Agricultural Robotics,,,,,,d019299012434961592869da27d1d4f9d332f585,1,S2
R06533,P,,2026,International Conference on Agro-Geoinformatics,10.1109/agro-geoinformatics70621.2026.11667499,Benchmarking Geospatial Foundation Models for Field-Scale Crop Green-Up Detection: Alphaearth vs. Prithvi-EO-2.0 with Sentinel-1 SAR Fusion,,,,,,d082c50a9547109afe0e9ae7c3b665d0a3389fac,0,S2
R06540,D,,2026,Plants,10.3390/plants15040623,Research on Lightweight Rose Disease Detection Based on Transferable Feature Representation,,https://www.mdpi.com/2223-7747/15/4/623/pdf?version=1771222011,,,W7129010905,d106da79e50627a7fcf919512623636f5ebce01d,1,OpenAlex+S2
R06547,D,,2025,Asian Conference on Pattern Recognition,10.48550/arxiv.2506.18173,DExNet: Combining Observations of Domain Adapted Critics for Leaf Disease Classification with Limited Data,2506.18173,,,,,d1946ab957ee901a8386ace52cc9170fbe59d392,7,S2
R06576,O,,2025,ECCV Workshops,10.48550/arxiv.2502.15286,Soybean pod and seed counting in both outdoor fields and indoor laboratories using unions of deep neural networks,2502.15286,,,,,d38cb4fa2fa7f83a1c7f934a66fbd3d3c471fc05,2,S2
R06586,P,,2025,2025 IEEE/CVF Conference on Computer Vision and Pattern Recognition Workshops (CVPRW),10.1109/cvprw67362.2025.00536,AGILE: A Diffusion-Based Attention-Guided Image and Label Translation for Efficient Cross-Domain Plant Trait Identification,2503.22019,,,,,d41b878b9b7cdb3c949747bca6f6bd55a8d6922a,4,S2
R06595,M,,2022,IEEE Geoscience and Remote Sensing Letters,10.1109/lgrs.2022.3213679,Orchard Areas Segmentation in Remote Sensing Images via Class Feature Aggregate Discriminator,,,,,W4312918508,d4e68cf76e6f2691db6a25c235343c8467c68557,2,OpenAlex+S2
R06604,W,,2024,Remote Sensing,10.3390/rs16183538,Multispectral UAV Image Classification of Jimson Weed (Datura stramonium L.) in Common Bean (Phaseolus vulgaris L.),,https://doi.org/10.3390/rs16183538,,,W4402765470,d5e5376d2c0781143c1f4be7585271f5a8d478ae,3,OpenAlex+S2
R06617,O,,2026,IEEE Journal on Selected Topics in Signal Processing,10.1109/jstsp.2026.3654362,DepthCropSeg++: Scaling a Crop Segmentation Foundation Model With Depth-Labeled Data,2601.12366,https://arxiv.org/pdf/2601.12366,,,W7124422198,d701bb768a89e77d41d647df6d809171aaf89468,5,OpenAlex+S2
R06635,D,,2026,"2026 International Conference on Electrical, Control and Information Technology (ECITech)",10.1109/ecitech69277.2026.11601587,Dynamic Perturbation Cross-Domain Segmentation Network for Rice False Smut Using UAV imagery,,,,,,d880e05b7d5d54ee2b8ebb6ce1217f4f6daa3fe1,0,S2
R06656,D,,2026,2026 IEEE Guwahati Subsection Conference (GCON),10.1109/gcon69192.2026.11648276,MCB-SwinUNet: attention-gated skip fusion framework for multi-crop leaf lesion segmentation with cross-domain generalization and boundary accuracy,,,,,,dab33a8c1eb2950e8340ab0275401d6cfd5e8572,0,S2
R06667,M,,2026,"ISPRS Annals of the Photogrammetry, Remote Sensing and Spatial Information Sciences",10.5194/isprs-annals-xi-2-2026-865-2026,Utilising embeddings for maps of winter wheat and crop rotation in Henan China during 2018-2024,,https://isprs-annals.copernicus.org/articles/XI-2-2026/865/2026/isprs-annals-XI-2-2026-865-2026.pdf,,,W7167332241,db41d736658be8726fc0366ae28a210aa7296cbd,0,OpenAlex+S2
R06709,D,,2026,Electronics,10.3390/electronics15081762,PrivAgriVolt: Privacy-Preserving Shadow-Aware Vision for Crop Stress Diagnosis in Agrivoltaic Photovoltaic Systems,,https://www.mdpi.com/2079-9292/15/8/1762/pdf?version=1776777942,,,W7155094811,e0ee38204f6be3543f3fe33ce28b25c4e2596294,0,OpenAlex+S2
R06728,M,,2020,,10.1016/j.rse.2020.112048,Mapping crops within the growing season across the United States,,https://doi.org/10.1016/j.rse.2020.112048,,,W3089038181,e2f51b900140b193d9fe96e1e4db70d4b6d12261,102,OpenAlex+S2
R06739,M,,2023,National Remote Sensing Bulletin,10.11834/jrs.20210478,High-resolution cropland extraction in Shandong province using MPSPNet and UNet network,,http://www.ygxb.ac.cn/rc-pub/front/front-article/download?siteId=91&id=19407284&attachType=lowqualitypdf&token=&language=zh,,,,e445e57fbf4cac5f19c1fffc6b04abc9707e14a9,12,S2
R06748,M,,2025,Applied Sciences,10.3390/app15137056,Class-Balanced Random Patch Training to Address Class Imbalance in Tiling-Based Farmland Classification,,https://www.mdpi.com/2076-3417/15/13/7056/pdf?version=1750682457,,,W4411607185,e53f2d396f2fa66ea3552e1515c7a12b9e85e0ae,6,OpenAlex+S2
R06754,O,,2024,Canadian journal of remote sensing,10.1080/07038992.2024.2367479,Enhanced Wheat Head Detection in Images Using Fourier Domain Adaptation and Random Guided Filter,,https://doi.org/10.1080/07038992.2024.2367479,,,W4401032188,e5e396631c895c6534b951b2221e8556728e1adb,2,OpenAlex+S2
R06765,M,,2026,Remote Sensing,10.3390/rs18183210,Cross-Year Crop and Land-Cover Classification with Limited Labels,,https://doi.org/10.3390/rs18183210,,,W7213880579,e73ee385d6cdb288f1ed9160f869922f5bdb0687,0,OpenAlex+S2
R06778,O,,2025,Scientific Reports,10.1038/s41598-025-26225-4,Bridging domain gaps in agricultural 3D point cloud classification using adversarial domain adaptation,,https://www.nature.com/articles/s41598-025-26225-4.pdf,,,W4416666788,e8354f1fe49750da3724fd3d16c4a0101f1ce4bb,6,OpenAlex+S2
R06790,D,,2026,2026 IEEE International Conference on Emerging Computing and Intelligent Technologies (ICoECIT),10.1109/icoecit68303.2026.11497206,UAV-assisted MinMax Entropy and Artificial Intelligence-based Semi Supervised Domain Adaptation Approach for Rice Disease Detection,,,,,,e8f989ff7ff10527045d258619619b4acf314533,0,S2
R06793,M,,2025,International Journal of Applied Earth Observation and Geoinformation,10.1016/j.jag.2025.104795,CR-CLCD: A cross-regional cropland change detection framework with multi-view domain adaptation for high-resolution satellite imagery,,https://doi.org/10.1016/j.jag.2025.104795,,,W4413274258,e94f7961e281043f0039092f64999aa99cebeac3,2,OpenAlex+S2
R06823,O,,2025,2025 IEEE/CVF International Conference on Computer Vision Workshops (ICCVW),10.1109/iccvw69036.2025.00736,AgMIC: Agricultural Masked Image Consistency for Cross-Domain Segmentation,,,,,,ebf0bbd831fc82821fabee39cf34634642569660,1,S2
R06839,O,,2023,2023 IEEE Conference on AgriFood Electronics (CAFE),10.1109/cafe58535.2023.10291910,Coffee Crop Detection from UAS Orthomaps with Convolutional Neural Networks,,,,,,ed2b5d5b215c8fb7df2472a1e6e6e9330bcf7188,2,S2
R06868,Y,,2026,Frontiers in Plant Science,10.3389/fpls.2026.1911934,Multitask ST-LSTM model based on UAV hyperspectral remote sensing for wheat yield prediction,,https://www.frontiersin.org/journals/plant-science/articles/10.3389/fpls.2026.1911934/pdf,,,W7204117947,f07bf41a17950fe0827d2bd79f7d9cac4fdf6487,0,OpenAlex+S2
R06871,P,,2024,Conference on Computer Science and Information Systems,10.15439/2024f4108,Towards crop traits estimation from hyperspectral data: evaluation of neural network models trained with real multi-site data or synthetic RTM simulations,,https://annals-csis.org/Volume_39/drp/pdf/4108.pdf,,,,f0c4c8af87c3347f737f6eafb10992c0a50aad45,2,S2
R06875,M,,2021,2021 IEEE/CVF Conference on Computer Vision and Pattern Recognition Workshops (CVPRW),10.1109/cvprw53098.2021.00329,Phenology Alignment Network: A Novel Framework for Cross-Regional Time Series Crop Classification,,,,,,f104854bc499561f9d1eca3a489724e5e75b76cc,19,S2
R06894,D,,2024,Biosystems Engineering,10.1016/j.biosystemseng.2024.10.005,An effective unsupervised domain adaptation for in-field potato disease recognition,,,,,W4403666467,f2e607dbf0e10fd8d8efbfff3645da798d8c37ae,1,OpenAlex+S2
R06897,M,,2025,2025 IEEE/CVF Conference on Computer Vision and Pattern Recognition Workshops (CVPRW),10.1109/cvprw67362.2025.00211,Task-Informed Meta-Learning for Remote Sensing,,,,,,f355c1264749a4468de83bd588dab28456714c7f,3,S2
R06898,D,,2026,Applied Sciences,10.3390/app16073520,Improved Unsupervised Domain Generalization by Leaf-Bridge for Soybean Leaf Disease Identification,,https://www.mdpi.com/2076-3417/16/7/3520/pdf?version=1775221351,,,W7150081153,f3689a1a8a71c1434e5ca26bfe8725edb5d3fba1,0,OpenAlex+S2
R06899,W,,2021,Iberoamerican Congress on Pattern Recognition,10.1007/978-3-030-93420-0_14,Low-Cost Domain Adaptation for Crop and Weed Segmentation,,,,,,f36911c135d02e25a717700257bf3b1124b7cc9d,6,S2
R06901,W,,2025,International Conference on Artificial Intelligence and Soft Computing,10.1007/978-3-032-03708-4_1,An Autonomous Weeding Robot with Novel Unsupervised Domain Adaptation,,,,,,f3993c69e0982bc7cd234c0e6769da6fc96e57cf,0,S2
R06920,D,,2025,2025 IEEE International Conference on Computing (ICOCO),10.1109/icoco67189.2025.11334147,Vision Transformer with Explainable AI for Cross-Regional Rice Leaf Disease Detection: A Comparative Study with CNNs,,,,,,f517a833c7a2f0e9190ebd16fe462d05398e93b9,1,S2
R06925,M,,2026,2026 International Conference on Machine Intelligence for GeoAnalytics and Remote Sensing (MIGARS),10.1109/migars72065.2026.11689206,Evaluating Temporal Deep Learning and Tree-Based Models for Rice Irrigation-Practice Classification,,,,,,f57189beb02d05a1fe51d821f36a4e3582812d48,0,S2
R06967,D,,2025,Computers and Electronics in Agriculture,10.1016/j.compag.2025.110473,Unsupervised domain adaptation semantic segmentation method for wheat disease detection based on UAV multispectral images,,,,,W4410020268,f9363ba6d65c52743c93d4effe5d0a56a8e7ad21,12,OpenAlex+S2
R06982,D,,2023,Acta Horticulturae,10.17660/actahortic.2023.1360.8,Deep learning-based open set domain adaptation for plant disease recognition across multiple greenhouse scenarios,,,,,,fa78013c1fa627951ac8a48c416bb49825e0d096,3,S2
R06991,D,,2026,2026 IEEE/CVF Winter Conference on Applications of Computer Vision Workshops (WACVW),10.1109/wacvw68408.2026.00092,Bridging the Domain Gap in Agricultural Vision: Parameter-Efficient VLM Adaptation via Expert Descriptions,,,,,,fb1bfaefe6834659de235f49ed709410221a4f16,0,S2
R07004,O,,2022,2022 5th International Conference on Pattern Recognition and Artificial Intelligence (PRAI),10.1109/prai55851.2022.9904111,Research on Automatic Extraction of Tobacco Plants Based on U2-Net of Convolutional Block Attention Module and UAV Visible Images,,,,,,fc48cfb72dc0cc5744ca6d0aeb93e224ede2547f,0,S2
R07006,D,,2023,Plant Phenomics,10.34133/plantphenomics.0068,"Efficient Noninvasive FHB Estimation using RGB Images from a Novel Multiyear, Multirater Dataset",,https://spj.science.org/doi/pdf/10.34133/plantphenomics.0068?download=true,,,W4381547634,fc9b7ffab8e248e0e8ff7cb2d543640fb1da9dfd,13,OpenAlex+S2
R07008,O,,2025,Asia-Pacific Signal and Information Processing Association Annual Summit and Conference,10.1109/apsipaasc65261.2025.11249182,Pixel-Weighted Domain Adaptation for Agricultural Segmentation,,,,,,fce0d793d21f98bbfd147c1a584b6ad059a38b30,0,S2
R07014,W,,2026,IEEE Access,10.48550/arxiv.2607.11366,Self-supervised training for high-resolution close-range multispectral remote sensing imagery,2607.11366,,,,W7168276144,fd7d2a382118714efba2ac3eaa27b19b9aa7c5b9,0,OpenAlex+S2
R07032,O,,2020,International Conference on Machine Vision,10.1117/12.2559514,Unsupervised domain adaptation for DNN-based automated harvesting,,,,,,ff7def9a401444f9022693afbfbf462a02ff7899,9,S2
R07037,M,,2023,Remote Sensing of Environment,10.1016/j.rse.2023.113496,Rapid early-season maize mapping without crop labels,,,,https://doi.org/10.1016/j.rse.2023.113496,W4360797032,,126,OpenAlex
R07040,M,,2022,ISPRS Journal of Photogrammetry and Remote Sensing,10.1016/j.isprsjprs.2022.09.010,Cross-phenological-region crop mapping framework using Sentinel-2 time series Imagery: A new perspective for winter crops in China,,,,https://doi.org/10.1016/j.isprsjprs.2022.09.010,W4297369021,,52,OpenAlex
R07062,O,,2025,Results in Engineering,10.1016/j.rineng.2025.108833,From vineyard to vision: Multi-domain analysis and mitigation of grape cluster detection failures in complex viticultural environments,,,https://doi.org/10.1016/j.rineng.2025.108833,https://doi.org/10.1016/j.rineng.2025.108833,W4417529129,,32,OpenAlex
R07069,D,,2026,Computers and Electronics in Agriculture,10.1016/j.compag.2026.111862,"Generative diffusion models for agricultural AI: Plant image generation, indoor-to-outdoor translation, and expert preference alignment",,,https://doi.org/10.1016/j.compag.2026.111862,https://doi.org/10.1016/j.compag.2026.111862,W7161249613,,4,OpenAlex
R07070,M,,2025,Journal of Remote Sensing,10.34133/remotesensing.0439,Unsupervised Cross-Regional and Cross-Year Adaptation by Climate Indicator Discrepancy for Crop Classification,,,https://doi.org/10.34133/remotesensing.0439,https://doi.org/10.34133/remotesensing.0439,W4406759236,,11,OpenAlex
R07081,Y,,2026,Smart Agricultural Technology,10.1016/j.atech.2026.102355,Cross-season candidate enrichment in potato breeding using a multi-temporal UAV-based 3D phenotyping framework,,,https://doi.org/10.1016/j.atech.2026.102355,https://doi.org/10.1016/j.atech.2026.102355,W7166451249,,1,OpenAlex
R07087,M,,2024,Earth System Science Data Discussions,10.5194/essd-2024-372,PMF-LP: the first 10 m plastic-mulched farmland distribution map (2019–2021) in the Loess Plateau of China generated using training sample generation and classifier transfer method,,,https://doi.org/10.5194/essd-2024-372,https://doi.org/10.5194/essd-2024-372,W4403315559,,2,OpenAlex
R07116,D,,2025,Computers and Electronics in Agriculture,10.1016/j.compag.2025.110081,A domain adaptive wheat scab detection method for UAV images,,,,https://doi.org/10.1016/j.compag.2025.110081,W4408162705,,7,OpenAlex
R07125,D,R06898,2025,SSRN Electronic Journal,10.2139/ssrn.5141393,Improved Unsupervised Domain Generalization by Leaf-Bridge For Soybean Leaf Diseases Classification,,,https://doi.org/10.2139/ssrn.5141393,https://doi.org/10.2139/ssrn.5141393,W4407625590,,0,OpenAlex
R07127,D,,2026,Journal of Integrative Agriculture,10.1016/j.jia.2026.04.010,Screening elite bacterial blight (BB) resistant wild rice germplasm for breeding: An AI-driven approach,,,https://doi.org/10.1016/j.jia.2026.04.010,https://doi.org/10.1016/j.jia.2026.04.010,W7154387753,,1,OpenAlex
R07128,D,,2024,Crop Protection,10.1016/j.cropro.2024.106690,Cross-dataset discriminant subspace learning algorithm for apple leaf diseases identification,,,,https://doi.org/10.1016/j.cropro.2024.106690,W4394823651,,1,OpenAlex
R07131,D,,2026,Zenodo (CERN European Organization for Nuclear Research),10.5281/zenodo.21866610,Interaction of INT8 Post-Training Quantization and Lab-to-Field Domain Shift in Edge Crop-Disease Classification,,,https://doi.org/10.5281/zenodo.21866610,https://doi.org/10.5281/zenodo.21866610,W7202115775,,0,OpenAlex
R07133,W,,2026,,10.13140/rg.2.2.29699.98086,Optimizing Lightweight YOLO for Precision Agriculture: Domain Adaptation and XAI for Crop and Weed Detection,,,https://doi.org/10.13140/rg.2.2.29699.98086,https://doi.org/10.13140/rg.2.2.29699.98086,W7140042815,,0,OpenAlex
R07138,D,,2025,Results in Engineering,10.1016/j.rineng.2025.108118,Domain-aligned feature extraction with Mobilenetv2-GRL and KNN for wheat leaf disease detection,,,https://doi.org/10.1016/j.rineng.2025.108118,https://doi.org/10.1016/j.rineng.2025.108118,W4416024718,,1,OpenAlex
R07151,M,,2024,SSRN Electronic Journal,10.2139/ssrn.4851453,"A Robust, Rapid, and Automated Framework for Plastic-Mulched Farmland Distribution Mapping Based on Training Sample Generation and Classifier Transfer Across the Loess Plateau of China",,,https://doi.org/10.2139/ssrn.4851453,https://doi.org/10.2139/ssrn.4851453,W4399273948,,0,OpenAlex
R07161,M,R06372,2024,SSRN Electronic Journal,10.2139/ssrn.4979333,Cstn: A Cross-Region Crop Mapping Framework Integrating Self-Training and Contrastive Domain Adaptation,,,https://doi.org/10.2139/ssrn.4979333,https://doi.org/10.2139/ssrn.4979333,W4403175453,,0,OpenAlex
R07165,D,,2026,SSRN Electronic Journal,10.2139/ssrn.7434488,Disentangle Before You Align: A Method-Independent Evaluation of Domain Generalization for Cross-Crop Pest and Disease Recognition,,,https://doi.org/10.2139/ssrn.7434488,https://doi.org/10.2139/ssrn.7434488,W7211944578,,0,OpenAlex
R07166,D,,2026,Smart Agricultural Technology,10.1016/j.atech.2026.102531,From laboratory to field: Frozen foundation-model features toward robust plant disease recognition,,https://www.sciencedirect.com/science/article/pii/S2772375526007562/pdf,https://www.sciencedirect.com/science/article/pii/S2772375526007562/pdf,https://doi.org/10.1016/j.atech.2026.102531,W7206160003,,0,OpenAlex
R07170,D,,2026,SSRN Electronic Journal,10.2139/ssrn.6835322,CD-APDM: Domain Adaptation with Long-Tail Handling for Real-Field Agricultural Pest and Disease Detection,,,https://doi.org/10.2139/ssrn.6835322,https://doi.org/10.2139/ssrn.6835322,W7162461353,,0,OpenAlex
R07172,M,,2026,ISPRS Journal of Photogrammetry and Remote Sensing,10.1016/j.isprsjprs.2026.08.029,SAF-CropNet: Spatially adaptive fusion of SAR and optical imagery for semantic segmentation in operational cropland mapping across regions,,,https://doi.org/10.1016/j.isprsjprs.2026.08.029,https://doi.org/10.1016/j.isprsjprs.2026.08.029,W7213463520,,0,OpenAlex
R07175,D,,2026,,10.13140/rg.2.2.19541.38889,Leveraging Temporal Distribution Shifts for Rice Disease Detection,,,https://doi.org/10.13140/rg.2.2.19541.38889,https://doi.org/10.13140/rg.2.2.19541.38889,W7162135587,,0,OpenAlex
R07184,D,,2026,SSRN Electronic Journal,10.2139/ssrn.7228922,Auditing the Hidden Pitfalls of Foundation-Model-Assisted Annotation in Agricultural Vision: A Cross-Domain Stress Test on Bean Leaf Disease Detection,,,https://doi.org/10.2139/ssrn.7228922,https://doi.org/10.2139/ssrn.7228922,W7202035808,,0,OpenAlex
R07197,D,,2025,Expert Systems with Applications,10.1016/j.eswa.2025.129550,HFE-Net: A lightweight cross-layer hybrid feature enhancement network for efficient Hemerocallis citrina leaf disease detection and generalization,,,,https://doi.org/10.1016/j.eswa.2025.129550,W4413840523,,1,OpenAlex
R07201,O,,2025,Computers and Electronics in Agriculture,10.1016/j.compag.2025.111195,Cross-phenological domain adaptation for early-stage peach detection,,,,https://doi.org/10.1016/j.compag.2025.111195,W4416032874,,0,OpenAlex
R07213,O,,2026,Smart Agricultural Technology,10.1016/j.atech.2026.102513,Developing a generalized plant stand count model based on transfer learning,,,https://doi.org/10.1016/j.atech.2026.102513,https://doi.org/10.1016/j.atech.2026.102513,W7204206691,,0,OpenAlex
R07217,O,,2026,Engineering Applications of Artificial Intelligence,10.1016/j.engappai.2026.115643,A framework for unsupervised cross-weather object detection of pears in complex environments,,,,https://doi.org/10.1016/j.engappai.2026.115643,W7167824525,,0,OpenAlex
R07223,M,,2026,International Journal of Applied Earth Observation and Geoinformation,10.1016/j.jag.2026.105357,Assessing the value of advanced Sentinel-1 SLC features for multimodal time-series crop mapping,,,https://doi.org/10.1016/j.jag.2026.105357,https://doi.org/10.1016/j.jag.2026.105357,W7162095794,,0,OpenAlex
R07231,M,,2026,International Journal of Applied Earth Observation and Geoinformation,10.1016/j.jag.2026.105579,DATerra: Boundary and structure aware domain adaptation for cross-regional terraced parcel extraction,,,https://doi.org/10.1016/j.jag.2026.105579,https://doi.org/10.1016/j.jag.2026.105579,W7213262210,,0,OpenAlex
R07251,D,,2026,Computers and Electronics in Agriculture,10.1016/j.compag.2026.112429,MMTA-ACDD: Multi-teacher online adaptive learning and multimodal augmentation synergy for robust crop disease detection,,,https://doi.org/10.1016/j.compag.2026.112429,https://doi.org/10.1016/j.compag.2026.112429,W7213546000,,0,OpenAlex
R07255,O,,2026,Artificial Intelligence in Agriculture,10.1016/j.aiia.2026.08.010,GeoSphere-DETR: RGB-D citrus fruit detection in cluttered orchards via geometry-gated fusion and geometry-aware confidence recalibration,,https://www.sciencedirect.com/science/article/pii/S2589721726000942/pdf,https://www.sciencedirect.com/science/article/pii/S2589721726000942/pdf,https://doi.org/10.1016/j.aiia.2026.08.010,W7204043369,,0,OpenAlex
R07285,M,,2026,SSRN Electronic Journal,10.2139/ssrn.6685528,Evaluating Self-Supervised and Supervised Methods for Cross-Scene Generalization in Agricultural Hyperspectral Data,,,https://doi.org/10.2139/ssrn.6685528,https://doi.org/10.2139/ssrn.6685528,W7160066569,,0,OpenAlex
R07321,M,,2026,Neurocomputing,10.1016/j.neucom.2026.134836,RS-prompt: Prompt-driven domain-incremental learning framework for remote sensing farmland segmentation,,,,https://doi.org/10.1016/j.neucom.2026.134836,W7203634018,,0,OpenAlex
R07372,D,,2026,Smart Agricultural Technology,10.1016/j.atech.2026.102535,Continual learning model evaluation for hyperspectral-based tomato bacterial spot detection in greenhouse,,,https://doi.org/10.1016/j.atech.2026.102535,https://doi.org/10.1016/j.atech.2026.102535,W7207729517,,0,OpenAlex
R07395,D,,2026,International journal of intelligent engineering and systems,10.22266/ijies2026.0831.70,Efficient Maize Leaf Disease Classification via EfficientNetV2-S and Attention-augmented BiLSTM with Pareto-optimal Binary Aquila Optimizer Feature Selection and Kernel Extreme Learning Machine,,https://doi.org/10.22266/ijies2026.0831.70,https://doi.org/10.22266/ijies2026.0831.70,https://doi.org/10.22266/ijies2026.0831.70,W7171544363,,0,OpenAlex
R07405,P,,2026,Artificial Intelligence in Agriculture,10.1016/j.aiia.2026.07.011,Real-time onboard rice lodging direction regression on combine harvesters via physics-prior-guided vision mamba,,,https://doi.org/10.1016/j.aiia.2026.07.011,https://doi.org/10.1016/j.aiia.2026.07.011,W7201971490,,0,OpenAlex
R07411,O,,2026,Applied Fruit Science,10.1007/s10341-026-01810-7,Detection of Oranges on Trees Across Diverse Field Conditions Using YOLOV11 Models,,,,https://doi.org/10.1007/s10341-026-01810-7,W7140191117,,1,OpenAlex
R07437,O,,2026,Smart Agricultural Technology,10.1016/j.atech.2026.102560,Sugar beet localization and damage detection during harvesting,,,https://doi.org/10.1016/j.atech.2026.102560,https://doi.org/10.1016/j.atech.2026.102560,W7212228233,,0,OpenAlex
R07524,D,,2026,SSRN Electronic Journal,10.2139/ssrn.7467807,Physics-Guided Cross-Attention for Spatial Generalization in Satellite-Based Date Palm Stress Detection,,,https://doi.org/10.2139/ssrn.7467807,https://doi.org/10.2139/ssrn.7467807,W7213240263,,0,OpenAlex
